date,open_price,close_price,price_change_pct,liquidations_tradfi_adjusted,avg_health_factor,avg_effective_ltv,reductions_applied_today,unique_liquidated_today
2015-08-07 00:00:00+00:00,2.0,2.83,41.5,0,1.5468232852859778,0.4854000000000001,500,0
2015-08-08 00:00:00+00:00,2.83,1.33,-53.003533568904594,500,0.7867180037657366,0.4842000000000001,500,500
2015-08-10 00:00:00+00:00,1.33,0.687585709,-48.30182639097744,500,0.863393665266858,0.48360000000000003,500,500
2015-08-11 00:00:00+00:00,0.687585709,1.067378879,55.23575679784817,0,1.542497711722588,0.48680000000000007,500,0
2015-08-12 00:00:00+00:00,1.067378879,1.256613175,17.728877694983876,0,1.5252596016227518,0.4850000000000001,500,0
2015-08-13 00:00:00+00:00,1.256613175,1.825395446,45.263115357675595,0,1.5486684960619392,0.4852,500,0
2015-08-14 00:00:00+00:00,1.825395446,1.825974891,0.031743532683277405,0,1.4550631250350312,0.48560000000000003,500,0
2015-08-15 00:00:00+00:00,1.825974891,1.67,-8.542006342408136,0,1.393512835398288,0.48500000000000004,500,0
2015-08-16 00:00:00+00:00,1.67,1.476607254,-11.580403952095809,0,1.3625735541267159,0.48640000000000005,500,0
2015-08-17 00:00:00+00:00,1.476607254,1.2,-18.73262191084969,0,1.2916943496927142,0.4842,500,0
2015-08-18 00:00:00+00:00,1.2,1.281393052,6.782754333333345,0,1.4848722248660962,0.4874000000000001,500,0
2015-08-19 00:00:00+00:00,1.281393052,1.252738652,-2.2361913040870918,0,1.4399410219731639,0.48580000000000007,500,0
2015-08-20 00:00:00+00:00,1.252738652,1.484195074,18.476034217550446,0,1.521538570828306,0.48680000000000007,500,0
2015-08-21 00:00:00+00:00,1.484195074,1.41,-4.999010931901269,0,1.4119007478043737,0.48880000000000007,500,0
2015-08-22 00:00:00+00:00,1.41,1.380721536,-2.076486808510631,0,1.4460015752634359,0.48400000000000004,500,0
2015-08-23 00:00:00+00:00,1.380721536,1.3551821,-1.8497166397497316,0,1.4553130222108301,0.48120000000000007,500,0
2015-08-24 00:00:00+00:00,1.3551821,1.25,-7.761473531859663,0,1.402057475230058,0.4842,500,0
2015-08-25 00:00:00+00:00,1.25,1.160828328,-7.133733759999998,0,1.4094399484251476,0.48360000000000003,500,0
2015-08-26 00:00:00+00:00,1.160828328,1.119639156,-3.5482569650040396,0,1.4423306274925696,0.48160000000000003,500,0
2015-08-27 00:00:00+00:00,1.119639156,1.133690694,1.2550059476483617,0,1.45264399683757,0.48900000000000005,500,0
2015-08-28 00:00:00+00:00,1.133690694,1.188895699,4.869494412556227,0,1.487858085801937,0.48340000000000005,500,0
2015-08-29 00:00:00+00:00,1.188895699,1.174343905,-1.223975661804455,0,1.4342651585681692,0.4902,500,0
2015-08-30 00:00:00+00:00,1.174343905,1.32235088,12.603375754736849,0,1.522019174209362,0.48200000000000004,500,0
2015-08-31 00:00:00+00:00,1.32235088,1.353368417,2.3456359026282114,0,1.4776382078006476,0.4824000000000001,500,0
2015-09-01 00:00:00+00:00,1.353368417,1.350786689,-0.1907631334949355,0,1.4508733884523326,0.4866000000000001,500,0
2015-09-02 00:00:00+00:00,1.350786689,1.278810765,-5.328444867433838,0,1.415523759278295,0.48660000000000003,500,0
2015-09-03 00:00:00+00:00,1.278810765,1.26277072,-1.2542938673182034,0,1.4497408660130762,0.48460000000000003,500,0
2015-09-04 00:00:00+00:00,1.26277072,1.2695201,0.5344897449000106,0,1.4677547433226683,0.4822000000000001,500,0
2015-09-05 00:00:00+00:00,1.2695201,1.334976229,5.155974214193219,0,1.4775960920208242,0.4874,500,0
2015-09-06 00:00:00+00:00,1.334976229,1.3,-2.619988898693714,0,1.4395642942570912,0.48500000000000004,500,0
2015-09-07 00:00:00+00:00,1.3,1.25622344,-3.3674276923076896,0,1.4398732433804777,0.48300000000000004,500,0
2015-09-08 00:00:00+00:00,1.25622344,1.236033261,-1.607212408009206,0,1.4597240244377563,0.48020000000000007,500,0
2015-09-09 00:00:00+00:00,1.236033261,1.206529945,-2.386935443479138,0,1.448296573783031,0.48240000000000005,500,0
2015-09-10 00:00:00+00:00,1.206529945,1.167234841,-3.2568693518833487,0,1.4284643577095053,0.4874000000000001,500,0
2015-09-11 00:00:00+00:00,1.167234841,0.976509093,-16.33996358749884,0,1.321342370442268,0.48300000000000004,500,0
2015-09-12 00:00:00+00:00,0.976509093,1.038203585,6.317861496861657,0,1.4776463538576863,0.4892,500,0
2015-09-13 00:00:00+00:00,1.038203585,0.93865215,-9.588816339908899,0,1.3840800522115737,0.4852,500,0
2015-09-14 00:00:00+00:00,0.93865215,0.87,-7.313907500238509,0,1.4062974152791545,0.4842,500,0
2015-09-15 00:00:00+00:00,0.87,0.941823186,8.25553862068966,0,1.496724213539979,0.4854000000000001,500,0
2015-09-16 00:00:00+00:00,0.941823186,0.90321992,-4.098780596382565,0,1.415681020896532,0.48980000000000007,500,0
2015-09-17 00:00:00+00:00,0.90321992,0.883078729,-2.2299321077861087,0,1.4383073090121645,0.48640000000000005,500,0
2015-09-18 00:00:00+00:00,0.883078729,0.846070919,-4.190771307775433,0,1.4343603679947712,0.48280000000000006,500,0
2015-09-19 00:00:00+00:00,0.846070919,0.8821038,4.2588487786093046,0,1.479617971254283,0.4852,500,0
2015-09-20 00:00:00+00:00,0.8821038,0.936327761,6.147117946890155,0,1.490327566466256,0.48460000000000003,500,0
2015-09-21 00:00:00+00:00,0.936327761,0.901092879,-3.763092740342238,0,1.436529639016722,0.4832,500,0
2015-09-22 00:00:00+00:00,0.901092879,0.897142265,-0.43842472758015916,0,1.4577947505546982,0.4836000000000001,500,0
2015-09-23 00:00:00+00:00,0.897142265,0.894047522,-0.34495565761802677,0,1.4499093481483358,0.48660000000000003,500,0
2015-09-24 00:00:00+00:00,0.894047522,0.816037308,-8.725510901869047,0,1.3905674182117955,0.48540000000000005,500,0
2015-09-25 00:00:00+00:00,0.816037308,0.7405193,-9.25423473408154,0,1.385710367214125,0.4854000000000001,500,0
2015-09-26 00:00:00+00:00,0.7405193,0.777801499,5.034601934075177,0,1.4729219118091523,0.48880000000000007,500,0
2015-09-27 00:00:00+00:00,0.777801499,0.721358423,-7.256745592875231,0,1.3971943928315536,0.48780000000000007,500,0
2015-09-28 00:00:00+00:00,0.721358423,0.583057005,-19.17235781691288,0,1.2838903206814312,0.4854000000000001,500,0
2015-09-29 00:00:00+00:00,0.583057005,0.66,13.196478961778363,0,1.5207088021221713,0.48300000000000004,500,0
2015-09-30 00:00:00+00:00,0.66,0.734763054,11.327735454545444,0,1.5111596101449098,0.4842,500,0
2015-10-01 00:00:00+00:00,0.734763054,0.68581219,-6.6621292038997835,0,1.3997190802580812,0.48880000000000007,500,0
2015-10-02 00:00:00+00:00,0.68581219,0.676221734,-1.3984085059788862,0,1.4505211852973467,0.4840000000000001,500,0
2015-10-03 00:00:00+00:00,0.676221734,0.687475758,1.6642505607487743,0,1.4812395361096948,0.47980000000000006,500,0
2015-10-04 00:00:00+00:00,0.687475758,0.667546858,-2.8988513075685827,0,1.4403753368977579,0.484,500,0
2015-10-05 00:00:00+00:00,0.667546858,0.628255074,-5.8859963954770045,0,1.42055781749673,0.48300000000000004,500,0
2015-10-06 00:00:00+00:00,0.628255074,0.65,3.4611620184065552,0,1.4796212323273972,0.48380000000000006,500,0
2015-10-07 00:00:00+00:00,0.65,0.610012697,-6.151892769230765,0,1.4069643495743418,0.48740000000000006,500,0
2015-10-08 00:00:00+00:00,0.610012697,0.623483302,2.208249937459903,0,1.467727727182601,0.48560000000000003,500,0
2015-10-09 00:00:00+00:00,0.623483302,0.65,4.252992488321685,0,1.47900948491853,0.48540000000000005,500,0
2015-10-10 00:00:00+00:00,0.65,0.629794942,-3.1084704615384697,0,1.4283322076017884,0.48780000000000007,500,0
2015-10-11 00:00:00+00:00,0.629794942,0.637043981,1.1510157539499688,0,1.453185467902178,0.48860000000000003,500,0
2015-10-12 00:00:00+00:00,0.637043981,0.63,-1.1057291505906297,0,1.4394919002620177,0.4886000000000001,500,0
2015-10-13 00:00:00+00:00,0.63,0.602627272,-4.344877460317463,0,1.434781847176824,0.4822000000000001,500,0
2015-10-14 00:00:00+00:00,0.602627272,0.52,-13.711173695438061,0,1.340499904190014,0.4868,500,0
2015-10-15 00:00:00+00:00,0.52,0.561499004,7.980577692307682,0,1.5069131945171048,0.48160000000000003,500,0
2015-10-16 00:00:00+00:00,0.561499004,0.53314802,-5.049160158439038,0,1.4229825496918393,0.48460000000000003,500,0
2015-10-17 00:00:00+00:00,0.53314802,0.549028309,2.9785891355275123,0,1.4730396548008826,0.4852,500,0
2015-10-18 00:00:00+00:00,0.549028309,0.518444547,-5.570525508184682,0,1.418453148672965,0.48480000000000006,500,0
2015-10-19 00:00:00+00:00,0.518444547,0.487067298,-6.052189994391049,0,1.4117252694695992,0.486,500,0
2015-10-20 00:00:00+00:00,0.487067298,0.432978599,-11.104974450573762,0,1.3740000729434962,0.4834000000000001,500,0
2015-10-21 00:00:00+00:00,0.432978599,0.439768974,1.56829344814799,0,1.465850043213268,0.48500000000000004,500,0
2015-10-22 00:00:00+00:00,0.439768974,0.565461507,28.581491744799624,0,1.541454923955493,0.485,500,0
2015-10-23 00:00:00+00:00,0.565461507,0.54,-4.5027834228864565,0,1.4276525444460457,0.48440000000000005,500,0
2015-10-24 00:00:00+00:00,0.54,0.568573769,5.291438703703697,0,1.4956428138003166,0.4814000000000001,500,0
2015-10-25 00:00:00+00:00,0.568573769,0.631938809,11.144559150423976,0,1.5098394209592234,0.48440000000000005,500,0
2015-10-26 00:00:00+00:00,0.631938809,0.74395791,17.726257575043157,0,1.5251929431910938,0.4852,500,0
2015-10-27 00:00:00+00:00,0.74395791,0.85445525,14.852633262545725,0,1.5264595938223837,0.4824000000000001,500,0
2015-10-28 00:00:00+00:00,0.85445525,1.010409721,18.251917932507293,0,1.5167666182592165,0.48840000000000006,500,0
2015-10-29 00:00:00+00:00,1.010409721,1.163748636,15.17591446450464,0,1.5209265053267917,0.4846000000000001,500,0
2015-10-30 00:00:00+00:00,1.163748636,1.041849055,-10.474734597239957,0,1.3810394154029224,0.48300000000000004,500,0
2015-10-31 00:00:00+00:00,1.041849055,0.907091628,-12.934448263237128,0,1.3524621166249033,0.48500000000000004,500,0
2015-11-01 00:00:00+00:00,0.907091628,1.058541941,16.69625298316612,0,1.5308388686390118,0.48260000000000003,500,0
2015-11-02 00:00:00+00:00,1.058541941,0.95504586,-9.777230073871968,0,1.3770855119851528,0.4872,500,0
2015-11-03 00:00:00+00:00,0.95504586,1.002344803,4.952531075314009,0,1.4818891218299868,0.48560000000000003,500,0
2015-11-04 00:00:00+00:00,1.002344803,0.901808661,-10.030095601742742,0,1.3819078253155737,0.48440000000000005,500,0
2015-11-05 00:00:00+00:00,0.901808661,0.91,0.908323389899226,0,1.4614449847800555,0.4852,500,0
2015-11-06 00:00:00+00:00,0.91,0.909442199,-0.061296813186815874,0,1.4573197662121182,0.48460000000000003,500,0
2015-11-07 00:00:00+00:00,0.909442199,0.92,1.1609095126231361,0,1.4577885987372718,0.487,500,0
2015-11-08 00:00:00+00:00,0.92,1.030499514,12.010816739130425,0,1.5084516123200442,0.48600000000000004,500,0
2015-11-09 00:00:00+00:00,1.030499514,0.995802985,-3.3669621895619812,0,1.4364298071369337,0.4842,500,0
2015-11-10 00:00:00+00:00,0.995802985,0.934834222,-6.122572830006127,0,1.4129306958069747,0.48540000000000005,500,0
2015-11-11 00:00:00+00:00,0.934834222,0.788761177,-15.62555601435823,0,1.3274571853154353,0.48360000000000003,500,0
2015-11-12 00:00:00+00:00,0.788761177,0.9,14.102978980670594,0,1.5311193581454214,0.48020000000000007,500,0
2015-11-13 00:00:00+00:00,0.9,0.904081558,0.45350644444444277,0,1.4587526696790478,0.4852,500,0
2015-11-14 00:00:00+00:00,0.904081558,0.884228905,-2.195891822405701,0,1.4451954804174745,0.48400000000000004,500,0
2015-11-15 00:00:00+00:00,0.884228905,0.910825548,3.007891152348168,0,1.4812406694080915,0.4824000000000001,500,0
2015-11-16 00:00:00+00:00,0.910825548,0.933840784,2.5268544619260056,0,1.4683398319850276,0.486,500,0
2015-11-17 00:00:00+00:00,0.933840784,0.995273358,6.578484796611754,0,1.5015280199068102,0.4814000000000001,500,0
2015-11-18 00:00:00+00:00,0.995273358,0.99442858,-0.08487899261139933,0,1.4611318942303095,0.4832,500,0
2015-11-19 00:00:00+00:00,0.99442858,0.951471289,-4.319796500619482,0,1.4338667496635644,0.48260000000000003,500,0
2015-11-20 00:00:00+00:00,0.951471289,0.926803119,-2.5926341956073453,0,1.4414399027147937,0.48440000000000005,500,0
2015-11-21 00:00:00+00:00,0.926803119,0.973572434,5.046305309207751,0,1.4793521748891894,0.48660000000000003,500,0
2015-11-22 00:00:00+00:00,0.973572434,0.96,-1.3940856916250852,0,1.4539142081056968,0.48280000000000006,500,0
2015-11-23 00:00:00+00:00,0.96,0.945220336,-1.5395483333333304,0,1.4485074844092938,0.48440000000000005,500,0
2015-11-24 00:00:00+00:00,0.945220336,0.899361135,-4.851694282633373,0,1.421586080438079,0.4856000000000001,500,0
2015-11-25 00:00:00+00:00,0.899361135,0.867707092,-3.519614287090588,0,1.4282737925509659,0.48680000000000007,500,0
2015-11-26 00:00:00+00:00,0.867707092,0.894874771,3.1309734875372044,0,1.476135523766831,0.4844000000000001,500,0
2015-11-27 00:00:00+00:00,0.894874771,0.8707128,-2.7000393555625295,0,1.4411660166625808,0.4842,500,0
2015-11-28 00:00:00+00:00,0.8707128,0.917398775,5.361811035739919,0,1.4867423329603904,0.48460000000000003,500,0
2015-11-29 00:00:00+00:00,0.917398775,0.871744954,-4.976442332833946,0,1.4278674148491182,0.48300000000000004,500,0
2015-11-30 00:00:00+00:00,0.871744954,0.873600932,0.21290378470031684,0,1.4703270459275062,0.4806,500,0
2015-12-01 00:00:00+00:00,0.873600932,0.875003998,0.160607200451104,0,1.4524485810369252,0.48680000000000007,500,0
2015-12-02 00:00:00+00:00,0.875003998,0.822733781,-5.973711790971715,0,1.4142537558222146,0.4852,500,0
2015-12-03 00:00:00+00:00,0.822733781,0.824765189,0.24690951640891734,0,1.452968516632035,0.48680000000000007,500,0
2015-12-04 00:00:00+00:00,0.824765189,0.838790951,1.7005763806551797,0,1.4786051059114924,0.48080000000000006,500,0
2015-12-05 00:00:00+00:00,0.838790951,0.86458373,3.074994904183222,0,1.4804669050273052,0.48280000000000006,500,0
2015-12-06 00:00:00+00:00,0.86458373,0.834992487,-3.422600029727606,0,1.433948758069861,0.485,500,0
2015-12-07 00:00:00+00:00,0.834992487,0.800750284,-4.100899533003812,0,1.4296210386292887,0.48480000000000006,500,0
2015-12-08 00:00:00+00:00,0.800750284,0.818852709,2.2606829322086037,0,1.46684030557888,0.486,500,0
2015-12-09 00:00:00+00:00,0.818852709,0.791829348,-3.3001491847051962,0,1.4347013616010802,0.485,500,0
2015-12-10 00:00:00+00:00,0.791829348,0.847442242,7.023343368172294,0,1.4983218482551224,0.4832,500,0
2015-12-11 00:00:00+00:00,0.847442242,0.916738942,8.177159051743374,0,1.4843509131989294,0.48960000000000004,500,0
2015-12-12 00:00:00+00:00,0.916738942,0.97125831,5.947098514333649,0,1.473689137749672,0.49000000000000005,500,0
2015-12-13 00:00:00+00:00,0.97125831,0.958303174,-1.3338507240159396,0,1.4492705663146026,0.48460000000000003,500,0
2015-12-14 00:00:00+00:00,0.958303174,0.995489835,3.880469355515253,0,1.483479102703145,0.4832,500,0
2015-12-15 00:00:00+00:00,0.995489835,1.02,2.4621210722859894,0,1.4702625938517553,0.4852,500,0
2015-12-16 00:00:00+00:00,1.02,0.988912442,-3.0477998039215755,0,1.434892405701333,0.48560000000000003,500,0
2015-12-17 00:00:00+00:00,0.988912442,0.940228325,-4.922995700361507,0,1.4224588018192976,0.4852,500,0
2015-12-18 00:00:00+00:00,0.940228325,0.921171783,-2.026799394710849,0,1.4391188806764739,0.48660000000000003,500,0
2015-12-19 00:00:00+00:00,0.921171783,0.909632917,-1.2526291200997395,0,1.4458758497053459,0.48600000000000004,500,0
2015-12-20 00:00:00+00:00,0.909632917,0.903231643,-0.7037205756704177,0,1.4544312405042366,0.4842,500,0
2015-12-21 00:00:00+00:00,0.903231643,0.896806287,-0.7113741031767693,0,1.450441020008912,0.48560000000000003,500,0
2015-12-22 00:00:00+00:00,0.896806287,0.878959313,-1.9900589746869177,0,1.4572029097224286,0.48020000000000007,500,0
2015-12-23 00:00:00+00:00,0.878959313,0.867565455,-1.296289581495102,0,1.456241616392614,0.4822000000000001,500,0
2015-12-24 00:00:00+00:00,0.867565455,0.86,-0.8720327620698145,0,1.449995857283726,0.48540000000000005,500,0
2015-12-25 00:00:00+00:00,0.86,0.870718344,1.2463190697674473,0,1.4588806335395013,0.4868,500,0
2015-12-26 00:00:00+00:00,0.870718344,0.853017865,-2.0328593192013935,0,1.4501902271947003,0.48260000000000003,500,0
2015-12-27 00:00:00+00:00,0.853017865,0.858887087,0.688053819365209,0,1.4624264483511966,0.4844000000000001,500,0
2015-12-28 00:00:00+00:00,0.858887087,0.842169613,-1.946411146824007,0,1.438526277381599,0.48700000000000004,500,0
2015-12-29 00:00:00+00:00,0.842169613,0.869487811,3.2437881370103545,0,1.476746550971246,0.48440000000000005,500,0
2015-12-30 00:00:00+00:00,0.869487811,0.900354302,3.5499624732519615,0,1.4766070867857601,0.485,500,0
2015-12-31 00:00:00+00:00,0.900354302,0.936539968,4.019047381638428,0,1.4837074076813452,0.4834000000000001,500,0
2016-01-01 00:00:00+00:00,0.936539968,0.946313343,1.0435619764174426,0,1.4588315044471092,0.4864,500,0
2016-01-02 00:00:00+00:00,0.946313343,0.938126162,-0.8651659686045495,0,1.44159836728312,0.48840000000000006,500,0
2016-01-03 00:00:00+00:00,0.938126162,0.972196976,3.6317944622036884,0,1.4672334251989472,0.48840000000000006,500,0
2016-01-04 00:00:00+00:00,0.972196976,0.959297835,-1.3268032423914886,0,1.4442580573514205,0.48640000000000005,500,0
2016-01-05 00:00:00+00:00,0.959297835,0.953102241,-0.6458467614492246,0,1.4531154783353033,0.48480000000000006,500,0
2016-01-06 00:00:00+00:00,0.953102241,0.968434012,1.6086176635062648,0,1.468332709342026,0.4842,500,0
2016-01-07 00:00:00+00:00,0.968434012,0.95897678,-0.9765489318646563,0,1.4392049143475603,0.48900000000000005,500,0
2016-01-08 00:00:00+00:00,0.95897678,0.995574781,3.816359453458299,0,1.4658421497013914,0.4892,500,0
2016-01-09 00:00:00+00:00,0.995574781,1.02,2.453378637762024,0,1.474819688472926,0.48360000000000003,500,0
2016-01-10 00:00:00+00:00,1.02,1.02,0.0,0,1.4582626262626264,0.4844000000000001,500,0
2016-01-11 00:00:00+00:00,1.02,1.068726621,4.7771197058823445,0,1.4850339285052396,0.4842,500,0
2016-01-12 00:00:00+00:00,1.068726621,1.167362901,9.229327506383884,0,1.4946708082727547,0.48740000000000006,500,0
2016-01-13 00:00:00+00:00,1.167362901,1.13,-3.200624327532922,0,1.432226848291235,0.4862,500,0
2016-01-14 00:00:00+00:00,1.13,1.157377553,2.422792300884956,0,1.470633259028853,0.485,500,0
2016-01-15 00:00:00+00:00,1.157377553,1.21,4.546696699240379,0,1.4741058616895961,0.48760000000000003,500,0
2016-01-16 00:00:00+00:00,1.21,1.215691295,0.4703549586776939,0,1.4622573041136202,0.48400000000000004,500,0
2016-01-17 00:00:00+00:00,1.215691295,1.321855712,8.732843398372776,0,1.5014911009687426,0.4844000000000001,500,0
2016-01-18 00:00:00+00:00,1.321855712,1.4,5.911710884220913,0,1.4880371172085822,0.485,500,0
2016-01-19 00:00:00+00:00,1.4,1.38,-1.42857142857143,0,1.446991414266448,0.4852,500,0
2016-01-20 00:00:00+00:00,1.38,1.565411905,13.435645289855078,0,1.5201721328475966,0.48340000000000005,500,0
2016-01-21 00:00:00+00:00,1.565411905,1.544691862,-1.3236160357423534,0,1.4476183126452067,0.4852,500,0
2016-01-22 00:00:00+00:00,1.544691862,1.471341823,-4.748522394947409,0,1.4290050924059448,0.4832,500,0
2016-01-23 00:00:00+00:00,1.471341823,1.692156285,15.007692879263725,0,1.516828698182403,0.4862,500,0
2016-01-24 00:00:00+00:00,1.692156285,2.131691495,25.974859053872795,0,1.5365799624007632,0.48600000000000004,500,0
2016-01-25 00:00:00+00:00,2.131691495,2.48,16.339536270467686,0,1.5285721729896071,0.4830000000000001,500,0
2016-01-26 00:00:00+00:00,2.48,2.086782727,-15.855535201612897,0,1.3271765908389404,0.4832,500,0
2016-01-27 00:00:00+00:00,2.086782727,2.384501159,14.266862963160797,0,1.5217349026643838,0.4836000000000001,500,0
2016-01-28 00:00:00+00:00,2.384501159,2.519719735,5.670728046813239,0,1.4980714764716332,0.48120000000000007,500,0
2016-01-29 00:00:00+00:00,2.519719735,2.486203232,-1.3301678966291852,0,1.4464535456161265,0.48560000000000003,500,0
2016-01-30 00:00:00+00:00,2.486203232,2.437601274,-1.954866656693329,0,1.4312298072176433,0.48960000000000004,500,0
2016-01-31 00:00:00+00:00,2.437601274,2.298766557,-5.695546621214965,0,1.4216449061837895,0.48320000000000013,500,0
2016-02-01 00:00:00+00:00,2.298766557,2.221883059,-3.344554398787521,0,1.4338041189828696,0.4852,500,0
2016-02-02 00:00:00+00:00,2.221883059,2.403111855,8.156540699381608,0,1.4988301081653694,0.48460000000000003,500,0
2016-02-03 00:00:00+00:00,2.403111855,2.515949933,4.695498370798881,0,1.4823188153123787,0.48500000000000004,500,0
2016-02-04 00:00:00+00:00,2.515949933,2.557178944,1.6387055425558017,0,1.4662328847037083,0.4850000000000001,500,0
2016-02-05 00:00:00+00:00,2.557178944,2.532878565,-0.9502807403063005,0,1.4584666961611132,0.4822000000000001,500,0
2016-02-06 00:00:00+00:00,2.532878565,2.517776369,-0.5962463502469554,0,1.4511555056049712,0.48560000000000003,500,0
2016-02-07 00:00:00+00:00,2.517776369,2.950776113,17.197704662387352,0,1.5244818386475745,0.48480000000000006,500,0
2016-02-08 00:00:00+00:00,2.950776113,3.165335694,7.271293137243857,0,1.4969501151723141,0.484,500,0
2016-02-09 00:00:00+00:00,3.165335694,3.720453287,17.53740034752852,0,1.5291843501822173,0.48340000000000005,500,0
2016-02-10 00:00:00+00:00,3.720453287,4.427431438,19.002473528435942,0,1.541142157503859,0.4806,500,0
2016-02-11 00:00:00+00:00,4.427431438,6.005000308,35.631695083066795,0,1.5388543761244533,0.48700000000000004,500,0
2016-02-12 00:00:00+00:00,6.005000308,5.475649284,-8.81517063862238,0,1.3895228595319546,0.48560000000000003,500,0
2016-02-13 00:00:00+00:00,5.475649284,5.373284922,-1.8694470133270191,0,1.4379493334632685,0.48740000000000006,500,0
2016-02-14 00:00:00+00:00,5.373284922,5.169512436,-3.792326090241155,0,1.4327910226416467,0.48440000000000005,500,0
2016-02-15 00:00:00+00:00,5.169512436,5.319058286,2.8928424460027737,0,1.4725927877157685,0.4852,500,0
2016-02-16 00:00:00+00:00,5.319058286,4.368970122,-17.86196189089851,0,1.2949768600162257,0.48680000000000007,500,0
2016-02-17 00:00:00+00:00,4.368970122,3.744022471,-14.304232657785162,0,1.3419977869557485,0.48340000000000005,500,0
2016-02-18 00:00:00+00:00,3.744022471,4.397939042,17.465615552925453,0,1.5200663489569834,0.48680000000000007,500,0
2016-02-19 00:00:00+00:00,4.397939042,4.493895383,2.18184790838672,0,1.4715869354003766,0.4842,500,0
2016-02-20 00:00:00+00:00,4.493895383,4.301875678,-4.272901094368887,0,1.4266665118018464,0.4854000000000001,500,0
2016-02-21 00:00:00+00:00,4.301875678,4.653970273,8.18467620532663,0,1.498950588670321,0.48460000000000003,500,0
2016-02-22 00:00:00+00:00,4.653970273,5.608714258,20.51461287879181,0,1.5260293857429499,0.48640000000000005,500,0
2016-02-23 00:00:00+00:00,5.608714258,5.61209144,0.060213122734561086,0,1.4546711518228945,0.4858,500,0
2016-02-24 00:00:00+00:00,5.61209144,6.134381259,9.30650942850639,0,1.5102452342558315,0.4822000000000001,500,0
2016-02-25 00:00:00+00:00,6.134381259,5.94,-3.1687182585010567,0,1.4357336053779626,0.485,500,0
2016-02-26 00:00:00+00:00,5.94,5.897351626,-0.7179860942761034,0,1.4532240046458338,0.48460000000000003,500,0
2016-02-27 00:00:00+00:00,5.897351626,6.357091762,7.795705007195373,0,1.4950881059375234,0.4854000000000001,500,0
2016-02-28 00:00:00+00:00,6.357091762,6.440650849,1.3144231690893793,0,1.4581218750127996,0.4872,500,0
2016-02-29 00:00:00+00:00,6.440650849,6.312028458,-1.9970402683755155,0,1.4482117843882247,0.48340000000000005,500,0
2016-03-01 00:00:00+00:00,6.312028458,7.56015705,19.773811228910013,0,1.5205024611614186,0.4884,500,0
2016-03-02 00:00:00+00:00,7.56015705,8.398318163,11.086556898973427,0,1.5139231413939094,0.48300000000000004,500,0
2016-03-03 00:00:00+00:00,8.398318163,9.504937043,13.176672501827424,0,1.5159902661418183,0.48440000000000005,500,0
2016-03-04 00:00:00+00:00,9.504937043,10.03776475,5.605799434436077,0,1.495972956330102,0.48180000000000006,500,0
2016-03-05 00:00:00+00:00,10.03776475,10.93519774,8.940566075729166,0,1.502852470457717,0.4842,500,0
2016-03-06 00:00:00+00:00,10.93519774,10.96466178,0.2694422240964486,0,1.456509994878439,0.48560000000000003,500,0
2016-03-07 00:00:00+00:00,10.96466178,9.397469869,-14.293116764063104,0,1.3248934503988483,0.49060000000000004,500,0
2016-03-08 00:00:00+00:00,9.397469869,9.800690787,4.290739141714407,0,1.476309888005886,0.48640000000000005,500,0
2016-03-09 00:00:00+00:00,9.800690787,11.97157976,22.150366950455634,0,1.5330272210547966,0.48480000000000006,500,0
2016-03-10 00:00:00+00:00,11.97157976,11.21,-6.361564432328507,0,1.408378287830283,0.4862,500,0
2016-03-11 00:00:00+00:00,11.21,11.20893669,-0.009485370205183216,0,1.4514167683828232,0.48680000000000007,500,0
2016-03-12 00:00:00+00:00,11.20893669,13.37620667,19.33519690528291,0,1.5299132897963605,0.48440000000000005,500,0
2016-03-13 00:00:00+00:00,13.37620667,14.89359978,11.343971780902518,0,1.5160306450263072,0.48260000000000003,500,0
2016-03-14 00:00:00+00:00,14.89359978,12.28982461,-17.482510665396706,0,1.3066189969061295,0.48380000000000006,500,0
2016-03-15 00:00:00+00:00,12.28982461,12.97,5.534459698037956,0,1.48982145521854,0.48380000000000006,500,0
2016-03-16 00:00:00+00:00,12.97,12.52943315,-3.3968145720894487,0,1.4339883258544168,0.4850000000000001,500,0
2016-03-17 00:00:00+00:00,12.52943315,10.96,-12.525970897574073,0,1.3560784189559858,0.4854000000000001,500,0
2016-03-18 00:00:00+00:00,10.96,10.79765034,-1.4812925182481778,0,1.4561006988862806,0.48180000000000006,500,0
2016-03-19 00:00:00+00:00,10.79765034,10.43953587,-3.316596284595008,0,1.43072286452213,0.4864000000000001,500,0
2016-03-20 00:00:00+00:00,10.43953587,10.21749097,-2.1269614163412056,0,1.4428783838968526,0.485,500,0
2016-03-21 00:00:00+00:00,10.21749097,11.85112269,15.98858002220481,0,1.5134701710237854,0.488,500,0
2016-03-22 00:00:00+00:00,11.85112269,11.31742768,-4.503328705307671,0,1.4161139785715804,0.4886000000000001,500,0
2016-03-23 00:00:00+00:00,11.31742768,12.40319151,9.593733317322153,0,1.5021136184477635,0.48540000000000005,500,0
2016-03-24 00:00:00+00:00,12.40319151,11.12762219,-10.28420240848155,0,1.381082116436576,0.48380000000000006,500,0
2016-03-25 00:00:00+00:00,11.12762219,10.64069143,-4.3758743034750704,0,1.4189275359698226,0.48800000000000004,500,0
2016-03-26 00:00:00+00:00,10.64069143,10.96552244,3.0527246479884105,0,1.4774400996233512,0.48380000000000006,500,0
2016-03-27 00:00:00+00:00,10.96552244,10.37751682,-5.362312860307279,0,1.412691793918197,0.4876000000000001,500,0
2016-03-28 00:00:00+00:00,10.37751682,11.67625154,12.514889086925137,0,1.5138368272001859,0.48460000000000003,500,0
2016-03-29 00:00:00+00:00,11.67625154,11.73817083,0.5303010969563159,0,1.4552414868422405,0.48660000000000003,500,0
2016-03-30 00:00:00+00:00,11.73817083,11.88228676,1.2277545802253407,0,1.4638876074506584,0.4850000000000001,500,0
2016-03-31 00:00:00+00:00,11.88228676,11.35463054,-4.440695891772932,0,1.4325745041631264,0.48280000000000006,500,0
2016-04-01 00:00:00+00:00,11.35463054,11.6360718,2.4786474470352897,0,1.4749098999151917,0.4836000000000001,500,0
2016-04-02 00:00:00+00:00,11.6360718,11.56,-0.6537584273070518,0,1.4513648734162434,0.4854000000000001,500,0
2016-04-03 00:00:00+00:00,11.56,11.51238012,-0.4119366782007002,0,1.459654475313293,0.48300000000000004,500,0
2016-04-04 00:00:00+00:00,11.51238012,11.18688124,-2.827381276566115,0,1.4358881924714557,0.48580000000000007,500,0
2016-04-05 00:00:00+00:00,11.18688124,10.41948469,-6.8597899051264,0,1.4094987003781567,0.4844000000000001,500,0
2016-04-06 00:00:00+00:00,10.41948469,10.66622342,2.368051178546324,0,1.478355588581421,0.4822000000000001,500,0
2016-04-07 00:00:00+00:00,10.66622342,10.03,-5.964842427799064,0,1.4189625663583614,0.48340000000000005,500,0
2016-04-08 00:00:00+00:00,10.03,9.758944911,-2.702443559322024,0,1.4283993296257782,0.48880000000000007,500,0
2016-04-09 00:00:00+00:00,9.758944911,9.899719595,1.4425195068098295,0,1.4617042908450248,0.4862,500,0
2016-04-10 00:00:00+00:00,9.899719595,8.814617176,-10.960940949762325,0,1.3635471302813744,0.48840000000000006,500,0
2016-04-11 00:00:00+00:00,8.814617176,8.67,-1.6406518072475909,0,1.4383095478956212,0.48780000000000007,500,0
2016-04-12 00:00:00+00:00,8.67,7.52,-13.264129181084202,0,1.335733933838971,0.49060000000000004,500,0
2016-04-13 00:00:00+00:00,7.52,8.015604593,6.59048660904257,0,1.492742335079023,0.4844,500,0
2016-04-14 00:00:00+00:00,8.015604593,8.43,5.169858395483841,0,1.468399639369283,0.49060000000000004,500,0
2016-04-15 00:00:00+00:00,8.43,8.21,-2.609727164887294,0,1.4423847327614912,0.484,500,0
2016-04-16 00:00:00+00:00,8.21,8.555981967,4.214153069427507,0,1.4742127285201418,0.48700000000000004,500,0
2016-04-17 00:00:00+00:00,8.555981967,9.323170276,8.966689176753867,0,1.509385602022456,0.482,500,0
2016-04-18 00:00:00+00:00,9.323170276,8.960482405,-3.8901774853736493,0,1.4293827014007516,0.48540000000000005,500,0
2016-04-19 00:00:00+00:00,8.960482405,8.696773039,-2.9430264363093794,0,1.4383517061027116,0.48460000000000003,500,0
2016-04-20 00:00:00+00:00,8.696773039,8.484150723,-2.444841495190354,0,1.4479024416959434,0.4824,500,0
2016-04-21 00:00:00+00:00,8.484150723,8.11,-4.409996182478256,0,1.434756812545497,0.4820000000000001,500,0
2016-04-22 00:00:00+00:00,8.11,7.855106665,-3.1429511097410523,0,1.4397654575391134,0.48360000000000003,500,0
2016-04-23 00:00:00+00:00,7.855106665,8.377192624,6.6464528270030705,0,1.4958609007051418,0.4834000000000001,500,0
2016-04-24 00:00:00+00:00,8.377192624,7.995361207,-4.557987790636233,0,1.4267831811212437,0.48460000000000003,500,0
2016-04-25 00:00:00+00:00,7.995361207,7.812751656,-2.283943730273555,0,1.4357156516112513,0.4872,500,0
2016-04-26 00:00:00+00:00,7.812751656,7.424663266,-4.967371383191962,0,1.4221420993838105,0.4852,500,0
2016-04-27 00:00:00+00:00,7.424663266,7.72469455,4.041008639057654,0,1.4854757496086899,0.48280000000000006,500,0
2016-04-28 00:00:00+00:00,7.72469455,7.250216005,-6.14235995907436,0,1.4154467657126069,0.48419999999999996,500,0
2016-04-29 00:00:00+00:00,7.250216005,7.48,3.1693399871332524,0,1.4780966027788496,0.48380000000000006,500,0
2016-04-30 00:00:00+00:00,7.48,8.892970092,18.88997449197861,0,1.5367009617037721,0.48200000000000004,500,0
2016-05-01 00:00:00+00:00,8.892970092,8.832454373,-0.6804894020102525,0,1.4551264446960663,0.48400000000000004,500,0
2016-05-02 00:00:00+00:00,8.832454373,10.10782117,14.439551489772528,0,1.528966445708382,0.48120000000000007,500,0
2016-05-03 00:00:00+00:00,10.10782117,9.285335811,-8.137118229209825,0,1.3981544296767519,0.48480000000000006,500,0
2016-05-04 00:00:00+00:00,9.285335811,9.414136136,1.3871369611362383,0,1.4625210239319535,0.48580000000000007,500,0
2016-05-05 00:00:00+00:00,9.414136136,9.827130178,4.3869563392088295,0,1.4831401436443588,0.4842,500,0
2016-05-06 00:00:00+00:00,9.827130178,9.277042147,-5.597646729372565,0,1.4213572997162565,0.48360000000000003,500,0
2016-05-07 00:00:00+00:00,9.277042147,9.381202894,1.122779710919857,0,1.4615610177920493,0.48560000000000003,500,0
2016-05-08 00:00:00+00:00,9.381202894,9.53,1.5861196872222767,0,1.474535975406204,0.48200000000000004,500,0
2016-05-09 00:00:00+00:00,9.53,9.353276546,-1.854390912906604,0,1.4486247052389583,0.48360000000000003,500,0
2016-05-10 00:00:00+00:00,9.353276546,9.350283704,-0.03199779227397373,0,1.4529762465239853,0.4862,500,0
2016-05-11 00:00:00+00:00,9.350283704,9.98130292,6.748663847815141,0,1.4900747332000146,0.48560000000000003,500,0
2016-05-12 00:00:00+00:00,9.98130292,10.09149229,1.103957778690485,0,1.4637286278301005,0.48480000000000006,500,0
2016-05-13 00:00:00+00:00,10.09149229,10.58566158,4.896890130805424,0,1.4729313575671037,0.48860000000000003,500,0
2016-05-14 00:00:00+00:00,10.58566158,10.17609857,-3.869035552523297,0,1.4306777158951542,0.485,500,0
2016-05-15 00:00:00+00:00,10.17609857,9.960446893,-2.119197996329946,0,1.4473565766448435,0.48340000000000005,500,0
2016-05-16 00:00:00+00:00,9.960446893,11.13,11.7419742262964,0,1.51797704224021,0.4822000000000001,500,0
2016-05-17 00:00:00+00:00,11.13,12.15713716,9.228545911949674,0,1.5012818103620424,0.4852,500,0
2016-05-18 00:00:00+00:00,12.15713716,13.35361431,9.84176730305147,0,1.512762739990027,0.4820000000000001,500,0
2016-05-19 00:00:00+00:00,13.35361431,14.71832476,10.2197833359469,0,1.5048498100896868,0.4852,500,0
2016-05-20 00:00:00+00:00,14.71832476,13.69368343,-6.9616708878762354,0,1.4116408077384361,0.4832,500,0
2016-05-21 00:00:00+00:00,13.69368343,13.99924844,2.231430363948471,0,1.4695645488805182,0.48500000000000004,500,0
2016-05-22 00:00:00+00:00,13.99924844,14.24898607,1.78393598106614,0,1.4573499197582487,0.4884000000000001,500,0
2016-05-23 00:00:00+00:00,14.24898607,13.2350366,-7.115941197632177,0,1.3995935771923274,0.4874000000000001,500,0
2016-05-24 00:00:00+00:00,13.2350366,12.66434299,-4.311991173488716,0,1.4263861514550218,0.4854000000000001,500,0
2016-05-25 00:00:00+00:00,12.66434299,12.50426453,-1.2640091959480273,0,1.4452486775282887,0.4862,500,0
2016-05-26 00:00:00+00:00,12.50426453,12.49835341,-0.04727283228708518,0,1.4506203780416649,0.487,500,0
2016-05-27 00:00:00+00:00,12.49835341,11.19174476,-10.454246308594337,0,1.3748356334025928,0.48580000000000007,500,0
2016-05-28 00:00:00+00:00,11.19174476,11.76324561,5.1064499973460755,0,1.47451124269283,0.4884,500,0
2016-05-29 00:00:00+00:00,11.76324561,12.38905214,5.320015842124376,0,1.4836460571040813,0.48560000000000003,500,0
2016-05-30 00:00:00+00:00,12.38905214,12.67843107,2.335763274945744,0,1.4644040086821197,0.487,500,0
2016-05-31 00:00:00+00:00,12.67843107,14.00927376,10.496903620425638,0,1.5071309566497944,0.48460000000000003,500,0
2016-06-01 00:00:00+00:00,14.00927376,13.85793783,-1.0802553550784502,0,1.4582159208059546,0.482,500,0
2016-06-02 00:00:00+00:00,13.85793783,13.77433887,-0.6032568555692517,0,1.4528126076854746,0.485,500,0
2016-06-03 00:00:00+00:00,13.77433887,13.84,0.4766916991058498,0,1.459462027422692,0.48500000000000004,500,0
2016-06-04 00:00:00+00:00,13.84,13.69739426,-1.0303882947976915,0,1.4394295113808957,0.4888,500,0
2016-06-05 00:00:00+00:00,13.69739426,13.97052907,1.994064015501297,0,1.4659621652237351,0.48580000000000007,500,0
2016-06-06 00:00:00+00:00,13.97052907,13.94200555,-0.2041692183387028,0,1.4558728974711943,0.48480000000000006,500,0
2016-06-07 00:00:00+00:00,13.94200555,14.54921695,4.355265803204336,0,1.4737301493048456,0.48740000000000006,500,0
2016-06-08 00:00:00+00:00,14.54921695,14.43177555,-0.8072008301450243,0,1.447577834752511,0.4864000000000001,500,0
2016-06-09 00:00:00+00:00,14.43177555,14.44062374,0.06131047402549262,0,1.4541113755171937,0.48600000000000004,500,0
2016-06-10 00:00:00+00:00,14.44062374,13.94373393,-3.4409165348144373,0,1.4321754633836414,0.48560000000000003,500,0
2016-06-11 00:00:00+00:00,13.94373393,13.96046097,0.11996098092499424,0,1.4601307051333574,0.484,500,0
2016-06-12 00:00:00+00:00,13.96046097,15.69700727,12.439032663260264,0,1.5120583336081563,0.48500000000000004,500,0
2016-06-13 00:00:00+00:00,15.69700727,17.55275029,11.822272794296785,0,1.5132467362865716,0.48400000000000004,500,0
2016-06-14 00:00:00+00:00,17.55275029,18.77037437,6.936941846051867,0,1.4925868984482855,0.485,500,0
2016-06-15 00:00:00+00:00,18.77037437,18.42185369,-1.856759343900076,0,1.441907925917349,0.48600000000000004,500,0
2016-06-16 00:00:00+00:00,18.42185369,20.50940041,11.331903700511925,0,1.5037303509567503,0.48680000000000007,500,0
2016-06-17 00:00:00+00:00,20.50940041,15.39739782,-24.925168399888882,0,1.2122902541143459,0.48580000000000007,500,0
2016-06-18 00:00:00+00:00,15.39739782,11.19713667,-27.27903246446093,0,1.185033019543609,0.4842,500,0
2016-06-19 00:00:00+00:00,11.19713667,12.23058703,9.229594944293911,0,1.504652579746848,0.484,500,0
2016-06-20 00:00:00+00:00,12.23058703,11.81483452,-3.399284997361249,0,1.440167415184636,0.48280000000000006,500,0
2016-06-21 00:00:00+00:00,11.81483452,12.98459788,9.900801894599883,0,1.5091190211715695,0.4834000000000001,500,0
2016-06-22 00:00:00+00:00,12.98459788,12.73775621,-1.9010343815129394,0,1.4516649614592694,0.4824000000000001,500,0
2016-06-23 00:00:00+00:00,12.73775621,13.676479,7.369608701280049,0,1.4909516393924114,0.4862,500,0
2016-06-24 00:00:00+00:00,13.676479,13.9418969,1.9406888278774033,0,1.4616338469221146,0.4872,500,0
2016-06-25 00:00:00+00:00,13.9418969,14.27628772,2.398459997218882,0,1.474502529325029,0.48360000000000003,500,0
2016-06-26 00:00:00+00:00,14.27628772,13.84502996,-3.0207976223107345,0,1.4362165408484269,0.4852,500,0
2016-06-27 00:00:00+00:00,13.84502996,13.93254349,0.6320934678569718,0,1.4666304151560061,0.48280000000000006,500,0
2016-06-28 00:00:00+00:00,13.93254349,12.29566056,-11.748629610773248,0,1.3644718470073445,0.4846000000000001,500,0
2016-06-29 00:00:00+00:00,12.29566056,12.8004961,4.105802510865672,0,1.4759694330971507,0.4862,500,0
2016-06-30 00:00:00+00:00,12.8004961,13.3356267,4.180545783690372,0,1.4809558154678195,0.4846000000000001,500,0
2016-07-01 00:00:00+00:00,13.3356267,12.32964596,-7.54355803915837,0,1.3963382550733192,0.4872,500,0
2016-07-02 00:00:00+00:00,12.32964596,12.0179825,-2.5277567661804956,0,1.4396125053313862,0.4852,500,0
2016-07-03 00:00:00+00:00,12.0179825,11.82516103,-1.60444126125163,0,1.4480398296252075,0.4844,500,0
2016-07-04 00:00:00+00:00,11.82516103,11.42173873,-3.411558616212779,0,1.4301603086981896,0.48640000000000005,500,0
2016-07-05 00:00:00+00:00,11.42173873,10.5408605,-7.712295394100638,0,1.4030454008625401,0.48400000000000004,500,0
2016-07-06 00:00:00+00:00,10.5408605,10.51055994,-0.28745812545380506,0,1.4553529403110064,0.48480000000000006,500,0
2016-07-07 00:00:00+00:00,10.51055994,10.09893127,-3.9163343565880533,0,1.4259405286049938,0.48660000000000003,500,0
2016-07-08 00:00:00+00:00,10.09893127,11.39547875,12.838462262353836,0,1.516828674266215,0.484,500,0
2016-07-09 00:00:00+00:00,11.39547875,10.99572235,-3.5080263740564748,0,1.4331978619676364,0.4850000000000001,500,0
2016-07-10 00:00:00+00:00,10.99572235,10.95729434,-0.3494814508480085,0,1.4538424622341,0.4852,500,0
2016-07-11 00:00:00+00:00,10.95729434,10.51545171,-4.032406324862858,0,1.4280708214810585,0.48560000000000003,500,0
2016-07-12 00:00:00+00:00,10.51545171,10.60619361,0.862938678266246,0,1.4532270632183812,0.488,500,0
2016-07-13 00:00:00+00:00,10.60619361,10.48905469,-1.104438824212642,0,1.4541107479201978,0.4834000000000001,500,0
2016-07-14 00:00:00+00:00,10.48905469,11.24297096,7.187647431362564,0,1.4949273281914481,0.48460000000000003,500,0
2016-07-15 00:00:00+00:00,11.24297096,11.32509705,0.7304660866970782,0,1.4695105827922543,0.482,500,0
2016-07-16 00:00:00+00:00,11.32509705,11.70171602,3.3255253207741746,0,1.4766100500780883,0.4846000000000001,500,0
2016-07-17 00:00:00+00:00,11.70171602,11.31478741,-3.3065971635158515,0,1.4408720679478733,0.48280000000000006,500,0
2016-07-18 00:00:00+00:00,11.31478741,11.02255634,-2.5827358430236713,0,1.4352924454036966,0.48660000000000003,500,0
2016-07-19 00:00:00+00:00,11.02255634,11.58250142,5.07999290480379,0,1.4818842650944684,0.48580000000000007,500,0
2016-07-20 00:00:00+00:00,11.58250142,12.15278827,4.923693331176819,0,1.4915913159837841,0.4822000000000001,500,0
2016-07-21 00:00:00+00:00,12.15278827,12.60591713,3.7285999717330682,0,1.4757669398594275,0.48560000000000003,500,0
2016-07-22 00:00:00+00:00,12.60591713,14.31987737,13.596473960002944,0,1.5132511963468345,0.48600000000000004,500,0
2016-07-23 00:00:00+00:00,14.31987737,14.38972534,0.4877693306671078,0,1.4555622050140722,0.48640000000000005,500,0
2016-07-24 00:00:00+00:00,14.38972534,12.80385181,-11.020874217742369,0,1.368260553443612,0.486,500,0
2016-07-25 00:00:00+00:00,12.80385181,13.81663068,7.909954637314723,0,1.4989728360046157,0.4842,500,0
2016-07-26 00:00:00+00:00,13.81663068,11.77164176,-14.80092337533625,0,1.33464958799632,0.4842,500,0
2016-07-27 00:00:00+00:00,11.77164176,12.9663334,10.148895662621662,0,1.5074640147157201,0.4842,500,0
2016-07-28 00:00:00+00:00,12.9663334,12.88314961,-0.6415367200106057,0,1.4570682254297522,0.4834000000000001,500,0
2016-07-29 00:00:00+00:00,12.88314961,12.84003764,-0.33463843318668096,0,1.4646592157292968,0.4814000000000001,500,0
2016-07-30 00:00:00+00:00,12.84003764,12.54708178,-2.281581006331077,0,1.4412543331680783,0.4852,500,0
2016-07-31 00:00:00+00:00,12.54708178,11.86840841,-5.409013680629717,0,1.4251452003390468,0.48280000000000006,500,0
2016-08-01 00:00:00+00:00,11.86840841,10.96839785,-7.583245612290149,0,1.408192432187187,0.48240000000000005,500,0
2016-08-02 00:00:00+00:00,10.96839785,8.352592748,-23.848561456038002,0,1.2201880567802676,0.4894000000000001,500,0
2016-08-03 00:00:00+00:00,8.352592748,10.22174782,22.37814207387955,0,1.5429820610371463,0.48160000000000003,500,0
2016-08-04 00:00:00+00:00,10.22174782,11.03216022,7.928315335801354,0,1.5048903740381518,0.4822000000000001,500,0
2016-08-05 00:00:00+00:00,11.03216022,10.94001411,-0.8352499253314855,0,1.4547070035266494,0.48380000000000006,500,0
2016-08-06 00:00:00+00:00,10.94001411,10.89863635,-0.3782240094386825,0,1.4536648593658101,0.4852,500,0
2016-08-07 00:00:00+00:00,10.89863635,10.92030806,0.19884790449036016,0,1.45607918350087,0.48560000000000003,500,0
2016-08-08 00:00:00+00:00,10.92030806,11.24580512,2.9806582214677926,0,1.4816675032767386,0.4822000000000001,500,0
2016-08-09 00:00:00+00:00,11.24580512,12.19121871,8.406811072322757,0,1.4992823882263246,0.48480000000000006,500,0
2016-08-10 00:00:00+00:00,12.19121871,12.1412228,-0.4100977202467055,0,1.4613575850046663,0.48240000000000005,500,0
2016-08-11 00:00:00+00:00,12.1412228,11.98814019,-1.2608500191595218,0,1.451411229256067,0.48400000000000004,500,0
2016-08-12 00:00:00+00:00,11.98814019,11.97372013,-0.1202860474723817,0,1.458651918924174,0.48400000000000004,500,0
2016-08-13 00:00:00+00:00,11.97372013,11.57747267,-3.3093095186616797,0,1.4303410790731985,0.48660000000000003,500,0
2016-08-14 00:00:00+00:00,11.57747267,11.25990352,-2.7429920074257503,0,1.4370321350199007,0.48560000000000003,500,0
2016-08-15 00:00:00+00:00,11.25990352,11.23080705,-0.25840780916389866,0,1.4583585542940696,0.48380000000000006,500,0
2016-08-16 00:00:00+00:00,11.23080705,10.25082245,-8.725860889934886,0,1.3899192499635233,0.48580000000000007,500,0
2016-08-17 00:00:00+00:00,10.25082245,10.73534634,4.726683077024715,0,1.4825426160570392,0.48500000000000004,500,0
2016-08-18 00:00:00+00:00,10.73534634,10.72421681,-0.10367182992998651,0,1.4587572119866818,0.48400000000000004,500,0
2016-08-19 00:00:00+00:00,10.72421681,10.71834472,-0.05475542041004709,0,1.4511401871269787,0.48680000000000007,500,0
2016-08-20 00:00:00+00:00,10.71834472,11.26275448,5.079233540456615,0,1.489397242909421,0.4832,500,0
2016-08-21 00:00:00+00:00,11.26275448,11.15404431,-0.9652183237505872,0,1.4544342631113418,0.48360000000000003,500,0
2016-08-22 00:00:00+00:00,11.15404431,11.06137739,-0.8307921093420797,0,1.44011898450711,0.4890000000000001,500,0
2016-08-23 00:00:00+00:00,11.06137739,11.01254308,-0.4414848917834468,0,1.4560886639010917,0.4842,500,0
2016-08-24 00:00:00+00:00,11.01254308,11.01381199,0.01152240668465371,0,1.4600305264857103,0.48380000000000006,500,0
2016-08-25 00:00:00+00:00,11.01381199,11.33912744,2.953704405843954,0,1.463738469997831,0.4884,500,0
2016-08-26 00:00:00+00:00,11.33912744,11.25681266,-0.7259357515431611,0,1.456525023662554,0.4834000000000001,500,0
2016-08-27 00:00:00+00:00,11.25681266,11.14950759,-0.953245587725708,0,1.4539555680695044,0.4838,500,0
2016-08-28 00:00:00+00:00,11.14950759,10.91304108,-2.120869536983753,0,1.4357164060382004,0.48760000000000003,500,0
2016-08-29 00:00:00+00:00,10.91304108,10.90629059,-0.06185709327504835,0,1.4533582621067247,0.48600000000000004,500,0
2016-08-30 00:00:00+00:00,10.90629059,11.21087731,2.7927618238897614,0,1.4812305784650392,0.48200000000000004,500,0
2016-08-31 00:00:00+00:00,11.21087731,11.49662475,2.5488410237539183,0,1.4724585176997744,0.48460000000000003,500,0
2016-09-01 00:00:00+00:00,11.49662475,12.00287748,4.4034900765113685,0,1.4832926765728327,0.4842,500,0
2016-09-02 00:00:00+00:00,12.00287748,12.0910428,0.7345348658845086,0,1.467809030050581,0.4826000000000001,500,0
2016-09-03 00:00:00+00:00,12.0910428,11.79758522,-2.427065926852894,0,1.4474982175893232,0.4826000000000001,500,0
2016-09-04 00:00:00+00:00,11.79758522,11.66257954,-1.1443501147262811,0,1.4347666410222781,0.4902,500,0
2016-09-05 00:00:00+00:00,11.66257954,11.75189748,0.7658506395918722,0,1.4668530714133803,0.483,500,0
2016-09-06 00:00:00+00:00,11.75189748,11.68475544,-0.5713293543809934,0,1.4558252126311237,0.4840000000000001,500,0
2016-09-07 00:00:00+00:00,11.68475544,11.55002542,-1.1530409916734998,0,1.4515448198986296,0.4842,500,0
2016-09-08 00:00:00+00:00,11.55002542,11.33639873,-1.8495776609295107,0,1.4419453519778531,0.48600000000000004,500,0
2016-09-09 00:00:00+00:00,11.33639873,11.63011682,2.5909294211989904,0,1.4784328551053731,0.4826000000000001,500,0
2016-09-10 00:00:00+00:00,11.63011682,12.11783086,4.1935437755989815,0,1.4856605667711773,0.48300000000000004,500,0
2016-09-11 00:00:00+00:00,12.11783086,11.59605625,-4.305841664470959,0,1.4166128921297276,0.489,500,0
2016-09-12 00:00:00+00:00,11.59605625,11.84714198,2.1652682997290547,0,1.4772357264157945,0.4822000000000001,500,0
2016-09-13 00:00:00+00:00,11.84714198,11.88172946,0.2919478812560055,0,1.4515473878697136,0.48740000000000006,500,0
2016-09-14 00:00:00+00:00,11.88172946,11.91200801,0.25483285158050095,0,1.4615165086632416,0.48380000000000006,500,0
2016-09-15 00:00:00+00:00,11.91200801,11.90147841,-0.08839483646384752,0,1.4599782126872753,0.48360000000000003,500,0
2016-09-16 00:00:00+00:00,11.90147841,12.52236928,5.21692220588585,0,1.4778884200135345,0.4874000000000001,500,0
2016-09-17 00:00:00+00:00,12.52236928,12.6845428,1.2950705762927288,0,1.4619714995629902,0.48580000000000007,500,0
2016-09-18 00:00:00+00:00,12.6845428,12.36905214,-2.4872056090188623,0,1.4426331752627974,0.4842,500,0
2016-09-19 00:00:00+00:00,12.36905214,13.16016806,6.395930027989996,0,1.48688276136894,0.4862,500,0
2016-09-20 00:00:00+00:00,13.16016806,14.30804658,8.72236976584628,0,1.4958805058450957,0.4864000000000001,500,0
2016-09-21 00:00:00+00:00,14.30804658,13.7051798,-4.213480691645885,0,1.41881862383098,0.48840000000000006,500,0
2016-09-22 00:00:00+00:00,13.7051798,13.23380274,-3.4394080696409395,0,1.4402104753120197,0.48260000000000003,500,0
2016-09-23 00:00:00+00:00,13.23380274,13.31899332,0.6437346972273277,0,1.4485330214662424,0.4892,500,0
2016-09-24 00:00:00+00:00,13.31899332,12.85960577,-3.449116152871534,0,1.4286385993418036,0.48680000000000007,500,0
2016-09-25 00:00:00+00:00,12.85960577,13.04559864,1.4463341515017514,0,1.4634327066660242,0.48560000000000003,500,0
2016-09-26 00:00:00+00:00,13.04559864,12.8187464,-1.7389178240117886,0,1.4460385620417167,0.48480000000000006,500,0
2016-09-27 00:00:00+00:00,12.8187464,13.0747268,1.996922257546185,0,1.4694117232055572,0.48460000000000003,500,0
2016-09-28 00:00:00+00:00,13.0747268,13.31398944,1.829962825685962,0,1.4655998074354817,0.4856000000000001,500,0
2016-09-29 00:00:00+00:00,13.31398944,13.09665701,-1.6323614419210535,0,1.440643216462399,0.48700000000000004,500,0
2016-09-30 00:00:00+00:00,13.09665701,13.19481816,0.7495130240110108,0,1.4701850140910637,0.48180000000000006,500,0
2016-10-01 00:00:00+00:00,13.19481816,13.26982722,0.5684736166155646,0,1.4645484667482132,0.48340000000000005,500,0
2016-10-02 00:00:00+00:00,13.26982722,13.19790993,-0.5419610128126447,0,1.4515191400460377,0.48560000000000003,500,0
2016-10-03 00:00:00+00:00,13.19790993,13.47060009,2.06616169868042,0,1.466921002071438,0.4856000000000001,500,0
2016-10-04 00:00:00+00:00,13.47060009,13.26196221,-1.5488387941594628,0,1.4539837278792425,0.48240000000000005,500,0
2016-10-05 00:00:00+00:00,13.26196221,13.05665085,-1.5481220406825424,0,1.4462082226985458,0.4852,500,0
2016-10-06 00:00:00+00:00,13.05665085,12.82612846,-1.7655552916925925,0,1.4464250674091021,0.4846000000000001,500,0
2016-10-07 00:00:00+00:00,12.82612846,12.65567928,-1.3289215099596805,0,1.4571599668461908,0.48180000000000006,500,0
2016-10-08 00:00:00+00:00,12.65567928,12.17587496,-3.7912174398907457,0,1.4367607186563818,0.48300000000000004,500,0
2016-10-09 00:00:00+00:00,12.17587496,12.02951923,-1.2020140686464458,0,1.4411455378105453,0.4878,500,0
2016-10-10 00:00:00+00:00,12.02951923,11.83783209,-1.5934729920208195,0,1.4525566411876094,0.48280000000000006,500,0
2016-10-11 00:00:00+00:00,11.83783209,11.75026727,-0.7397031765129471,0,1.4570043920109133,0.4832,500,0
2016-10-12 00:00:00+00:00,11.75026727,11.85468766,0.8886639563220725,0,1.4630576486947318,0.48460000000000003,500,0
2016-10-13 00:00:00+00:00,11.85468766,11.96064221,0.8937776602711427,0,1.472750112115989,0.48120000000000007,500,0
2016-10-14 00:00:00+00:00,11.96064221,11.91608947,-0.3724945468459115,0,1.448629144410454,0.48700000000000004,500,0
2016-10-15 00:00:00+00:00,11.91608947,11.94460517,0.23930417836986576,0,1.4534870322622855,0.48660000000000003,500,0
2016-10-16 00:00:00+00:00,11.94460517,11.93031339,-0.11965050159963254,0,1.4614837103793819,0.48300000000000004,500,0
2016-10-17 00:00:00+00:00,11.93031339,11.9749844,0.374432829546987,0,1.4667802395129765,0.4822000000000001,500,0
2016-10-18 00:00:00+00:00,11.9749844,12.50951126,4.463695668780994,0,1.484129557637778,0.484,500,0
2016-10-19 00:00:00+00:00,12.50951126,11.97380616,-4.28238233185778,0,1.426544312884222,0.4854000000000001,500,0
2016-10-20 00:00:00+00:00,11.97380616,12.01652208,0.35674470948675463,0,1.4593015498612205,0.48480000000000006,500,0
2016-10-21 00:00:00+00:00,12.01652208,12.09057597,0.6162672486014362,0,1.4580260355067325,0.4858,500,0
2016-10-22 00:00:00+00:00,12.09057597,12.04503828,-0.3766378881617477,0,1.4497212359203309,0.48660000000000003,500,0
2016-10-23 00:00:00+00:00,12.04503828,11.93380041,-0.9235161185390609,0,1.4547228139280115,0.48360000000000003,500,0
2016-10-24 00:00:00+00:00,11.93380041,11.89053545,-0.36254134067590066,0,1.4436087250592826,0.48880000000000007,500,0
2016-10-25 00:00:00+00:00,11.89053545,11.27271153,-5.195930179914642,0,1.4201689457463949,0.4852,500,0
2016-10-26 00:00:00+00:00,11.27271153,11.49725737,1.9919416850366196,0,1.4779454287834661,0.4816000000000001,500,0
2016-10-27 00:00:00+00:00,11.49725737,11.4566734,-0.35298827097579477,0,1.4588945764189867,0.4834000000000001,500,0
2016-10-28 00:00:00+00:00,11.4566734,11.52358438,0.5840349782512014,0,1.4703175796446792,0.4814000000000001,500,0
2016-10-29 00:00:00+00:00,11.52358438,10.33681968,-10.298572569657368,0,1.3839677485956905,0.4824000000000001,500,0
2016-10-30 00:00:00+00:00,10.33681968,11.18655716,8.220492436799477,0,1.496780004891231,0.48540000000000005,500,0
2016-10-31 00:00:00+00:00,11.18655716,10.8807026,-2.7341259301266576,0,1.4448995927941888,0.48280000000000006,500,0
2016-11-01 00:00:00+00:00,10.8807026,10.79218738,-0.8135064733779204,0,1.4475301161066705,0.48640000000000005,500,0
2016-11-02 00:00:00+00:00,10.79218738,10.7835854,-0.07970562127137472,0,1.4600317085514964,0.4836000000000001,500,0
2016-11-03 00:00:00+00:00,10.7835854,10.8116301,0.26006841843159684,0,1.452484717895898,0.48700000000000004,500,0
2016-11-04 00:00:00+00:00,10.8116301,11.12999566,2.9446582712814062,0,1.475764441806928,0.4842,500,0
2016-11-05 00:00:00+00:00,11.12999566,11.06605826,-0.57446024197282,0,1.4501699327413249,0.486,500,0
2016-11-06 00:00:00+00:00,11.06605826,10.92076284,-1.3129826048828346,0,1.453842122464209,0.48300000000000004,500,0
2016-11-07 00:00:00+00:00,10.92076284,10.87420083,-0.42636224851853477,0,1.4561816515585833,0.4842,500,0
2016-11-08 00:00:00+00:00,10.87420083,10.8901055,0.14626058731712036,0,1.4540606133906928,0.4862,500,0
2016-11-09 00:00:00+00:00,10.8901055,10.66491816,-2.0678159637663884,0,1.4416059433015507,0.4856000000000001,500,0
2016-11-10 00:00:00+00:00,10.66491816,10.51928139,-1.3655685661632815,0,1.4484576228448143,0.48480000000000006,500,0
2016-11-11 00:00:00+00:00,10.51928139,10.29308735,-2.1502803434370277,0,1.4410223618151732,0.48560000000000003,500,0
2016-11-12 00:00:00+00:00,10.29308735,9.664325241,-6.108586157096978,0,1.4115144752979272,0.4858,500,0
2016-11-13 00:00:00+00:00,9.664325241,10.11071946,4.618990026393298,0,1.4750249222425986,0.48740000000000006,500,0
2016-11-14 00:00:00+00:00,10.11071946,9.991652804,-1.1776279271821581,0,1.4474516728840034,0.48560000000000003,500,0
2016-11-15 00:00:00+00:00,9.991652804,10.20008386,2.08605182834774,0,1.4727620826581869,0.4836000000000001,500,0
2016-11-16 00:00:00+00:00,10.20008386,10.02536762,-1.7128902310808907,0,1.4518089132233485,0.48280000000000006,500,0
2016-11-17 00:00:00+00:00,10.02536762,9.96,-0.6520221749234962,0,1.4598381055822214,0.4824000000000001,500,0
2016-11-18 00:00:00+00:00,9.96,9.453697368,-5.08335975903615,0,1.4292823551329359,0.4822000000000001,500,0
2016-11-19 00:00:00+00:00,9.453697368,9.67,2.288021538876065,0,1.4727320467667975,0.48400000000000004,500,0
2016-11-20 00:00:00+00:00,9.67,9.530496491,-1.442642285418829,0,1.4491299584084638,0.48440000000000005,500,0
2016-11-21 00:00:00+00:00,9.530496491,9.575907933,0.47648558543497077,0,1.4702325666771225,0.48120000000000007,500,0
2016-11-22 00:00:00+00:00,9.575907933,9.81,2.444593960571453,0,1.4787712142384055,0.4822000000000001,500,0
2016-11-23 00:00:00+00:00,9.81,9.753493133,-0.5760129153924699,0,1.4496117224718807,0.4862,500,0
2016-11-24 00:00:00+00:00,9.753493133,9.180997416,-5.86964802449099,0,1.4220165657897326,0.48260000000000003,500,0
2016-11-25 00:00:00+00:00,9.180997416,9.335116894,1.6786790260000672,0,1.4670209769299245,0.48480000000000006,500,0
2016-11-26 00:00:00+00:00,9.335116894,9.288306187,-0.5014474647884422,0,1.4607750953396825,0.48240000000000005,500,0
2016-11-27 00:00:00+00:00,9.288306187,8.907402683,-4.100893061999993,0,1.4262448816286124,0.48600000000000004,500,0
2016-11-28 00:00:00+00:00,8.907402683,8.71,-2.216164352564277,0,1.4450288640830347,0.484,500,0
2016-11-29 00:00:00+00:00,8.71,8.158494316,-6.331867784156145,0,1.4098606460542848,0.48580000000000007,500,0
2016-11-30 00:00:00+00:00,8.158494316,8.650154047,6.026353784861772,0,1.4909514389080751,0.4842,500,0
2016-12-01 00:00:00+00:00,8.650154047,8.439785439,-2.4319637182988494,0,1.4342034392333651,0.4874000000000001,500,0
2016-12-02 00:00:00+00:00,8.439785439,7.637917965,-9.501040989674854,0,1.3791105607670457,0.4872,500,0
2016-12-03 00:00:00+00:00,7.637917965,7.892622837,3.334742179310648,0,1.4674259472113163,0.48780000000000007,500,0
2016-12-04 00:00:00+00:00,7.892622837,7.46913219,-5.365651643895984,0,1.4163158676781022,0.4862,500,0
2016-12-05 00:00:00+00:00,7.46913219,6.815609222,-8.749650580223562,0,1.3921993894376754,0.48480000000000006,500,0
2016-12-06 00:00:00+00:00,6.815609222,7.631916157,11.977020812241634,0,1.5099183749648728,0.48540000000000005,500,0
2016-12-07 00:00:00+00:00,7.631916157,8.14,6.657356194014076,0,1.4897172777087464,0.48560000000000003,500,0
2016-12-08 00:00:00+00:00,8.14,8.302596338,1.9974980098280117,0,1.4631322087358813,0.48680000000000007,500,0
2016-12-09 00:00:00+00:00,8.302596338,8.504900485,2.4366371525745194,0,1.4695399660213282,0.4854000000000001,500,0
2016-12-10 00:00:00+00:00,8.504900485,8.098585501,-4.777421966507581,0,1.4246442591504125,0.48480000000000006,500,0
2016-12-11 00:00:00+00:00,8.098585501,8.214985823,1.4372920059388865,0,1.466245585194384,0.48460000000000003,500,0
2016-12-12 00:00:00+00:00,8.214985823,8.472511709,3.1348305590374923,0,1.4830675469737626,0.48200000000000004,500,0
2016-12-13 00:00:00+00:00,8.472511709,8.35,-1.445990435986793,0,1.4390097948776,0.488,500,0
2016-12-14 00:00:00+00:00,8.35,8.207853104,-1.702358035928142,0,1.4339910474734876,0.4892,500,0
2016-12-15 00:00:00+00:00,8.207853104,7.77035797,-5.33020180133087,0,1.422537892946731,0.48400000000000004,500,0
2016-12-16 00:00:00+00:00,7.77035797,7.796626832,0.33806501709985215,0,1.459188803184419,0.48480000000000006,500,0
2016-12-17 00:00:00+00:00,7.796626832,7.820282701,0.30341158439067534,0,1.4652192516105287,0.48260000000000003,500,0
2016-12-18 00:00:00+00:00,7.820282701,7.856185613,0.45909992480718204,0,1.4497105606408691,0.48840000000000006,500,0
2016-12-19 00:00:00+00:00,7.856185613,7.592236165,-3.3597659347970397,0,1.4349377874789504,0.48480000000000006,500,0
2016-12-20 00:00:00+00:00,7.592236165,7.623783721,0.41552390250230825,0,1.4641934334617657,0.4832,500,0
2016-12-21 00:00:00+00:00,7.623783721,7.856099401,3.0472490891901596,0,1.4763078989367155,0.4842,500,0
2016-12-22 00:00:00+00:00,7.856099401,7.575643744,-3.569909731084882,0,1.4257266167194822,0.4876000000000001,500,0
2016-12-23 00:00:00+00:00,7.575643744,7.201805732,-4.934735906715301,0,1.4081391997566677,0.49040000000000006,500,0
2016-12-24 00:00:00+00:00,7.201805732,7.222762848,0.2909980743701619,0,1.4583412718631152,0.48500000000000004,500,0
2016-12-25 00:00:00+00:00,7.222762848,7.213234159,-0.13192581842333512,0,1.4433230198693694,0.4894000000000001,500,0
2016-12-26 00:00:00+00:00,7.213234159,7.268475378,0.7658314950316034,0,1.4628837318320562,0.4844000000000001,500,0
2016-12-27 00:00:00+00:00,7.268475378,7.171806594,-1.3299733296558103,0,1.4419884667046636,0.4872,500,0
2016-12-28 00:00:00+00:00,7.171806594,7.613307736,6.156065925834696,0,1.477496597582577,0.48900000000000005,500,0
2016-12-29 00:00:00+00:00,7.613307736,8.172329057,7.342686521873182,0,1.487979169761036,0.4872,500,0
2016-12-30 00:00:00+00:00,8.172329057,8.15,-0.2732275810758548,0,1.4531839463960519,0.4856000000000001,500,0
2016-12-31 00:00:00+00:00,8.15,8.010852235,-1.7073345398773077,0,1.447920236313371,0.4842,500,0
2017-01-01 00:00:00+00:00,8.010852235,8.064789989,0.6733085621569909,0,1.4702859837413158,0.4816000000000001,500,0
2017-01-02 00:00:00+00:00,8.064789989,8.361286161,3.676427686330435,0,1.4662968396133784,0.48880000000000007,500,0
2017-01-03 00:00:00+00:00,8.361286161,9.626792385,15.135305736846663,0,1.5204085006468335,0.4848,500,0
2017-01-04 00:00:00+00:00,9.626792385,10.97225285,13.976207351229796,0,1.5142313883741068,0.48600000000000004,500,0
2017-01-05 00:00:00+00:00,10.97225285,10.11525424,-7.8105984405928055,0,1.4023585260759248,0.48400000000000004,500,0
2017-01-06 00:00:00+00:00,10.11525424,10.1546583,0.3895508611556061,0,1.4606356528467181,0.48440000000000005,500,0
2017-01-07 00:00:00+00:00,10.1546583,9.824278869,-3.253476594086864,0,1.4372562811482168,0.4842,500,0
2017-01-08 00:00:00+00:00,9.824278869,10.2678367,4.5149149053537485,0,1.4780000701930154,0.4862,500,0
2017-01-09 00:00:00+00:00,10.2678367,10.28595597,0.17646628524974192,0,1.4627365559590653,0.4832,500,0
2017-01-10 00:00:00+00:00,10.28595597,10.52365071,2.3108667847039235,0,1.4728644017887986,0.48400000000000004,500,0
2017-01-11 00:00:00+00:00,10.52365071,9.661693874,-8.190663675115466,0,1.3950970788636974,0.48560000000000003,500,0
2017-01-12 00:00:00+00:00,9.661693874,9.67,0.08596966648211568,0,1.4582240990073432,0.48460000000000003,500,0
2017-01-13 00:00:00+00:00,9.67,9.650805119,-0.19849928645295414,0,1.460992472703505,0.48300000000000004,500,0
2017-01-14 00:00:00+00:00,9.650805119,9.695262752,0.4606624261065486,0,1.4565151647555068,0.48600000000000004,500,0
2017-01-15 00:00:00+00:00,9.695262752,9.785923386,0.9351023929836109,0,1.4536498855230275,0.48800000000000004,500,0
2017-01-16 00:00:00+00:00,9.785923386,9.52,-2.717407193075288,0,1.4327572996215987,0.4872,500,0
2017-01-17 00:00:00+00:00,9.52,10.2584583,7.756914915966383,0,1.4850213874779856,0.4888,500,0
2017-01-18 00:00:00+00:00,10.2584583,10.12553774,-1.2957167257773885,0,1.4635140176370351,0.4796,500,0
2017-01-19 00:00:00+00:00,10.12553774,10.38530617,2.56547787061035,0,1.4754096579379923,0.48360000000000003,500,0
2017-01-20 00:00:00+00:00,10.38530617,10.54996056,1.5854553279867418,0,1.4619368136817201,0.48640000000000005,500,0
2017-01-21 00:00:00+00:00,10.54996056,10.87263399,3.058527358134503,0,1.4746048046978413,0.4848,500,0
2017-01-22 00:00:00+00:00,10.87263399,10.74535605,-1.1706265484248202,0,1.4491935865176742,0.48500000000000004,500,0
2017-01-23 00:00:00+00:00,10.74535605,10.7510244,0.0527516256662388,0,1.4580212768620615,0.48460000000000003,500,0
2017-01-24 00:00:00+00:00,10.7510244,10.39908725,-3.273522009679387,0,1.4249710758273273,0.48860000000000003,500,0
2017-01-25 00:00:00+00:00,10.39908725,10.47167123,0.6979841427910031,0,1.4630485400224447,0.4842,500,0
2017-01-26 00:00:00+00:00,10.47167123,10.55525588,0.7981978059103044,0,1.4545553136083862,0.48740000000000006,500,0
2017-01-27 00:00:00+00:00,10.55525588,10.50997909,-0.42895018855763484,0,1.455590734944983,0.48440000000000005,500,0
2017-01-28 00:00:00+00:00,10.50997909,10.55496295,0.4280109371749503,0,1.463140592342627,0.4836000000000001,500,0
2017-01-29 00:00:00+00:00,10.55496295,10.4304426,-1.1797327057410556,0,1.4502457567046454,0.48460000000000003,500,0
2017-01-30 00:00:00+00:00,10.4304426,10.5704113,1.341924838357298,0,1.4657018095360503,0.48460000000000003,500,0
2017-01-31 00:00:00+00:00,10.5704113,10.67729802,1.0111878995664088,0,1.4569230614797544,0.48700000000000004,500,0
2017-02-01 00:00:00+00:00,10.67729802,10.70098942,0.22188572385657343,0,1.4511203527964929,0.48740000000000006,500,0
2017-02-02 00:00:00+00:00,10.70098942,10.81046109,1.0230051232028934,0,1.4632644731122226,0.48480000000000006,500,0
2017-02-03 00:00:00+00:00,10.81046109,10.93768558,1.176864603098994,0,1.4630106980984101,0.4852,500,0
2017-02-04 00:00:00+00:00,10.93768558,11.33331586,3.6171297584511533,0,1.4832866511331666,0.48280000000000006,500,0
2017-02-05 00:00:00+00:00,11.33331586,11.24223884,-0.8036220037019259,0,1.4554965504585085,0.48360000000000003,500,0
2017-02-06 00:00:00+00:00,11.24223884,11.29401613,0.4605603095334936,0,1.4604933614171922,0.48460000000000003,500,0
2017-02-07 00:00:00+00:00,11.29401613,11.43316744,1.23207996516294,0,1.4570702296664615,0.4874000000000001,500,0
2017-02-08 00:00:00+00:00,11.43316744,11.33515301,-0.85728150588512,0,1.4512112655081872,0.4850000000000001,500,0
2017-02-09 00:00:00+00:00,11.33515301,10.91496395,-3.7069553417523755,0,1.43791235773425,0.48280000000000006,500,0
2017-02-10 00:00:00+00:00,10.91496395,11.27564064,3.304424015069697,0,1.4753516923118164,0.485,500,0
2017-02-11 00:00:00+00:00,11.27564064,11.39912537,1.0951460226742336,0,1.4591459949059398,0.4864000000000001,500,0
2017-02-12 00:00:00+00:00,11.39912537,11.35416456,-0.3944233310945764,0,1.4490487474841494,0.4868,500,0
2017-02-13 00:00:00+00:00,11.35416456,11.28194702,-0.636044507003329,0,1.453737961171541,0.48460000000000003,500,0
2017-02-14 00:00:00+00:00,11.28194702,12.97214505,14.98143917006268,0,1.5053367579968855,0.49,500,0
2017-02-15 00:00:00+00:00,12.97214505,12.93471601,-0.2885339306316132,0,1.4655026022365565,0.4812000000000001,500,0
2017-02-16 00:00:00+00:00,12.93471601,12.8359688,-0.7634277391452435,0,1.453480100954159,0.4844000000000001,500,0
2017-02-17 00:00:00+00:00,12.8359688,12.7,-1.0592796080962783,0,1.4515966511501712,0.4844000000000001,500,0
2017-02-18 00:00:00+00:00,12.7,12.81628533,0.9156325196850409,0,1.459788823376784,0.48580000000000007,500,0
2017-02-19 00:00:00+00:00,12.81628533,12.7754456,-0.31865496864683235,0,1.4523366183792779,0.48580000000000007,500,0
2017-02-20 00:00:00+00:00,12.7754456,12.75022377,-0.19742426831671187,0,1.4570429702441214,0.48440000000000005,500,0
2017-02-21 00:00:00+00:00,12.75022377,12.73614094,-0.11045163013636697,0,1.450233756919544,0.48700000000000004,500,0
2017-02-22 00:00:00+00:00,12.73614094,12.60029641,-1.0666066796839322,0,1.4571485633266597,0.48240000000000005,500,0
2017-02-23 00:00:00+00:00,12.60029641,13.15516546,4.403619025657499,0,1.4907588429190972,0.4816000000000001,500,0
2017-02-24 00:00:00+00:00,13.15516546,13.07187123,-0.6331674827904439,0,1.454883593652629,0.4842,500,0
2017-02-25 00:00:00+00:00,13.07187123,13.54693861,3.63427218369256,0,1.4707090303543806,0.4872,500,0
2017-02-26 00:00:00+00:00,13.54693861,14.54767619,7.387186203540351,0,1.5014999102495683,0.48260000000000003,500,0
2017-02-27 00:00:00+00:00,14.54767619,15.35869036,5.574870923766416,0,1.4853544413190451,0.4854000000000001,500,0
2017-02-28 00:00:00+00:00,15.35869036,15.70278123,2.240365955264943,0,1.4558504205444718,0.48980000000000007,500,0
2017-03-01 00:00:00+00:00,15.70278123,17.16802971,9.331139869672626,0,1.5109008540667996,0.482,500,0
2017-03-02 00:00:00+00:00,17.16802971,18.99358179,10.633439659861828,0,1.5097884513902449,0.484,500,0
2017-03-03 00:00:00+00:00,18.99358179,19.58574948,3.1177252218524294,0,1.4668931029510603,0.48760000000000003,500,0
2017-03-04 00:00:00+00:00,19.58574948,18.63867345,-4.835536321789007,0,1.4184943986163772,0.48680000000000007,500,0
2017-03-05 00:00:00+00:00,18.63867345,19.24736466,3.265743195903247,0,1.4786051640389954,0.48380000000000006,500,0
2017-03-06 00:00:00+00:00,19.24736466,19.67070561,2.1994748760581757,0,1.46878148298097,0.4852,500,0
2017-03-07 00:00:00+00:00,19.67070561,18.82733332,-4.28745316370986,0,1.4260953175200617,0.4856000000000001,500,0
2017-03-08 00:00:00+00:00,18.82733332,16.75,-11.0336035629288,0,1.3706404520689135,0.485,500,0
2017-03-09 00:00:00+00:00,16.75,17.63212882,5.2664407164179,0,1.4775945000955508,0.48760000000000003,500,0
2017-03-10 00:00:00+00:00,17.63212882,19.26359043,9.252777283191392,0,1.5007942727220034,0.48540000000000005,500,0
2017-03-11 00:00:00+00:00,19.26359043,21.39641323,11.071782322979962,0,1.5077184303834024,0.4852,500,0
2017-03-12 00:00:00+00:00,21.39641323,23.09884796,7.9566360571734025,0,1.4986442731398957,0.48440000000000005,500,0
2017-03-13 00:00:00+00:00,23.09884796,28.45,23.166315693607427,0,1.5373506782654656,0.4842,500,0
2017-03-14 00:00:00+00:00,28.45,28.53666459,0.30462070298770333,0,1.4635232329504388,0.4832,500,0
2017-03-15 00:00:00+00:00,28.53666459,34.19736421,19.836584623080515,0,1.52717099900204,0.48580000000000007,500,0
2017-03-16 00:00:00+00:00,34.19736421,39.86185607,16.56411829056576,0,1.5076598764506743,0.4904,500,0
2017-03-17 00:00:00+00:00,39.86185607,44.06729599,10.550035383738708,0,1.5066753665930646,0.485,500,0
2017-03-18 00:00:00+00:00,44.06729599,32.26798527,-26.775663119147513,0,1.1936166638012164,0.48280000000000006,500,0
2017-03-19 00:00:00+00:00,32.26798527,44.0887975,36.63325159934909,0,1.5425385041142827,0.4862,500,0
2017-03-20 00:00:00+00:00,44.0887975,41.86369288,-5.046870738536238,0,1.422014040344491,0.4850000000000001,500,0
2017-03-21 00:00:00+00:00,41.86369288,42.47845801,1.4684923562815775,0,1.474985597285348,0.4816000000000001,500,0
2017-03-22 00:00:00+00:00,42.47845801,41.26261254,-2.8622636671834267,0,1.4290708854363736,0.4882,500,0
2017-03-23 00:00:00+00:00,41.26261254,43.27492998,4.8768541692537335,0,1.4791904709581691,0.4864000000000001,500,0
2017-03-24 00:00:00+00:00,43.27492998,50.89479144,17.608027242381677,0,1.5173576206058632,0.48780000000000007,500,0
2017-03-25 00:00:00+00:00,50.89479144,50.67896649,-0.42406097734860515,0,1.451105772970562,0.486,500,0
2017-03-26 00:00:00+00:00,50.67896649,50.04945421,-1.2421569017675524,0,1.4532127015528167,0.48340000000000005,500,0
2017-03-27 00:00:00+00:00,50.04945421,49.0171138,-2.062640694678623,0,1.450585251050317,0.4824000000000001,500,0
2017-03-28 00:00:00+00:00,49.0171138,50.25954286,2.5346842432815913,0,1.4821364991622932,0.48120000000000007,500,0
2017-03-29 00:00:00+00:00,50.25954286,52.84379426,5.141812386154281,0,1.486796981392698,0.4842,500,0
2017-03-30 00:00:00+00:00,52.84379426,52.31317521,-1.0041274617588476,0,1.4564417964112022,0.48280000000000006,500,0
2017-03-31 00:00:00+00:00,52.31317521,49.96,-4.498245806249917,0,1.4380035471141008,0.4806000000000001,500,0
2017-04-01 00:00:00+00:00,49.96,50.42578761,0.9323210768614884,0,1.4678490156814152,0.48300000000000004,500,0
2017-04-02 00:00:00+00:00,50.42578761,48.37846728,-4.060066142812198,0,1.4304329173576464,0.4846000000000001,500,0
2017-04-03 00:00:00+00:00,48.37846728,43.57923996,-9.920172320101663,0,1.3804159244052392,0.4852,500,0
2017-04-04 00:00:00+00:00,43.57923996,41.79779505,-4.087829231613806,0,1.4301564779955602,0.48460000000000003,500,0
2017-04-05 00:00:00+00:00,41.79779505,45.59029505,9.073445131407725,0,1.4964042807625604,0.48660000000000003,500,0
2017-04-06 00:00:00+00:00,45.59029505,42.97852521,-5.7287846835288265,0,1.4119153257797834,0.48680000000000007,500,0
2017-04-07 00:00:00+00:00,42.97852521,42.40137666,-1.342876581222746,0,1.4542345192007726,0.48280000000000006,500,0
2017-04-08 00:00:00+00:00,42.40137666,44.50128439,4.952451772588285,0,1.4888107210599164,0.4832,500,0
2017-04-09 00:00:00+00:00,44.50128439,44.19,-0.699495293825618,0,1.453903895822249,0.4844000000000001,500,0
2017-04-10 00:00:00+00:00,44.19,43.90534129,-0.6441699705815684,0,1.452543509628265,0.4850000000000001,500,0
2017-04-11 00:00:00+00:00,43.90534129,43.85889484,-0.10578769834225972,0,1.444609015962688,0.48900000000000005,500,0
2017-04-12 00:00:00+00:00,43.85889484,46.19788349,5.332985836813221,0,1.4749652171101446,0.48860000000000003,500,0
2017-04-13 00:00:00+00:00,46.19788349,49.75,7.688916118351805,0,1.4869994986394153,0.488,500,0
2017-04-14 00:00:00+00:00,49.75,47.56205172,-4.39788598994975,0,1.4284459749806333,0.4844000000000001,500,0
2017-04-15 00:00:00+00:00,47.56205172,49.12279341,3.2814852041879083,0,1.4763528851480263,0.4846000000000001,500,0
2017-04-16 00:00:00+00:00,49.12279341,48.70871928,-0.8429368552882609,0,1.4417222909397425,0.48840000000000006,500,0
2017-04-17 00:00:00+00:00,48.70871928,48.34641781,-0.7438123509618964,0,1.433362915627591,0.49160000000000004,500,0
2017-04-18 00:00:00+00:00,48.34641781,50.75917082,4.990551770520106,0,1.4791461616679522,0.48660000000000003,500,0
2017-04-19 00:00:00+00:00,50.75917082,48.16,-5.120593536125862,0,1.4132120727327815,0.48800000000000004,500,0
2017-04-20 00:00:00+00:00,48.16,50.06525365,3.9560914659468565,0,1.4873778901647723,0.48200000000000004,500,0
2017-04-21 00:00:00+00:00,50.06525365,48.80173571,-2.5237422121799233,0,1.4490316204353983,0.48180000000000006,500,0
2017-04-22 00:00:00+00:00,48.80173571,49.08,0.5701934284746685,0,1.4600192949648199,0.48500000000000004,500,0
2017-04-23 00:00:00+00:00,49.08,50.60871348,3.114738141809292,0,1.4731710753313314,0.4854000000000001,500,0
2017-04-24 00:00:00+00:00,50.60871348,51.09741864,0.9656541856040914,0,1.4669003891908656,0.4834000000000001,500,0
2017-04-25 00:00:00+00:00,51.09741864,50.97375547,-0.24201451519743616,0,1.4545084483990605,0.4852,500,0
2017-04-26 00:00:00+00:00,50.97375547,54.87817857,7.659673225956255,0,1.4922303516993203,0.4862,500,0
2017-04-27 00:00:00+00:00,54.87817857,63.95735376,16.544235662666953,0,1.5362533837923833,0.48040000000000005,500,0
2017-04-28 00:00:00+00:00,63.95735376,73.01,14.15419136002729,0,1.5133208020335716,0.48640000000000005,500,0
2017-04-29 00:00:00+00:00,73.01,70.45153825,-3.504262087385298,0,1.4321136381813926,0.48540000000000005,500,0
2017-04-30 00:00:00+00:00,70.45153825,79.8,13.269350793770638,0,1.5194629102709891,0.4834000000000001,500,0
2017-05-01 00:00:00+00:00,79.8,76.8461778,-3.701531578947357,0,1.4341231731698452,0.4842,500,0
2017-05-02 00:00:00+00:00,76.8461778,77.34604387,0.6504761646063234,0,1.4656166388366587,0.4832,500,0
2017-05-03 00:00:00+00:00,77.34604387,80.93,4.633664439287635,0,1.4774159843300567,0.4866000000000001,500,0
2017-05-04 00:00:00+00:00,80.93,94.1122652,16.288477943902123,0,1.5239153972751434,0.48440000000000005,500,0
2017-05-05 00:00:00+00:00,94.1122652,91.16038714,-3.1365497937244404,0,1.4490879500096108,0.48020000000000007,500,0
2017-05-06 00:00:00+00:00,91.16038714,96.42767965,5.778049737668111,0,1.4903710629150246,0.484,500,0
2017-05-07 00:00:00+00:00,96.42767965,89.73967948,-6.935768022496427,0,1.4095594750522518,0.4842,500,0
2017-05-08 00:00:00+00:00,89.73967948,87.94812005,-1.996396065131128,0,1.4482568841133312,0.4834000000000001,500,0
2017-05-09 00:00:00+00:00,87.94812005,87.50244391,-0.5067489103196622,0,1.4635605986778908,0.4814000000000001,500,0
2017-05-10 00:00:00+00:00,87.50244391,88.41058887,1.0378509666930757,0,1.4627744170592791,0.48500000000000004,500,0
2017-05-11 00:00:00+00:00,88.41058887,88.45664874,0.05209768489126868,0,1.4534894956919528,0.4862,500,0
2017-05-12 00:00:00+00:00,88.45664874,88.18109149,-0.31151671912187073,0,1.4489920584434361,0.487,500,0
2017-05-13 00:00:00+00:00,88.18109149,89.13893168,1.086219476097799,0,1.4573601802155427,0.48700000000000004,500,0
2017-05-14 00:00:00+00:00,89.13893168,90.05504056,1.0277315004051615,0,1.4570262092734487,0.48700000000000004,500,0
2017-05-15 00:00:00+00:00,90.05504056,90.5041316,0.4986850677178785,0,1.465817429164238,0.48280000000000006,500,0
2017-05-16 00:00:00+00:00,90.5041316,87.09148558,-3.7707074358580965,0,1.4225269468025485,0.4882,500,0
2017-05-17 00:00:00+00:00,87.09148558,88.21316751,1.2879352356088358,0,1.476760403110417,0.4806,500,0
2017-05-18 00:00:00+00:00,88.21316751,96.62584623,9.536760732513445,0,1.4977678015921907,0.4868,500,0
2017-05-19 00:00:00+00:00,96.62584623,122.162783,26.428681110035555,0,1.52880394142681,0.4884000000000001,500,0
2017-05-20 00:00:00+00:00,122.162783,123.0282031,0.7084155081830399,0,1.4591352381622682,0.48560000000000003,500,0
2017-05-21 00:00:00+00:00,123.0282031,148.6573205,20.831904192868762,0,1.5320038307779433,0.48480000000000006,500,0
2017-05-22 00:00:00+00:00,148.6573205,153.9900638,3.5872725823818437,0,1.4773964619526632,0.48480000000000006,500,0
2017-05-23 00:00:00+00:00,153.9900638,171.0800283,11.098095603230737,0,1.5125511934806208,0.48360000000000003,500,0
2017-05-24 00:00:00+00:00,171.0800283,190.4258132,11.3080323239577,0,1.5106750888371303,0.4844000000000001,500,0
2017-05-25 00:00:00+00:00,190.4258132,176.8178151,-7.146089005122339,0,1.4033825313582247,0.48580000000000007,500,0
2017-05-26 00:00:00+00:00,176.8178151,162.9444864,-7.8461147662942725,0,1.396649769032886,0.4860000000000001,500,0
2017-05-27 00:00:00+00:00,162.9444864,159.0552476,-2.3868489728781563,0,1.448274730809328,0.4824000000000001,500,0
2017-05-28 00:00:00+00:00,159.0552476,172.3406699,8.352709200397355,0,1.4978286421416485,0.4852,500,0
2017-05-29 00:00:00+00:00,172.3406699,196.0785933,13.773837257203327,0,1.5178639062753203,0.4846000000000001,500,0
2017-05-30 00:00:00+00:00,196.0785933,230.7983714,17.707072207968565,0,1.526346378293402,0.48460000000000003,500,0
2017-05-31 00:00:00+00:00,230.7983714,231.3721267,0.24859590495359438,0,1.4648766870319245,0.48260000000000003,500,0
2017-06-01 00:00:00+00:00,231.3721267,221.8280712,-4.124980669073819,0,1.431072500420891,0.4842,500,0
2017-06-02 00:00:00+00:00,221.8280712,224.3167055,1.1218752823019638,0,1.4780808573958264,0.47980000000000006,500,0
2017-06-03 00:00:00+00:00,224.3167055,225.3975944,0.48185840532505086,0,1.4560828091719171,0.4862,500,0
2017-06-04 00:00:00+00:00,225.3975944,247.4275411,9.773816246195043,0,1.5092067850197086,0.4832,500,0
2017-06-05 00:00:00+00:00,247.4275411,248.9301252,0.607282476849534,0,1.4602364484320192,0.485,500,0
2017-06-06 00:00:00+00:00,248.9301252,266.1397081,6.9134191316431375,0,1.5011771033052923,0.482,500,0
2017-06-07 00:00:00+00:00,266.1397081,256.2189234,-3.7276604723231874,0,1.4307466584520152,0.4854000000000001,500,0
2017-06-08 00:00:00+00:00,256.2189234,260.3415097,1.609009297710609,0,1.4672171951375026,0.4846000000000001,500,0
2017-06-09 00:00:00+00:00,260.3415097,280.33,7.677796108286134,0,1.491622303366657,0.4864000000000001,500,0
2017-06-10 00:00:00+00:00,280.33,337.7921755,20.49804712303357,0,1.5283446080005276,0.48580000000000007,500,0
2017-06-11 00:00:00+00:00,337.7921755,341.0796489,0.9732236678170216,0,1.4732183797201857,0.48120000000000007,500,0
2017-06-12 00:00:00+00:00,341.0796489,398.4307851,16.814587556003545,0,1.5249333060045562,0.48480000000000006,500,0
2017-06-13 00:00:00+00:00,398.4307851,389.9448222,-2.1298461909438444,0,1.44443141116323,0.4844000000000001,500,0
2017-06-14 00:00:00+00:00,389.9448222,347.7813577,-10.812674537418175,0,1.375540456528512,0.4842,500,0
2017-06-15 00:00:00+00:00,347.7813577,346.3690699,-0.4060849636507131,0,1.4461476255422354,0.48779999999999996,500,0
2017-06-16 00:00:00+00:00,346.3690699,358.2845169,3.440101335676459,0,1.4789166385356487,0.48400000000000004,500,0
2017-06-17 00:00:00+00:00,358.2845169,372.357011,3.927742739697488,0,1.471607482383943,0.4874,500,0
2017-06-18 00:00:00+00:00,372.357011,359.4387121,-3.4693314529802217,0,1.4356783835922466,0.4842,500,0
2017-06-19 00:00:00+00:00,359.4387121,362.0442891,0.7249016069463152,0,1.468320178141546,0.4824000000000001,500,0
2017-06-20 00:00:00+00:00,362.0442891,358.0532311,-1.1023673401730256,0,1.443996887826193,0.487,500,0
2017-06-21 00:00:00+00:00,358.0532311,327.8909357,-8.42396961684617,0,1.3938283142334027,0.4852,500,0
2017-06-22 00:00:00+00:00,327.8909357,326.959814,-0.28397299181576785,0,1.4480401843307709,0.4874000000000001,500,0
2017-06-23 00:00:00+00:00,326.959814,331.9138051,1.5151681912811452,0,1.4649648105447513,0.4852,500,0
2017-06-24 00:00:00+00:00,331.9138051,310.0546284,-6.585799193683487,0,1.4221092542108094,0.4804000000000001,500,0
2017-06-25 00:00:00+00:00,310.0546284,288.0470263,-7.097975674018348,0,1.3962415099125174,0.48860000000000003,500,0
2017-06-26 00:00:00+00:00,288.0470263,258.9194627,-10.112086201391216,0,1.376294712233393,0.4862,500,0
2017-06-27 00:00:00+00:00,258.9194627,280.8130147,8.455738232921956,0,1.4908804314280328,0.48780000000000007,500,0
2017-06-28 00:00:00+00:00,280.8130147,317.2936775,12.991086912041192,0,1.5126380265429862,0.48560000000000003,500,0
2017-06-29 00:00:00+00:00,317.2936775,300.1821526,-5.392961194444225,0,1.425704135392581,0.4826000000000001,500,0
2017-06-30 00:00:00+00:00,300.1821526,284.6910833,-5.160556404111812,0,1.4175604296323576,0.4862,500,0
2017-07-01 00:00:00+00:00,284.6910833,262.4780734,-7.802495828993873,0,1.3983540456947585,0.4854000000000001,500,0
2017-07-02 00:00:00+00:00,262.4780734,286.133607,9.012384651250628,0,1.4961307298288977,0.48660000000000003,500,0
2017-07-03 00:00:00+00:00,286.133607,278.5971953,-2.6338785503095323,0,1.4393724356534754,0.48500000000000004,500,0
2017-07-04 00:00:00+00:00,278.5971953,269.7366306,-3.1804213572425715,0,1.4362404818047794,0.48480000000000006,500,0
2017-07-05 00:00:00+00:00,269.7366306,265.9369455,-1.4086648489484146,0,1.44541851060384,0.4858,500,0
2017-07-06 00:00:00+00:00,265.9369455,267.4697236,0.5763689949578782,0,1.4589120500200041,0.4854000000000001,500,0
2017-07-07 00:00:00+00:00,267.4697236,241.4766205,-9.718147815067324,0,1.3870250324497508,0.48360000000000003,500,0
2017-07-08 00:00:00+00:00,241.4766205,246.214971,1.9622398599867747,0,1.472678142792298,0.4834000000000001,500,0
2017-07-09 00:00:00+00:00,246.214971,238.7543185,-3.030137635294314,0,1.4438972131956898,0.4824000000000001,500,0
2017-07-10 00:00:00+00:00,238.7543185,210.5281973,-11.822245301083433,0,1.3675606374163258,0.48340000000000005,500,0
2017-07-11 00:00:00+00:00,210.5281973,194.3349365,-7.691730137661702,0,1.3992940484639653,0.48560000000000003,500,0
2017-07-12 00:00:00+00:00,194.3349365,222.1388562,14.307216294070724,0,1.523953504610587,0.48280000000000006,500,0
2017-07-13 00:00:00+00:00,222.1388562,206.4132504,-7.079178343225837,0,1.406238218809497,0.4848,500,0
2017-07-14 00:00:00+00:00,206.4132504,197.9694524,-4.090724788082701,0,1.4252197349252804,0.48640000000000005,500,0
2017-07-15 00:00:00+00:00,197.9694524,171.7774409,-13.230329822339806,0,1.3435817534494792,0.487,500,0
2017-07-16 00:00:00+00:00,171.7774409,156.4689916,-8.911792619446329,0,1.3933769459722674,0.4838,500,0
2017-07-17 00:00:00+00:00,156.4689916,188.3527773,20.377063451337538,0,1.5295084248317907,0.485,500,0
2017-07-18 00:00:00+00:00,188.3527773,228.50328,21.31665021113547,0,1.5378121491683892,0.48340000000000005,500,0
2017-07-19 00:00:00+00:00,228.50328,199.5905155,-12.653106992599836,0,1.3490073733209642,0.4878,500,0
2017-07-20 00:00:00+00:00,199.5905155,223.4613484,11.959903425370921,0,1.510879288196282,0.485,500,0
2017-07-21 00:00:00+00:00,223.4613484,217.086474,-2.8527861510030976,0,1.4418220577288476,0.4836000000000001,500,0
2017-07-22 00:00:00+00:00,217.086474,231.1435289,6.475325081745995,0,1.4853872325646533,0.48680000000000007,500,0
2017-07-23 00:00:00+00:00,231.1435289,226.7185993,-1.9143644734758622,0,1.4415449425115583,0.48600000000000004,500,0
2017-07-24 00:00:00+00:00,226.7185993,224.9134071,-0.7962258965843891,0,1.4561046907336281,0.4834000000000001,500,0
2017-07-25 00:00:00+00:00,224.9134071,206.8105048,-8.048832007578445,0,1.3876973127417374,0.4888,500,0
2017-07-26 00:00:00+00:00,206.8105048,200.3285558,-3.134245528905061,0,1.4425821128873404,0.48260000000000003,500,0
2017-07-27 00:00:00+00:00,200.3285558,203.1893218,1.428037050721844,0,1.4656029935505794,0.48480000000000006,500,0
2017-07-28 00:00:00+00:00,203.1893218,192.5856839,-5.21859997664503,0,1.4213926216330537,0.48480000000000006,500,0
2017-07-29 00:00:00+00:00,192.5856839,205.5111192,6.71152446965452,0,1.5021711017914743,0.4814000000000001,500,0
2017-07-30 00:00:00+00:00,205.5111192,197.1989635,-4.044625776141462,0,1.42836183124937,0.4854000000000001,500,0
2017-07-31 00:00:00+00:00,197.1989635,203.2871963,3.0873553754759033,0,1.467896229486939,0.4872,500,0
2017-08-01 00:00:00+00:00,203.2871963,227.0805671,11.704313519522918,0,1.5062770987864729,0.48640000000000005,500,0
2017-08-02 00:00:00+00:00,227.0805671,219.0579293,-3.532947756144645,0,1.4336663778246044,0.48480000000000006,500,0
2017-08-03 00:00:00+00:00,219.0579293,224.8679566,2.6522789284852433,0,1.476999033987738,0.4832,500,0
2017-08-04 00:00:00+00:00,224.8679566,221.6749595,-1.4199431294160716,0,1.4492377704763961,0.48440000000000005,500,0
2017-08-05 00:00:00+00:00,221.6749595,253.1556661,14.201291237858552,0,1.5127706398792624,0.48660000000000003,500,0
2017-08-06 00:00:00+00:00,253.1556661,263.2220862,3.976375585456425,0,1.471289446949592,0.48760000000000003,500,0
2017-08-07 00:00:00+00:00,263.2220862,268.496629,2.003837472814622,0,1.4665806095650147,0.48560000000000003,500,0
2017-08-08 00:00:00+00:00,268.496629,295.1470983,9.925811508046904,0,1.4954629288020882,0.48800000000000004,500,0
2017-08-09 00:00:00+00:00,295.1470983,297.0696048,0.651372319454715,0,1.4531158855583144,0.48760000000000003,500,0
2017-08-10 00:00:00+00:00,297.0696048,296.7767241,-0.0985899248080715,0,1.4520052179282699,0.48640000000000005,500,0
2017-08-11 00:00:00+00:00,296.7767241,306.83,3.3874879947163485,0,1.4896434705557018,0.48020000000000007,500,0
2017-08-12 00:00:00+00:00,306.83,308.63,0.5866440700061961,0,1.459543052912931,0.4852,500,0
2017-08-13 00:00:00+00:00,308.63,297.1598027,-3.716488124939246,0,1.4318637211425511,0.485,500,0
2017-08-14 00:00:00+00:00,297.1598027,296.3972895,-0.2566003857425501,0,1.459503002051025,0.4834000000000001,500,0
2017-08-15 00:00:00+00:00,296.3972895,288.4507672,-2.681037439109249,0,1.436343152500628,0.48600000000000004,500,0
2017-08-16 00:00:00+00:00,288.4507672,300.0393294,4.017518244964478,0,1.492860677954169,0.48020000000000007,500,0
2017-08-17 00:00:00+00:00,300.0393294,300.5703438,0.1769815980664579,0,1.4610444437105776,0.48380000000000006,500,0
2017-08-18 00:00:00+00:00,300.5703438,296.11,-1.48396004196871,0,1.4454561946579396,0.48560000000000003,500,0
2017-08-19 00:00:00+00:00,296.11,296.6220895,0.17293894160953763,0,1.4610212894519499,0.4838,500,0
2017-08-20 00:00:00+00:00,296.6220895,295.1715773,-0.48901017535310415,0,1.4591740592259521,0.483,500,0
2017-08-21 00:00:00+00:00,295.1715773,322.2012201,9.157264749962081,0,1.499073460653385,0.48580000000000007,500,0
2017-08-22 00:00:00+00:00,322.2012201,312.1744706,-3.1119526787912353,0,1.4388720088276172,0.48400000000000004,500,0
2017-08-23 00:00:00+00:00,312.1744706,316.7889202,1.478163666340498,0,1.461935469114724,0.4862,500,0
2017-08-24 00:00:00+00:00,316.7889202,321.7852984,1.577194744325525,0,1.4470363781314164,0.49160000000000004,500,0
2017-08-25 00:00:00+00:00,321.7852984,329.025281,2.2499420066731113,0,1.4679390504925933,0.48560000000000003,500,0
2017-08-26 00:00:00+00:00,329.025281,329.8657826,0.2554519815150562,0,1.45585674746416,0.48580000000000007,500,0
2017-08-27 00:00:00+00:00,329.8657826,343.3413371,4.08516287860649,0,1.4816485596866553,0.4842,500,0
2017-08-28 00:00:00+00:00,343.3413371,344.2011314,0.25041968650271,0,1.4575279847403735,0.4852,500,0
2017-08-29 00:00:00+00:00,344.2011314,366.81,6.568505021480006,0,1.4730399670383307,0.4912,500,0
2017-08-30 00:00:00+00:00,366.81,378.9063307,3.297710176930839,0,1.4833545319264794,0.4822000000000001,500,0
2017-08-31 00:00:00+00:00,378.9063307,382.9344508,1.0630912638905579,0,1.475453700215311,0.4806,500,0
2017-09-01 00:00:00+00:00,382.9344508,386.343057,0.8901278516150704,0,1.4658956721388519,0.48360000000000003,500,0
2017-09-02 00:00:00+00:00,386.343057,346.3987755,-10.3390706203373,0,1.373512828155052,0.48640000000000005,500,0
2017-09-03 00:00:00+00:00,346.3987755,349.9292404,1.0191909295591683,0,1.4678094393100387,0.4832,500,0
2017-09-04 00:00:00+00:00,349.9292404,299.7173319,-14.349160545315792,0,1.344493120691446,0.4820000000000001,500,0
2017-09-05 00:00:00+00:00,299.7173319,318.9728041,6.4245441122586096,0,1.4828355112388232,0.4876000000000001,500,0
2017-09-06 00:00:00+00:00,318.9728041,333.20633,4.462300772055055,0,1.484702698361354,0.48380000000000006,500,0
2017-09-07 00:00:00+00:00,333.20633,329.4156625,-1.137633699815962,0,1.4421228533517116,0.48760000000000003,500,0
2017-09-08 00:00:00+00:00,329.4156625,304.4751083,-7.5711500815478106,0,1.3938291209374492,0.4882,500,0
2017-09-09 00:00:00+00:00,304.4751083,299.6944445,-1.5701328843241973,0,1.4398736706671436,0.4874000000000001,500,0
2017-09-10 00:00:00+00:00,299.6944445,292.7796568,-2.3072792395389152,0,1.4377783363294565,0.48640000000000005,500,0
2017-09-11 00:00:00+00:00,292.7796568,296.4753988,1.2622946691014756,0,1.4680876474683728,0.48360000000000003,500,0
2017-09-12 00:00:00+00:00,296.4753988,290.586532,-1.9862918892547308,0,1.4444050637298633,0.48480000000000006,500,0
2017-09-13 00:00:00+00:00,290.586532,277.3336579,-4.5607323948516605,0,1.4201049342504406,0.487,500,0
2017-09-14 00:00:00+00:00,277.3336579,214.3117136,-22.724232167566274,0,1.2472471756971217,0.48200000000000004,500,0
2017-09-15 00:00:00+00:00,214.3117136,246.9218573,15.216220873892548,0,1.5044600807292776,0.49040000000000006,500,0
2017-09-16 00:00:00+00:00,246.9218573,244.8056118,-0.8570506973908101,0,1.4511931589957219,0.48500000000000004,500,0
2017-09-17 00:00:00+00:00,244.8056118,249.666546,1.9856302166680977,0,1.4802085672413425,0.48080000000000006,500,0
2017-09-18 00:00:00+00:00,249.666546,287.9610957,15.338278321037041,0,1.5174233093115423,0.48600000000000004,500,0
2017-09-19 00:00:00+00:00,287.9610957,280.4456323,-2.6098884579289323,0,1.4385725939835703,0.4854000000000001,500,0
2017-09-20 00:00:00+00:00,280.4456323,279.4176492,-0.3665534355337406,0,1.4469672533785063,0.48760000000000003,500,0
2017-09-21 00:00:00+00:00,279.4176492,257.47,-7.854782710697861,0,1.3996302081130902,0.48500000000000004,500,0
2017-09-22 00:00:00+00:00,257.47,263.4697737,2.330280692896256,0,1.4620601100145798,0.48780000000000007,500,0
2017-09-23 00:00:00+00:00,263.4697737,283.222159,7.497021393615732,0,1.491491994929005,0.4862,500,0
2017-09-24 00:00:00+00:00,283.222159,280.6810447,-0.8972159201709934,0,1.4492709349879482,0.4856000000000001,500,0
2017-09-25 00:00:00+00:00,280.6810447,288.0857009,2.638103405919108,0,1.4666075520776516,0.48680000000000007,500,0
2017-09-26 00:00:00+00:00,288.0857009,283.9294531,-1.4427122856204269,0,1.4485217276770437,0.48460000000000003,500,0
2017-09-27 00:00:00+00:00,283.9294531,302.1518454,6.417929559981964,0,1.4989834683471408,0.4820000000000001,500,0
2017-09-28 00:00:00+00:00,302.1518454,294.313838,-2.594062395887004,0,1.4385742052118005,0.48540000000000005,500,0
2017-09-29 00:00:00+00:00,294.313838,288.1145969,-2.106336943626822,0,1.435218375940054,0.48780000000000007,500,0
2017-09-30 00:00:00+00:00,288.1145969,297.2689356,3.1773255497975916,0,1.4677245292221022,0.48740000000000006,500,0
2017-10-01 00:00:00+00:00,297.2689356,299.674889,0.8093524455032184,0,1.4591637482662305,0.48580000000000007,500,0
2017-10-02 00:00:00+00:00,299.674889,295.8400297,-1.2796732194668485,0,1.4440023644451172,0.48660000000000003,500,0
2017-10-03 00:00:00+00:00,295.8400297,292.2107207,-1.2267809071275178,0,1.442671883017977,0.4872,500,0
2017-10-04 00:00:00+00:00,292.2107207,293.0357028,0.2823243781144405,0,1.462253868023837,0.4836000000000001,500,0
2017-10-05 00:00:00+00:00,293.0357028,293.7193461,0.23329693053360306,0,1.4653501938741247,0.48240000000000005,500,0
2017-10-06 00:00:00+00:00,293.7193461,307.7089806,4.762925794897111,0,1.4872968683475492,0.4834000000000001,500,0
2017-10-07 00:00:00+00:00,307.7089806,309.5982491,0.6139789928509994,0,1.4500611126952665,0.48860000000000003,500,0
2017-10-08 00:00:00+00:00,309.5982491,307.0581369,-0.8204543169685367,0,1.4497629783812949,0.48560000000000003,500,0
2017-10-09 00:00:00+00:00,307.0581369,295.9,-3.633884127823627,0,1.4340637147673976,0.4844000000000001,500,0
2017-10-10 00:00:00+00:00,295.9,299.9170114,1.357557080094627,0,1.4617900447118464,0.48600000000000004,500,0
2017-10-11 00:00:00+00:00,299.9170114,303.2474665,1.1104588847606778,0,1.4637738328394834,0.48480000000000006,500,0
2017-10-12 00:00:00+00:00,303.2474665,302.0199977,-0.40477462653426555,0,1.4501162909020047,0.48640000000000005,500,0
2017-10-13 00:00:00+00:00,302.0199977,337.9526134,11.89742930058967,0,1.5274330965852,0.47920000000000007,500,0
2017-10-14 00:00:00+00:00,337.9526134,335.3382448,-0.7735902893893805,0,1.4562366012219614,0.48340000000000005,500,0
2017-10-15 00:00:00+00:00,335.3382448,335.391355,0.015837799840476736,0,1.4594914343523444,0.48400000000000004,500,0
2017-10-16 00:00:00+00:00,335.391355,331.97,-1.0201082851404888,0,1.4451228049329208,0.48680000000000007,500,0
2017-10-17 00:00:00+00:00,331.97,317.9,-4.238334789288204,0,1.4328952117707827,0.4832,500,0
2017-10-18 00:00:00+00:00,317.9,314.46,-1.0821012897137459,0,1.4480822218003675,0.48560000000000003,500,0
2017-10-19 00:00:00+00:00,314.46,308.4746839,-1.9033632576480244,0,1.442147526892669,0.48580000000000007,500,0
2017-10-20 00:00:00+00:00,308.4746839,302.3564969,-1.9833676211767657,0,1.4472239504156978,0.48380000000000006,500,0
2017-10-21 00:00:00+00:00,302.3564969,300.693846,-0.5498975272722234,0,1.4587783108482342,0.483,500,0
2017-10-22 00:00:00+00:00,300.693846,295.4882479,-1.731195423267835,0,1.4349397555699208,0.48880000000000007,500,0
2017-10-23 00:00:00+00:00,295.4882479,289.4140251,-2.055656305510881,0,1.444491835735558,0.4846000000000001,500,0
2017-10-24 00:00:00+00:00,289.4140251,298.7557343,3.2278011394825,0,1.4761081545397547,0.48460000000000003,500,0
2017-10-25 00:00:00+00:00,298.7557343,298.4839668,-0.09096645479850564,0,1.465614963931234,0.4816000000000001,500,0
2017-10-26 00:00:00+00:00,298.4839668,295.7078546,-0.9300707940068826,0,1.4468305637927996,0.4864000000000001,500,0
2017-10-27 00:00:00+00:00,295.7078546,297.9291297,0.7511721672069366,0,1.4628018601179402,0.4844000000000001,500,0
2017-10-28 00:00:00+00:00,297.9291297,296.4649529,-0.4914513735109809,0,1.4411231713691843,0.48940000000000006,500,0
2017-10-29 00:00:00+00:00,296.4649529,303.7411304,2.4543128720022,0,1.4759348784926132,0.4832,500,0
2017-10-30 00:00:00+00:00,303.7411304,306.2494615,0.8258121304469935,0,1.4581288323511867,0.4862,500,0
2017-10-31 00:00:00+00:00,306.2494615,303.542117,-0.8840324115965756,0,1.4521613599893606,0.48460000000000003,500,0
2017-11-01 00:00:00+00:00,303.542117,292.3305387,-3.6935824296171855,0,1.4313941027410226,0.4852,500,0
2017-11-02 00:00:00+00:00,292.3305387,287.0696687,-1.799630658977729,0,1.448917628235662,0.48360000000000003,500,0
2017-11-03 00:00:00+00:00,287.0696687,305.8432727,6.539737926690956,0,1.4891972977128058,0.48560000000000003,500,0
2017-11-04 00:00:00+00:00,305.8432727,299.9549104,-1.925287500364883,0,1.4448237354791482,0.48480000000000006,500,0
2017-11-05 00:00:00+00:00,299.9549104,297.5173231,-0.8126512403979028,0,1.4565616333924982,0.4832,500,0
2017-11-06 00:00:00+00:00,297.5173231,301.37,1.2949420423176716,0,1.4716833897916155,0.4824000000000001,500,0
2017-11-07 00:00:00+00:00,301.37,295.2351134,-2.035665991970009,0,1.441836299793265,0.48560000000000003,500,0
2017-11-08 00:00:00+00:00,295.2351134,308.9339866,4.639987785409551,0,1.4855637006891573,0.4838,500,0
2017-11-09 00:00:00+00:00,308.9339866,322.3295205,4.336050574242638,0,1.4724781135141807,0.4878,500,0
2017-11-10 00:00:00+00:00,322.3295205,301.3549334,-6.507187758497598,0,1.4048857959111438,0.4872,500,0
2017-11-11 00:00:00+00:00,301.3549334,316.258342,4.945466938886368,0,1.488750042877639,0.48319999999999996,500,0
2017-11-12 00:00:00+00:00,316.258342,314.1661277,-0.6615522887930726,0,1.4507735312805885,0.48560000000000003,500,0
2017-11-13 00:00:00+00:00,314.1661277,315.3439564,0.3749063301708768,0,1.4616735395334972,0.4840000000000001,500,0
2017-11-14 00:00:00+00:00,315.3439564,338.94,7.48263701304915,0,1.4844341350540686,0.48860000000000003,500,0
2017-11-15 00:00:00+00:00,338.94,334.29,-1.3719242343777593,0,1.455159126305834,0.48240000000000005,500,0
2017-11-16 00:00:00+00:00,334.29,330.02,-1.2773340512728584,0,1.4490880292654065,0.48480000000000006,500,0
2017-11-17 00:00:00+00:00,330.02,333.35,1.0090297557723897,0,1.4683061695502402,0.48300000000000004,500,0
2017-11-18 00:00:00+00:00,333.35,348.75,4.619769011549415,0,1.4831114076325098,0.48460000000000003,500,0
2017-11-19 00:00:00+00:00,348.75,353.44,1.344802867383512,0,1.4605694217103273,0.4864000000000001,500,0
2017-11-20 00:00:00+00:00,353.44,365.79,3.494228157537354,0,1.4797659593423422,0.48380000000000006,500,0
2017-11-21 00:00:00+00:00,365.79,361.06,-1.2930916646163149,0,1.4551305105506598,0.4826000000000001,500,0
2017-11-22 00:00:00+00:00,361.06,379.41,5.082257796488125,0,1.4841631331350387,0.48500000000000004,500,0
2017-11-23 00:00:00+00:00,379.41,412.56,8.737249940697392,0,1.506836045196732,0.48260000000000003,500,0
2017-11-24 00:00:00+00:00,412.56,475.0,15.134768276129531,0,1.512027091446802,0.48760000000000003,500,0
2017-11-25 00:00:00+00:00,475.0,467.45,-1.5894736842105288,0,1.4397335594370515,0.48740000000000006,500,0
2017-11-26 00:00:00+00:00,467.45,469.0,0.33158626591079504,0,1.4602855173064286,0.48440000000000005,500,0
2017-11-27 00:00:00+00:00,469.0,484.36,3.275053304904054,0,1.474567902419306,0.4852,500,0
2017-11-28 00:00:00+00:00,484.36,474.18,-2.1017425055743675,0,1.4407672932559026,0.48580000000000007,500,0
2017-11-29 00:00:00+00:00,474.18,428.35,-9.665106077860724,0,1.3710840724344207,0.48980000000000007,500,0
2017-11-30 00:00:00+00:00,428.35,454.16,6.025446480681686,0,1.4804553468700654,0.48780000000000007,500,0
2017-12-01 00:00:00+00:00,454.16,469.86,3.4569314778932507,0,1.4905459054294659,0.48000000000000004,500,0
2017-12-02 00:00:00+00:00,469.86,469.86,0.0,0,1.4543030303030304,0.48580000000000007,500,0
2017-12-03 00:00:00+00:00,469.86,461.88,-1.6983782403269099,0,1.4491044321110436,0.48380000000000006,500,0
2017-12-04 00:00:00+00:00,461.88,472.25,2.2451719061228035,0,1.4650470212503894,0.4866000000000001,500,0
2017-12-05 00:00:00+00:00,472.25,467.02,-1.1074642668078387,0,1.4558163185362205,0.48280000000000006,500,0
2017-12-06 00:00:00+00:00,467.02,448.33,-4.001969937047663,0,1.4259069872691448,0.4864000000000001,500,0
2017-12-07 00:00:00+00:00,448.33,451.83,0.7806749492561283,0,1.4476011850883441,0.48980000000000007,500,0
2017-12-08 00:00:00+00:00,451.83,467.88,3.552220968063212,0,1.484693205063422,0.4822000000000001,500,0
2017-12-09 00:00:00+00:00,467.88,482.04,3.0264170300077,0,1.4744574820552478,0.48480000000000006,500,0
2017-12-10 00:00:00+00:00,482.04,446.69,-7.3334163139988435,0,1.4069379824318373,0.48380000000000006,500,0
2017-12-11 00:00:00+00:00,446.69,509.0,13.949271306722782,0,1.5283595842483675,0.48100000000000004,500,0
2017-12-12 00:00:00+00:00,509.0,661.84,30.027504911591365,0,1.5328298589241098,0.4882,500,0
2017-12-13 00:00:00+00:00,661.84,709.88,7.258551915870899,0,1.5049765547367824,0.48120000000000007,500,0
2017-12-14 00:00:00+00:00,709.88,704.62,-0.7409703048402534,0,1.4542057340047694,0.4842,500,0
2017-12-15 00:00:00+00:00,704.62,693.1,-1.634923788708805,0,1.4589841575833267,0.48040000000000005,500,0
2017-12-16 00:00:00+00:00,693.1,702.24,1.318713028423025,0,1.4632677649185701,0.48540000000000005,500,0
2017-12-17 00:00:00+00:00,702.24,728.7,3.7679425837320624,0,1.4777421836404432,0.485,500,0
2017-12-18 00:00:00+00:00,728.7,798.12,9.52655413750514,0,1.4935749555266522,0.4882,500,0
2017-12-19 00:00:00+00:00,798.12,829.99,3.9931338645817673,0,1.4725153300152078,0.4872,500,0
2017-12-20 00:00:00+00:00,829.99,813.4,-1.998819262882689,0,1.4448163285830242,0.4846000000000001,500,0
2017-12-21 00:00:00+00:00,813.4,812.89,-0.06269977870666227,0,1.4640965179336831,0.4822000000000001,500,0
2017-12-22 00:00:00+00:00,812.89,669.28,-17.666596956537788,0,1.3031678939779925,0.48380000000000006,500,0
2017-12-23 00:00:00+00:00,669.28,715.72,6.938799904374859,0,1.500060085743974,0.4824000000000001,500,0
2017-12-24 00:00:00+00:00,715.72,686.21,-4.123120773486837,0,1.429318139282363,0.48480000000000006,500,0
2017-12-25 00:00:00+00:00,686.21,733.9,6.94976756386528,0,1.4862881492618571,0.4872,500,0
2017-12-26 00:00:00+00:00,733.9,774.11,5.478948085570246,0,1.4837605218452368,0.48580000000000007,500,0
2017-12-27 00:00:00+00:00,774.11,764.97,-1.1807107517019526,0,1.451912026138935,0.4840000000000001,500,0
2017-12-28 00:00:00+00:00,764.97,736.84,-3.6772683896100493,0,1.4370805015678778,0.4832,500,0
2017-12-29 00:00:00+00:00,736.84,755.34,2.510721459204169,0,1.4739578589237927,0.48400000000000004,500,0
2017-12-30 00:00:00+00:00,755.34,736.91,-2.4399608123494136,0,1.4491346472314508,0.482,500,0
2017-12-31 00:00:00+00:00,736.91,774.7,5.128170332876481,0,1.4879226240425583,0.48380000000000006,500,0
2018-01-01 00:00:00+00:00,774.7,776.08,0.1781334710210398,0,1.4582206944415608,0.48480000000000006,500,0
2018-01-02 00:00:00+00:00,776.08,876.89,12.98964024327388,0,1.51523022977225,0.4844000000000001,500,0
2018-01-03 00:00:00+00:00,876.89,963.0557507,9.826289580221008,0,1.5104288379438384,0.48280000000000006,500,0
2018-01-04 00:00:00+00:00,963.0557507,978.42,1.5953644728077718,0,1.4665636640032913,0.4848,500,0
2018-01-05 00:00:00+00:00,978.42,1004.894972,2.705890312953547,0,1.4773304800114215,0.4832,500,0
2018-01-06 00:00:00+00:00,1004.894972,1052.02,4.689547595825759,0,1.4840262275980016,0.4844000000000001,500,0
2018-01-07 00:00:00+00:00,1052.02,1137.654919,8.140046672116508,0,1.4894738566518457,0.48780000000000007,500,0
2018-01-08 00:00:00+00:00,1137.654919,1184.92,4.1546061297344945,0,1.4802627934117663,0.48480000000000006,500,0
2018-01-09 00:00:00+00:00,1184.92,1361.439668,14.897180231576806,0,1.5156283397158368,0.4862,500,0
2018-01-10 00:00:00+00:00,1361.439668,1345.587602,-1.1643605201607745,0,1.4492361158927574,0.48500000000000004,500,0
2018-01-11 00:00:00+00:00,1345.587602,1181.65141,-12.183241860755501,0,1.3667038406333227,0.4822000000000001,500,0
2018-01-12 00:00:00+00:00,1181.65141,1315.618758,11.337298535445418,0,1.5023623113459135,0.4872,500,0
2018-01-13 00:00:00+00:00,1315.618758,1448.180086,10.075968223615126,0,1.5091792306509273,0.48360000000000003,500,0
2018-01-14 00:00:00+00:00,1448.180086,1410.000215,-2.6364035363485896,0,1.4338496061720676,0.48700000000000004,500,0
2018-01-15 00:00:00+00:00,1410.000215,1329.671397,-5.697078422076691,0,1.412918952587415,0.48660000000000003,500,0
2018-01-16 00:00:00+00:00,1329.671397,1068.600411,-19.634248475903718,0,1.2832947780645791,0.48380000000000006,500,0
2018-01-17 00:00:00+00:00,1068.600411,1022.365213,-4.326705990757836,0,1.4337770444988434,0.48260000000000003,500,0
2018-01-18 00:00:00+00:00,1022.365213,1036.072313,1.340724412930495,0,1.466246291378904,0.4844000000000001,500,0
2018-01-19 00:00:00+00:00,1036.072313,1046.898597,1.044935171431438,0,1.4571284609558635,0.487,500,0
2018-01-20 00:00:00+00:00,1046.898597,1172.917206,12.037327145257407,0,1.506592828266725,0.48660000000000003,500,0
2018-01-21 00:00:00+00:00,1172.917206,1053.633202,-10.169857121185421,0,1.3878447990277798,0.4814000000000001,500,0
2018-01-22 00:00:00+00:00,1053.633202,1000.387133,-5.053567873423947,0,1.4275215218628106,0.48300000000000004,500,0
2018-01-23 00:00:00+00:00,1000.387133,991.67,-0.8713759616098531,0,1.4488615648301977,0.48580000000000007,500,0
2018-01-24 00:00:00+00:00,991.67,1056.879233,6.575698871600448,0,1.4893379829994728,0.48560000000000003,500,0
2018-01-25 00:00:00+00:00,1056.879233,1059.315496,0.23051479525095617,0,1.454579768582011,0.4862,500,0
2018-01-26 00:00:00+00:00,1059.315496,1048.798906,-0.9927722231677758,0,1.440807573257417,0.4884000000000001,500,0
2018-01-27 00:00:00+00:00,1048.798906,1095.782514,4.479753719346462,0,1.4818946281975958,0.48480000000000006,500,0
2018-01-28 00:00:00+00:00,1095.782514,1237.324176,12.916948408249567,0,1.5050548361605873,0.488,500,0
2018-01-29 00:00:00+00:00,1237.324176,1169.634257,-5.470669717197875,0,1.4283091447605034,0.48140000000000005,500,0
2018-01-30 00:05:11+00:00,1169.634257,1161.908643,-0.6605153665570135,0,1.4569601633298197,0.4834000000000001,500,0
2018-01-31 00:00:00+00:00,1161.908643,1058.096053,-8.934660278622268,0,1.3940572655353634,0.4834000000000001,500,0
2018-02-01 00:00:00+00:00,1058.096053,1106.138172,4.540430792061556,0,1.4896766752469557,0.4822000000000001,500,0
2018-02-02 00:00:00+00:00,1106.138172,1021.269379,-7.672530896076878,0,1.3956609061002232,0.48700000000000004,500,0
2018-02-03 00:00:00+00:00,1021.269379,914.6388425,-10.440980479059283,0,1.3705316467212667,0.48700000000000004,500,0
2018-02-04 00:00:00+00:00,914.6388425,941.8032295,2.9699577295177066,0,1.4700957109878845,0.4862,500,0
2018-02-05 00:00:00+00:00,941.8032295,834.8891703,-11.35205909803052,0,1.3589973716306671,0.4884000000000001,500,0
2018-02-06 00:00:00+00:00,834.8891703,684.3133397,-18.035427450315797,0,1.2996285774329384,0.48380000000000006,500,0
2018-02-07 00:00:00+00:00,684.3133397,785.7389155,14.821510836609509,0,1.526231641670881,0.48260000000000003,500,0
2018-02-08 00:05:23+00:00,785.7389155,751.8878894,-4.308177364291437,0,1.4263556045566492,0.4854000000000001,500,0
2018-02-09 00:00:00+00:00,751.8878894,807.8227505,7.4392554912189865,0,1.499471687444089,0.48340000000000005,500,0
2018-02-10 00:00:00+00:00,807.8227505,871.3268829,7.861146812304341,0,1.4935049483166494,0.4860000000000001,500,0
2018-02-11 00:00:00+00:00,871.3268829,854.3498784,-1.9484082074337228,0,1.4457193345721888,0.4844000000000001,500,0
2018-02-12 00:00:00+00:00,854.3498784,817.2905244,-4.337725671525066,0,1.4260427833957119,0.48540000000000005,500,0
2018-02-13 00:00:00+00:00,817.2905244,862.7487726,5.5620672016688895,0,1.478946170314598,0.48760000000000003,500,0
2018-02-14 00:00:00+00:00,862.7487726,833.7791837,-3.3578244119312552,0,1.4381816445328404,0.4836000000000001,500,0
2018-02-15 00:00:00+00:00,833.7791837,915.076543,9.750466417167287,0,1.4967907894190016,0.48740000000000006,500,0
2018-02-16 00:00:00+00:00,915.076543,928.2935214,1.4443576880103697,0,1.4663066888550187,0.48460000000000003,500,0
2018-02-17 00:00:00+00:00,928.2935214,934.6767105,0.6876261605675341,0,1.463553653620956,0.4840000000000001,500,0
2018-02-18 00:00:00+00:00,934.6767105,964.2765079,3.166848715441481,0,1.4717108087557986,0.48600000000000004,500,0
2018-02-19 00:00:00+00:00,964.2765079,915.0920469,-5.100659468217658,0,1.4171532333979053,0.48660000000000003,500,0
2018-02-20 00:00:00+00:00,915.0920469,928.2902425,1.4422806585097818,0,1.4685400940058115,0.48380000000000006,500,0
2018-02-21 00:00:00+00:00,928.2902425,902.9690554,-2.72772306986734,0,1.4415518912263083,0.484,500,0
2018-02-22 00:00:00+00:00,902.9690554,809.1296597,-10.392315787436447,0,1.373367629245327,0.48640000000000005,500,0
2018-02-23 00:00:00+00:00,809.1296597,812.4468626,0.4099717344720621,0,1.460768121096473,0.4844000000000001,500,0
2018-02-24 00:00:00+00:00,812.4468626,864.6697536,6.427853119264418,0,1.4904013372350327,0.4850000000000001,500,0
2018-02-25 00:00:00+00:00,864.6697536,828.723399,-4.157235112057476,0,1.4371749526678357,0.48180000000000006,500,0
2018-02-26 00:00:00+00:00,828.723399,842.6280248,1.6778367567246737,0,1.4664698210907996,0.48500000000000004,500,0
2018-02-27 00:00:00+00:00,842.6280248,863.6502752,2.494843487432031,0,1.4767384532128285,0.48300000000000004,500,0
2018-02-28 00:00:00+00:00,863.6502752,869.2632438,0.6499122111320141,0,1.4621959866894503,0.48440000000000005,500,0
2018-03-01 00:00:00+00:00,869.2632438,846.3652118,-2.6341884536496556,0,1.431133200990398,0.488,500,0
2018-03-02 00:00:00+00:00,846.3652118,855.6787797,1.1004195080504788,0,1.4608482639436007,0.48580000000000007,500,0
2018-03-03 00:00:00+00:00,855.6787797,850.4429896,-0.6118873371892639,0,1.4527496779517903,0.4850000000000001,500,0
2018-03-04 00:00:00+00:00,850.4429896,844.2552535,-0.7275897591807313,0,1.4531591272475743,0.4846000000000001,500,0
2018-03-05 00:00:00+00:00,844.2552535,843.7565763,-0.05906711245593387,0,1.4505499502421388,0.487,500,0
2018-03-06 00:00:00+00:00,843.7565763,840.1509955,-0.4273247641886242,0,1.446590904200873,0.48760000000000003,500,0
2018-03-07 00:00:00+00:00,840.1509955,808.4491332,-3.7733529412928033,0,1.42429142012557,0.48760000000000003,500,0
2018-03-08 00:00:00+00:00,808.4491332,752.5931712,-6.909026147249504,0,1.415764088553681,0.48180000000000006,500,0
2018-03-09 00:00:00+00:00,752.5931712,699.1898985,-7.095901842272788,0,1.407341288229134,0.4842,500,0
2018-03-10 00:00:00+00:00,699.1898985,710.8916533,1.6736161127476592,0,1.4704417959815443,0.48360000000000003,500,0
2018-03-11 00:00:00+00:00,710.8916533,684.93,-3.651984543563649,0,1.4393091259855237,0.48240000000000005,500,0
2018-03-12 00:00:00+00:00,684.93,713.19533,4.126747258843979,0,1.4864588803129144,0.4826000000000001,500,0
2018-03-13 00:00:00+00:00,713.19533,695.314203,-2.5071850933179824,0,1.4258833814149292,0.49019999999999997,500,0
2018-03-14 00:00:00+00:00,695.314203,684.6415844,-1.5349346459416369,0,1.4507422081889214,0.48360000000000003,500,0
2018-03-15 00:00:00+00:00,684.6415844,608.3931488,-11.136985736386727,0,1.3720479224896835,0.4842,500,0
2018-03-16 00:00:00+00:00,608.3931488,612.4435397,0.665752220909958,0,1.4634280885133868,0.48400000000000004,500,0
2018-03-17 00:00:00+00:00,612.4435397,607.88,-0.7451363928559664,0,1.4513487304832224,0.4852,500,0
2018-03-18 00:00:00+00:00,607.88,560.1094331,-7.858552164900959,0,1.3988250638659434,0.4852,500,0
2018-03-19 00:00:00+00:00,560.1094331,538.6905901,-3.8240461121060942,0,1.4338509087494613,0.48400000000000004,500,0
2018-03-20 00:00:00+00:00,538.6905901,555.0775482,3.041998208462861,0,1.4682179480180253,0.48700000000000004,500,0
2018-03-21 00:00:00+00:00,555.0775482,554.209826,-0.1563244996692523,0,1.452779330713714,0.486,500,0
2018-03-22 00:00:00+00:00,554.209826,561.1465342,1.2516393384912663,0,1.4680072760047105,0.48360000000000003,500,0
2018-03-23 00:00:00+00:00,561.1465342,537.7059724,-4.177262153711448,0,1.4237345458282353,0.48680000000000007,500,0
2018-03-24 00:00:00+00:00,537.7059724,538.11,0.07513913193054635,0,1.4564611464773334,0.4852,500,0
2018-03-25 00:00:00+00:00,538.11,519.4855998,-3.4610767686904103,0,1.435237826136812,0.48440000000000005,500,0
2018-03-26 00:00:00+00:00,519.4855998,519.3780446,-0.020704173521171886,0,1.4575696646748098,0.48460000000000003,500,0
2018-03-27 00:00:00+00:00,519.3780446,487.5396121,-6.130107506666052,0,1.4160417888390697,0.484,500,0
2018-03-28 00:00:00+00:00,487.5396121,449.0522525,-7.894201546869548,0,1.4047700401942034,0.48300000000000004,500,0
2018-03-29 00:00:00+00:00,449.0522525,443.949101,-1.1364271020998886,0,1.4387584996554634,0.48880000000000007,500,0
2018-03-30 00:00:00+00:00,443.949101,385.3270957,-13.204668095498636,0,1.3444666709778803,0.48740000000000006,500,0
2018-03-31 00:00:00+00:00,385.3270957,395.3262633,2.5949816951842304,0,1.4807598892180158,0.48180000000000006,500,0
2018-04-01 00:00:00+00:00,395.3262633,395.796381,0.11891891423445507,0,1.4482364439387505,0.4882,500,0
2018-04-02 00:00:00+00:00,395.796381,379.1235134,-4.212486116693427,0,1.4275448324498503,0.4852,500,0
2018-04-03 00:00:00+00:00,379.1235134,384.8259823,1.504119026767819,0,1.4706358875565155,0.4832,500,0
2018-04-04 00:00:00+00:00,384.8259823,415.716234,8.027070187770939,0,1.5001265164802402,0.484,500,0
2018-04-05 00:00:00+00:00,415.716234,380.2819596,-8.523668671548679,0,1.400316488895745,0.48260000000000003,500,0
2018-04-06 00:00:00+00:00,380.2819596,384.4644854,1.099848597708764,0,1.4722354249635197,0.48180000000000006,500,0
2018-04-07 00:00:00+00:00,384.4644854,369.9138977,-3.784637659018477,0,1.4203514611525225,0.48900000000000005,500,0
2018-04-08 00:00:00+00:00,369.9138977,383.4463609,3.6582737994274592,0,1.4736749269809062,0.4862,500,0
2018-04-09 00:00:00+00:00,383.4463609,396.9817555,3.529931688028185,0,1.473586889892155,0.486,500,0
2018-04-10 00:00:00+00:00,396.9817555,398.773355,0.4513052489637552,0,1.4615784186764011,0.4842,500,0
2018-04-11 00:00:00+00:00,398.773355,412.6893456,3.4896992052039293,0,1.4791826625417752,0.484,500,0
2018-04-12 00:00:00+00:00,412.6893456,427.384946,3.5609352547336486,0,1.4662811880520972,0.48860000000000003,500,0
2018-04-13 00:00:00+00:00,427.384946,488.6054893,14.324450094224886,0,1.506875055407503,0.48860000000000003,500,0
2018-04-14 00:00:00+00:00,488.6054893,488.9921813,0.07914196800245386,0,1.4525215794817505,0.48660000000000003,500,0
2018-04-15 00:00:00+00:00,488.9921813,495.1129136,1.2517035106221617,0,1.452026547208811,0.4892,500,0
2018-04-16 00:00:00+00:00,495.1129136,525.5274445,6.142948419352233,0,1.492585302372337,0.48380000000000006,500,0
2018-04-17 00:00:00+00:00,525.5274445,507.1103131,-3.5045042067255947,0,1.4404241589925013,0.48240000000000005,500,0
2018-04-18 00:00:00+00:00,507.1103131,498.4670076,-1.7044231357005697,0,1.4306695651123909,0.49040000000000006,500,0
2018-04-19 00:00:00+00:00,498.4670076,517.3740432,3.7930365122925283,0,1.4778756121854904,0.48500000000000004,500,0
2018-04-20 00:00:00+00:00,517.3740432,566.3920839,9.474391176801124,0,1.4931100491855314,0.4882,500,0
2018-04-21 00:00:00+00:00,566.3920839,590.27,4.2157926953329,0,1.473087650559057,0.48740000000000006,500,0
2018-04-22 00:00:00+00:00,590.27,600.2596768,1.6923910752706364,0,1.454538030619971,0.4892,500,0
2018-04-23 00:00:00+00:00,600.2596768,617.2024079,2.822566924755333,0,1.4750465127073054,0.4842,500,0
2018-04-24 00:00:00+00:00,617.2024079,636.3671639,3.1051006533184347,0,1.4673689586467755,0.4874000000000001,500,0
2018-04-25 00:00:00+00:00,636.3671639,705.0276448,10.78944433261006,0,1.5101253640021968,0.484,500,0
2018-04-26 00:00:00+00:00,705.0276448,613.7267253,-12.949977234708282,0,1.3566405744374352,0.48300000000000004,500,0
2018-04-27 00:00:00+00:00,613.7267253,657.0577935,7.060319587487256,0,1.50013737532784,0.48260000000000003,500,0
2018-04-28 00:00:00+00:00,657.0577935,641.9936056,-2.2926731938991876,0,1.4440230893085237,0.4842000000000001,500,0
2018-04-29 00:00:00+00:00,641.9936056,672.5969368,4.766921497823709,0,1.475690651772314,0.4874,500,0
2018-04-30 00:00:00+00:00,672.5969368,680.1204954,1.1185835361954923,0,1.4626837579107497,0.4852000000000001,500,0
2018-05-01 00:00:00+00:00,680.1204954,662.73,-2.5569727008112104,0,1.4528358521167528,0.48040000000000005,500,0
2018-05-02 00:00:00+00:00,662.73,665.2257861,0.3765916889230957,0,1.4582862007369344,0.4852,500,0
2018-05-03 00:00:00+00:00,665.2257861,676.5525639,1.7026967439739698,0,1.4654627794146171,0.48540000000000005,500,0
2018-05-04 00:00:00+00:00,676.5525639,781.4257805,15.501118788975738,0,1.5179365722157627,0.48600000000000004,500,0
2018-05-05 00:00:00+00:00,781.4257805,777.907647,-0.45021978897968756,0,1.461116230473646,0.48240000000000005,500,0
2018-05-06 00:00:00+00:00,777.907647,807.0673292,3.7484760964176536,0,1.4839711713778756,0.48280000000000006,500,0
2018-05-07 00:00:00+00:00,807.0673292,785.89,-2.6239854388594708,0,1.4362297605560501,0.4862,500,0
2018-05-08 00:00:00+00:00,785.89,748.8131414,-4.717817837101889,0,1.4222090893388262,0.48580000000000007,500,0
2018-05-09 00:00:00+00:00,748.8131414,744.3248257,-0.5993906158762734,0,1.4477696505276578,0.48680000000000007,500,0
2018-05-10 00:00:00+00:00,744.3248257,743.6398157,-0.09203105638130725,0,1.4571323496995132,0.4846000000000001,500,0
2018-05-11 00:00:00+00:00,743.6398157,717.4128744,-3.526833925011423,0,1.4353942851034993,0.4842,500,0
2018-05-12 00:00:00+00:00,717.4128744,675.2917525,-5.871252580353739,0,1.4166937619447568,0.48460000000000003,500,0
2018-05-13 00:00:00+00:00,675.2917525,683.1702676,1.1666831515167895,0,1.4606873267045202,0.48600000000000004,500,0
2018-05-14 00:00:00+00:00,683.1702676,726.8719105,6.396888882990378,0,1.4908369208101027,0.48480000000000006,500,0
2018-05-15 00:00:00+00:00,726.8719105,727.8026816,0.1280515984390919,0,1.4596139245938355,0.4842,500,0
2018-05-16 00:00:00+00:00,727.8026816,703.1556815,-3.3864948183230235,0,1.4341976583274838,0.48500000000000004,500,0
2018-05-17 00:00:00+00:00,703.1556815,702.4531187,-0.09991568275481676,0,1.4469069561457348,0.4882,500,0
2018-05-18 00:00:00+00:00,702.4531187,665.6275313,-5.24242635126335,0,1.4252026820476986,0.4832,500,0
2018-05-19 00:00:00+00:00,665.6275313,686.2132687,3.0926811815904185,0,1.4753786282643222,0.4846000000000001,500,0
2018-05-20 00:00:00+00:00,686.2132687,685.846754,-0.053411193970975046,0,1.4437984558536787,0.48940000000000006,500,0
2018-05-21 00:00:00+00:00,685.846754,703.8146666,2.619814484096833,0,1.474550136861953,0.48400000000000004,500,0
2018-05-22 00:00:00+00:00,703.8146666,688.9132212,-2.1172399648882303,0,1.4396338710584882,0.4862,500,0
2018-05-23 00:00:00+00:00,688.9132212,641.1003511,-6.940332777576246,0,1.4000851163154908,0.48760000000000003,500,0
2018-05-24 00:00:00+00:00,641.1003511,581.2411881,-9.33694122882535,0,1.3780780322658361,0.48800000000000004,500,0
2018-05-25 00:00:00+00:00,581.2411881,597.85,2.8574733243340806,0,1.468396648092401,0.48660000000000003,500,0
2018-05-26 00:00:00+00:00,597.85,582.2793863,-2.604434841515425,0,1.4346199182920727,0.48680000000000007,500,0
2018-05-27 00:00:00+00:00,582.2793863,580.4834598,-0.30843037590803063,0,1.4478984217275552,0.48740000000000006,500,0
2018-05-28 00:00:00+00:00,580.4834598,565.9260648,-2.5078053050840854,0,1.4425367848454669,0.4842,500,0
2018-05-29 00:00:00+00:00,565.9260648,511.6158804,-9.596692532476544,0,1.374153837919173,0.489,500,0
2018-05-30 00:00:00+00:00,511.6158804,561.7406615,9.797346607148047,0,1.4967453161404223,0.48740000000000006,500,0
2018-05-31 00:00:00+00:00,561.7406615,555.349151,-1.137804495571482,0,1.447181569374292,0.48580000000000007,500,0
2018-06-01 00:00:00+00:00,555.349151,571.7271135,2.9491289345646208,0,1.4677294123401714,0.487,500,0
2018-06-02 00:00:00+00:00,571.7271135,573.8335505,0.3684339871700047,0,1.466751308973547,0.4822000000000001,500,0
2018-06-03 00:00:00+00:00,573.8335505,583.1316392,1.620345950824636,0,1.4775697154661176,0.48100000000000004,500,0
2018-06-04 00:00:00+00:00,583.1316392,609.2946747,4.486643107874086,0,1.488263143416851,0.48260000000000003,500,0
2018-06-05 00:00:00+00:00,609.2946747,586.575976,-3.728688210049771,0,1.442757014535119,0.4810000000000001,500,0
2018-06-06 00:00:00+00:00,586.575976,600.678279,2.4041733001352936,0,1.473935079728608,0.48380000000000006,500,0
2018-06-07 00:00:00+00:00,600.678279,598.2160985,-0.4099000390190456,0,1.4641827210875293,0.48140000000000005,500,0
2018-06-08 00:00:00+00:00,598.2160985,595.1261407,-0.5165286938529443,0,1.4561947242187236,0.484,500,0
2018-06-09 00:00:00+00:00,595.1261407,590.4981452,-0.7776495071375038,0,1.450591605392393,0.48540000000000005,500,0
2018-06-10 00:00:00+00:00,590.4981452,581.1212497,-1.5879635823113394,0,1.4487294633816419,0.4842,500,0
2018-06-11 00:00:00+00:00,581.1212497,522.9980387,-10.001907696544516,0,1.3814616293458943,0.4842,500,0
2018-06-12 00:00:00+00:00,522.9980387,529.1308298,1.1726221985925704,0,1.4652915461852818,0.48440000000000005,500,0
2018-06-13 00:00:00+00:00,529.1308298,495.0763559,-6.435926992360634,0,1.4241701076247795,0.48020000000000007,500,0
2018-06-14 00:00:00+00:00,495.0763559,474.859113,-4.08366157241484,0,1.4416650858071407,0.4804000000000001,500,0
2018-06-15 00:00:00+00:00,474.859113,516.6441704,8.79946414759024,0,1.5035221248214279,0.48380000000000006,500,0
2018-06-16 00:00:00+00:00,516.6441704,485.4328365,-6.041166374883381,0,1.4156201618451587,0.48460000000000003,500,0
2018-06-17 00:00:00+00:00,485.4328365,493.0678581,1.5728275934213645,0,1.4544403452505024,0.489,500,0
2018-06-18 00:00:00+00:00,493.0678581,491.400276,-0.3382053955871118,0,1.456166403616701,0.48440000000000005,500,0
2018-06-19 00:00:00+00:00,491.400276,512.4288525,4.279317193545884,0,1.471064583585133,0.4882,500,0
2018-06-20 00:00:00+00:00,512.4288525,532.0039134,3.8200543947708416,0,1.4756658915295668,0.48580000000000007,500,0
2018-06-21 00:00:00+00:00,532.0039134,529.7630466,-0.4212124654645323,0,1.441549667202435,0.4894000000000001,500,0
2018-06-22 00:00:00+00:00,529.7630466,520.6671645,-1.716971796801812,0,1.446175448417685,0.48480000000000006,500,0
2018-06-23 00:00:00+00:00,520.6671645,463.9408287,-10.894932438167995,0,1.3774799428449813,0.4832,500,0
2018-06-24 00:00:00+00:00,463.9408287,472.9772648,1.9477561665182246,0,1.4765691697009382,0.48200000000000004,500,0
2018-06-25 00:00:00+00:00,472.9772648,455.7184306,-3.6489775480641717,0,1.4251180606489173,0.48760000000000003,500,0
2018-06-26 00:00:00+00:00,455.7184306,458.9258012,0.7038053290443433,0,1.453991036707122,0.48740000000000006,500,0
2018-06-27 00:00:00+00:00,458.9258012,430.6017844,-6.171807452520287,0,1.417256351597072,0.48340000000000005,500,0
2018-06-28 00:00:00+00:00,430.6017844,437.8765375,1.6894386794371115,0,1.4682486677734319,0.4844000000000001,500,0
2018-06-29 00:00:00+00:00,437.8765375,420.8621242,-3.88566452935378,0,1.4365201582607532,0.48280000000000006,500,0
2018-06-30 00:00:00+00:00,420.8621242,432.5072205,2.7669622972453825,0,1.4707322538900918,0.48560000000000003,500,0
2018-07-01 00:00:00+00:00,432.5072205,449.4300451,3.9127264928516854,0,1.4813338516083414,0.484,500,0
2018-07-02 00:00:00+00:00,449.4300451,447.6805506,-0.3892695913578051,0,1.4502078452216005,0.4864,500,0
2018-07-03 00:00:00+00:00,447.6805506,472.3116584,5.501938327896614,0,1.4914010881630766,0.4832,500,0
2018-07-04 00:00:00+00:00,472.3116584,459.6987235,-2.670468677975782,0,1.4375690851195393,0.4856000000000001,500,0
2018-07-05 00:00:00+00:00,459.6987235,463.2222083,0.7664769597734044,0,1.4560669366097023,0.48680000000000007,500,0
2018-07-06 00:00:00+00:00,463.2222083,466.8794801,0.789528596528658,0,1.4448345933158497,0.49080000000000007,500,0
2018-07-07 00:00:00+00:00,466.8794801,467.5901145,0.15220938813755408,0,1.4580622703231192,0.48480000000000006,500,0
2018-07-08 00:00:00+00:00,467.5901145,481.52,2.979080409964474,0,1.47996342697769,0.48280000000000006,500,0
2018-07-09 00:00:00+00:00,481.52,483.8040308,0.4743376806778616,0,1.4566155243083052,0.486,500,0
2018-07-10 00:00:00+00:00,483.8040308,469.7022294,-2.9147755087285643,0,1.4462729379689936,0.48180000000000006,500,0
2018-07-11 00:00:00+00:00,469.7022294,431.7644545,-8.076984209434544,0,1.3855215307196684,0.48960000000000004,500,0
2018-07-12 00:00:00+00:00,431.7644545,443.0254304,2.608129451749485,0,1.476805384578472,0.4832,500,0
2018-07-13 00:00:00+00:00,443.0254304,427.7922444,-3.438445054101343,0,1.434889817519396,0.48460000000000003,500,0
2018-07-14 00:00:00+00:00,427.7922444,431.27,0.8129543360183381,0,1.464875773809982,0.48380000000000006,500,0
2018-07-15 00:00:00+00:00,431.27,431.7845684,0.11931467526144414,0,1.4567265304835255,0.4852,500,0
2018-07-16 00:00:00+00:00,431.7845684,446.6095209,3.4334141571882992,0,1.4771652819758492,0.48460000000000003,500,0
2018-07-17 00:00:00+00:00,446.6095209,478.208507,7.075305075521508,0,1.4903202171861494,0.486,500,0
2018-07-18 00:00:00+00:00,478.208507,497.1775461,3.9666879242698156,0,1.477575253056097,0.48540000000000005,500,0
2018-07-19 00:00:00+00:00,497.1775461,475.9901579,-4.261533604282775,0,1.4289157197691438,0.48460000000000003,500,0
2018-07-20 00:00:00+00:00,475.9901579,464.7899427,-2.353035039508745,0,1.4397151768072523,0.4856000000000001,500,0
2018-07-21 00:00:00+00:00,464.7899427,447.2032909,-3.7837849282705593,0,1.4295110366846362,0.48560000000000003,500,0
2018-07-22 00:00:00+00:00,447.2032909,458.0790284,2.431944871897635,0,1.463218197133031,0.48760000000000003,500,0
2018-07-23 00:00:00+00:00,458.0790284,455.5332019,-0.5557614171712281,0,1.4576186559061737,0.4834000000000001,500,0
2018-07-24 00:00:00+00:00,455.5332019,447.9213791,-1.6709699245305374,0,1.4296961979172778,0.49080000000000007,500,0
2018-07-25 00:00:00+00:00,447.9213791,477.2092717,6.538623509966765,0,1.4956303541611162,0.4834000000000001,500,0
2018-07-26 00:00:00+00:00,477.2092717,468.7374923,-1.7752755242622005,0,1.4351722555502988,0.48860000000000003,500,0
2018-07-27 00:00:00+00:00,468.7374923,460.8693339,-1.6785852485135144,0,1.450323368906914,0.48340000000000005,500,0
2018-07-28 00:00:00+00:00,460.8693339,467.9579266,1.538091640859334,0,1.485687725446109,0.47800000000000004,500,0
2018-07-29 00:00:00+00:00,467.9579266,465.8991553,-0.4399479489445172,0,1.4566719471131884,0.48400000000000004,500,0
2018-07-30 00:00:00+00:00,465.8991553,466.4192291,0.11162797658757151,0,1.4617769273023644,0.4834000000000001,500,0
2018-07-31 00:00:00+00:00,466.4192291,458.08,-1.7879256642337287,0,1.4395639791728745,0.487,500,0
2018-08-01 00:00:00+00:00,458.08,432.3501179,-5.616897070380719,0,1.4208220853872817,0.48380000000000006,500,0
2018-08-02 00:00:00+00:00,432.3501179,417.2754068,-3.486690641654154,0,1.4317266513651234,0.48560000000000003,500,0
2018-08-03 00:00:00+00:00,417.2754068,410.9251331,-1.5218423124187828,0,1.4524780975442906,0.48300000000000004,500,0
2018-08-04 00:00:00+00:00,410.9251331,417.3553932,1.5648252156032456,0,1.481811341411658,0.47940000000000005,500,0
2018-08-05 00:00:00+00:00,417.3553932,406.8839912,-2.508989262056086,0,1.4308769602876594,0.48840000000000006,500,0
2018-08-06 00:00:00+00:00,406.8839912,409.1649354,0.5605883370522652,0,1.459962633263963,0.4850000000000001,500,0
2018-08-07 00:00:00+00:00,409.1649354,404.8171979,-1.0625879990790614,0,1.4554873738529048,0.483,500,0
2018-08-08 00:00:00+00:00,404.8171979,377.7509011,-6.686054085747125,0,1.4075148631215229,0.48560000000000003,500,0
2018-08-09 00:00:00+00:00,377.7509011,353.6461229,-6.381130562444076,0,1.4210727011695863,0.4814000000000001,500,0
2018-08-10 00:00:00+00:00,353.6461229,363.6851799,2.8387295519251845,0,1.4677221460832284,0.48680000000000007,500,0
2018-08-11 00:00:00+00:00,363.6851799,332.4924331,-8.576853972597071,0,1.4033491858850302,0.48100000000000004,500,0
2018-08-12 00:00:00+00:00,332.4924331,317.3144774,-4.564902592966721,0,1.4320588363917164,0.48260000000000003,500,0
2018-08-13 00:00:00+00:00,317.3144774,317.9561131,0.2022081391487103,0,1.4566664603436676,0.48540000000000005,500,0
2018-08-14 00:00:00+00:00,317.9561131,284.9586647,-10.37798835766432,0,1.375048357390381,0.4858,500,0
2018-08-15 00:00:00+00:00,284.9586647,277.7460166,-2.5311208232932065,0,1.445666412629793,0.48300000000000004,500,0
2018-08-16 00:00:00+00:00,277.7460166,281.1411931,1.222403309887826,0,1.4735274451819986,0.48160000000000003,500,0
2018-08-17 00:00:00+00:00,281.1411931,286.3202214,1.842144953179389,0,1.4731122947025614,0.483,500,0
2018-08-18 00:00:00+00:00,286.3202214,314.7932527,9.944470970571833,0,1.5038525866285561,0.4852,500,0
2018-08-19 00:00:00+00:00,314.7932527,293.1769918,-6.866812015377096,0,1.4131110366874136,0.48300000000000004,500,0
2018-08-20 00:00:00+00:00,293.1769918,299.4351226,2.1345913816692637,0,1.477034860327718,0.4822000000000001,500,0
2018-08-21 00:00:00+00:00,299.4351226,271.0615522,-9.47569882705537,0,1.3803439546578642,0.48700000000000004,500,0
2018-08-22 00:00:00+00:00,271.0615522,280.3747171,3.435811838459621,0,1.476594508287323,0.48480000000000006,500,0
2018-08-23 00:00:00+00:00,280.3747171,269.2483994,-3.968374115570357,0,1.435487092861404,0.48300000000000004,500,0
2018-08-24 00:00:00+00:00,269.2483994,275.8083851,2.4364065727478663,0,1.4758484462019457,0.4832,500,0
2018-08-25 00:00:00+00:00,275.8083851,281.734642,2.148686269219593,0,1.4719859609550627,0.484,500,0
2018-08-26 00:00:00+00:00,281.734642,277.9667106,-1.3374043650620746,0,1.4413651476177594,0.4874,500,0
2018-08-27 00:00:00+00:00,277.9667106,273.5034142,-1.6056945777304852,0,1.4552904058275196,0.48180000000000006,500,0
2018-08-28 00:00:00+00:00,273.5034142,286.9611038,4.920483219327936,0,1.48347930046453,0.48500000000000004,500,0
2018-08-29 00:00:00+00:00,286.9611038,296.2961276,3.2530624103349255,0,1.467044044628035,0.48780000000000007,500,0
2018-08-30 00:00:00+00:00,296.2961276,288.5053606,-2.629385359540541,0,1.4428065657333942,0.48380000000000006,500,0
2018-08-31 00:00:00+00:00,288.5053606,285.1028726,-1.1793500103165866,0,1.455321543139123,0.4828,500,0
2018-09-01 00:00:00+00:00,285.1028726,282.2231787,-1.0100543266150195,0,1.4513472418652227,0.4846000000000001,500,0
2018-09-02 00:00:00+00:00,282.2231787,295.6461618,4.756158995100996,0,1.4861360317616277,0.48380000000000006,500,0
2018-09-03 00:00:00+00:00,295.6461618,294.5856885,-0.35869679266034443,0,1.4419284980693496,0.4894000000000001,500,0
2018-09-04 00:00:00+00:00,294.5856885,288.8528256,-1.9460765148473895,0,1.4374468658220811,0.48740000000000006,500,0
2018-09-05 00:00:00+00:00,288.8528256,285.4857566,-1.1656694003273116,0,1.4419649278418711,0.4876000000000001,500,0
2018-09-06 00:00:00+00:00,285.4857566,232.5957687,-18.526314072510893,0,1.289500961144782,0.4864000000000001,500,0
2018-09-07 00:00:00+00:00,232.5957687,229.374958,-1.3847245450772534,0,1.4438587888347552,0.48640000000000005,500,0
2018-09-08 00:00:00+00:00,229.374958,215.4322375,-6.0785713582561085,0,1.410854412126768,0.4862,500,0
2018-09-09 00:00:00+00:00,215.4322375,196.8653869,-8.618417937566104,0,1.3957865757212438,0.48380000000000006,500,0
2018-09-10 00:00:00+00:00,196.8653869,195.8773383,-0.5018904620861074,0,1.4540171984975676,0.48480000000000006,500,0
2018-09-11 00:00:00+00:00,195.8773383,196.3615327,0.24719265852920103,0,1.4671368598790135,0.48180000000000006,500,0
2018-09-12 00:00:00+00:00,196.3615327,184.0822318,-6.253414674023886,0,1.4128817727338276,0.48480000000000006,500,0
2018-09-13 00:00:00+00:00,184.0822318,182.9455763,-0.617471598907456,0,1.454981279303639,0.4842,500,0
2018-09-14 00:00:00+00:00,182.9455763,211.8267275,15.786744770827237,0,1.5146935270168569,0.4872,500,0
2018-09-15 00:00:00+00:00,211.8267275,211.3835617,-0.20921146506405935,0,1.4547101612400355,0.4852,500,0
2018-09-16 00:00:00+00:00,211.3835617,223.0530823,5.520543085825012,0,1.4799098459302031,0.4872,500,0
2018-09-17 00:00:00+00:00,223.0530823,220.1415794,-1.305295972590103,0,1.4572593239833327,0.48180000000000006,500,0
2018-09-18 00:00:00+00:00,220.1415794,196.5766097,-10.704461085555382,0,1.3663149886132273,0.48840000000000006,500,0
2018-09-19 00:00:00+00:00,196.5766097,210.1506965,6.905240059188997,0,1.4993215037246934,0.48260000000000003,500,0
2018-09-20 00:00:00+00:00,210.1506965,209.1425268,-0.47973654943370425,0,1.4406272351340186,0.48960000000000004,500,0
2018-09-21 00:00:00+00:00,209.1425268,224.3809777,7.286156064554143,0,1.5015620974287758,0.48240000000000005,500,0
2018-09-22 00:00:00+00:00,224.3809777,247.4100179,10.26336565428025,0,1.5155637679603988,0.4816000000000001,500,0
2018-09-23 00:00:00+00:00,247.4100179,241.8437318,-2.2498224393847446,0,1.4326407111112835,0.48840000000000006,500,0
2018-09-24 00:00:00+00:00,241.8437318,244.7847955,1.2161008590589408,0,1.4729532094084106,0.48180000000000006,500,0
2018-09-25 00:00:00+00:00,244.7847955,228.3409115,-6.71769011078141,0,1.4139126821042742,0.4832,500,0
2018-09-26 00:00:00+00:00,228.3409115,219.5043438,-3.869901211286011,0,1.4247819041302292,0.4872,500,0
2018-09-27 00:00:00+00:00,219.5043438,214.9793803,-2.0614459931247997,0,1.4549794392545319,0.4808,500,0
2018-09-28 00:00:00+00:00,214.9793803,229.2219593,6.625090732015663,0,1.485475534742615,0.48700000000000004,500,0
2018-09-29 00:00:00+00:00,229.2219593,222.23,-3.0503008181904234,0,1.4314951231546915,0.48680000000000007,500,0
2018-09-30 00:00:00+00:00,222.23,231.7358733,4.277493272735463,0,1.4803064970509177,0.48500000000000004,500,0
2018-10-01 00:00:00+00:00,231.7358733,232.7813852,0.45116532244728624,0,1.467813693409316,0.48200000000000004,500,0
2018-10-02 00:00:00+00:00,232.7813852,231.1436846,-0.7035358942438272,0,1.447697606984836,0.4866000000000001,500,0
2018-10-03 00:00:00+00:00,231.1436846,225.7948538,-2.314071790131878,0,1.4332920312043005,0.48800000000000004,500,0
2018-10-04 00:00:00+00:00,225.7948538,220.4744603,-2.356295287718375,0,1.4368767898125374,0.48660000000000003,500,0
2018-10-05 00:00:00+00:00,220.4744603,222.1958478,0.7807650363029334,0,1.46638954570095,0.48320000000000013,500,0
2018-10-06 00:00:00+00:00,222.1958478,228.0360702,2.628412032819281,0,1.4803253994708274,0.48200000000000004,500,0
2018-10-07 00:00:00+00:00,228.0360702,225.0688073,-1.301225239234108,0,1.4567289454426682,0.482,500,0
2018-10-08 00:00:00+00:00,225.0688073,225.6583486,0.26193825216045724,0,1.4519312768438029,0.48719999999999997,500,0
2018-10-09 00:00:00+00:00,225.6583486,229.524615,1.7133274368028413,0,1.4683974457771365,0.4844000000000001,500,0
2018-10-10 00:00:00+00:00,229.524615,227.9689078,-0.6777953641268499,0,1.4478380923863996,0.48660000000000003,500,0
2018-10-11 00:00:00+00:00,227.9689078,225.6620162,-1.0119325579363065,0,1.442941030030965,0.48760000000000003,500,0
2018-10-12 00:00:00+00:00,225.6620162,192.0010841,-14.916525459990105,0,1.3303737580584842,0.4852,500,0
2018-10-13 00:00:00+00:00,192.0010841,197.0680159,2.6390120783698174,0,1.480983443235002,0.48180000000000006,500,0
2018-10-14 00:00:00+00:00,197.0680159,201.0534997,2.0223899762721453,0,1.4804131858275396,0.48080000000000006,500,0
2018-10-15 00:00:00+00:00,201.0534997,196.3186984,-2.354995713611055,0,1.4385864412754361,0.48600000000000004,500,0
2018-10-16 00:00:00+00:00,196.3186984,212.2030694,8.091114666844193,0,1.50104051940746,0.4838,500,0
2018-10-17 00:00:00+00:00,212.2030694,212.4442865,0.11367276669561692,0,1.4578279210073097,0.48480000000000006,500,0
2018-10-18 00:00:00+00:00,212.4442865,211.082693,-0.640917918966956,0,1.458767371627426,0.48280000000000006,500,0
2018-10-19 00:00:00+00:00,211.082693,204.3130489,-3.207105236240279,0,1.4265335413816238,0.4882,500,0
2018-10-20 00:00:00+00:00,204.3130489,203.9762625,-0.1648384191872448,0,1.4628980516015855,0.4824000000000001,500,0
2018-10-21 00:00:00+00:00,203.9762625,206.8820987,1.4245952761292555,0,1.4587366362830754,0.4872,500,0
2018-10-22 00:00:00+00:00,206.8820987,206.3098268,-0.2766174084640625,0,1.452595210761378,0.48580000000000007,500,0
2018-10-23 00:00:00+00:00,206.3098268,205.0377549,-0.6165832814319371,0,1.4532947951047268,0.48480000000000006,500,0
2018-10-24 00:00:00+00:00,205.0377549,204.0839456,-0.46518715563638735,0,1.4503047678877932,0.4862,500,0
2018-10-25 00:00:00+00:00,204.0839456,203.5221988,-0.27525281243875577,0,1.4627709652469119,0.4822000000000001,500,0
2018-10-26 00:00:00+00:00,203.5221988,202.3530228,-0.5744709947581509,0,1.4518675304539423,0.4854000000000001,500,0
2018-10-27 00:00:00+00:00,202.3530228,203.3849686,0.5099730094074072,0,1.459654786214664,0.485,500,0
2018-10-28 00:00:00+00:00,203.3849686,203.1873963,-0.09714203628714904,0,1.4576642730951648,0.48440000000000005,500,0
2018-10-29 00:00:00+00:00,203.1873963,204.7223407,0.7554328801643296,0,1.4622625004645575,0.4846000000000001,500,0
2018-10-30 00:00:00+00:00,204.7223407,195.7514045,-4.382001578003638,0,1.4355230255068914,0.48180000000000006,500,0
2018-10-31 00:00:00+00:00,195.7514045,197.45,0.867730938809168,0,1.4600667512817953,0.48560000000000003,500,0
2018-11-01 00:00:00+00:00,197.45,198.6390488,0.6022024816409335,0,1.4647559407969024,0.4834000000000001,500,0
2018-11-02 00:00:00+00:00,198.6390488,199.122607,0.24343561999576793,0,1.4614460965197782,0.4838,500,0
2018-11-03 00:00:00+00:00,199.122607,202.2827572,1.5870373774284727,0,1.4636856094383461,0.48580000000000007,500,0
2018-11-04 00:00:00+00:00,202.2827572,200.1362278,-1.061152927571422,0,1.4521595569475667,0.4842,500,0
2018-11-05 00:00:00+00:00,200.1362278,206.8144296,3.336828056274582,0,1.480083504244029,0.48340000000000005,500,0
2018-11-06 00:00:00+00:00,206.8144296,209.1088766,1.1094230728666676,0,1.463207897347423,0.48500000000000004,500,0
2018-11-07 00:00:00+00:00,209.1088766,219.1608871,4.8070702035419925,0,1.4817235200709324,0.48540000000000005,500,0
2018-11-08 00:00:00+00:00,219.1608871,219.0157748,-0.06621268143242239,0,1.468030471748216,0.48080000000000006,500,0
2018-11-09 00:00:00+00:00,219.0157748,213.4076344,-2.5606102597501104,0,1.4338411011504255,0.4872,500,0
2018-11-10 00:00:00+00:00,213.4076344,210.7906196,-1.2262985845645982,0,1.4488539793774502,0.485,500,0
2018-11-11 00:00:00+00:00,210.7906196,212.9658279,1.0319284150915697,0,1.463871085472806,0.48460000000000003,500,0
2018-11-12 00:00:00+00:00,212.9658279,212.4733247,-0.23125926110138506,0,1.4574014764369039,0.4842,500,0
2018-11-13 00:00:00+00:00,212.4733247,211.6569092,-0.38424376384787895,0,1.4412102027072247,0.48960000000000004,500,0
2018-11-14 00:00:00+00:00,211.6569092,208.5822965,-1.4526398933165507,0,1.4406679142704748,0.4874000000000001,500,0
2018-11-15 00:00:00+00:00,208.5822965,184.0225594,-11.774602884382379,0,1.3622174790989567,0.4854000000000001,500,0
2018-11-16 00:00:00+00:00,184.0225594,182.45,-0.8545470757103366,0,1.4529121421144764,0.48440000000000005,500,0
2018-11-17 00:00:00+00:00,182.45,176.0224057,-3.522934667032054,0,1.426596615361547,0.4874,500,0
2018-11-18 00:00:00+00:00,176.0224057,175.6674164,-0.20167279193139656,0,1.453625334320202,0.48560000000000003,500,0
2018-11-19 00:00:00+00:00,175.6674164,177.7286896,1.1733952956343405,0,1.4641280662201615,0.48480000000000006,500,0
2018-11-20 00:00:00+00:00,177.7286896,150.3911628,-15.381606009432936,0,1.3301002602729772,0.4832,500,0
2018-11-21 00:00:00+00:00,150.3911628,131.48,-12.574650297204832,0,1.3538944925403689,0.48600000000000004,500,0
2018-11-22 00:00:00+00:00,131.48,137.1730432,4.32996896866444,0,1.4840516858032065,0.48380000000000006,500,0
2018-11-23 00:00:00+00:00,137.1730432,126.0663876,-8.09682087741274,0,1.3960125797891079,0.48560000000000003,500,0
2018-11-24 00:00:00+00:00,126.0663876,124.1502964,-1.519906484573527,0,1.4402435475821926,0.48740000000000006,500,0
2018-11-25 00:00:00+00:00,124.1502964,114.2879313,-7.943891707051942,0,1.395024306972914,0.48640000000000005,500,0
2018-11-26 00:00:00+00:00,114.2879313,117.5252775,2.832622975300984,0,1.4780143850350094,0.4832,500,0
2018-11-27 00:00:00+00:00,117.5252775,109.4309885,-6.887274952403327,0,1.4124838394113954,0.483,500,0
2018-11-28 00:00:00+00:00,109.4309885,110.4349436,0.9174321769011516,0,1.4626402921820099,0.48480000000000006,500,0
2018-11-29 00:00:00+00:00,110.4349436,122.446425,10.87652241984756,0,1.5060208192031157,0.48560000000000003,500,0
2018-11-30 00:00:00+00:00,122.446425,117.7053859,-3.8719293764599567,0,1.4389107017100198,0.48200000000000004,500,0
2018-12-01 00:00:00+00:00,117.7053859,113.4028832,-3.655315062350083,0,1.426760388909375,0.48700000000000004,500,0
2018-12-02 00:00:00+00:00,113.4028832,118.100759,4.142642292184676,0,1.4692242562517928,0.48860000000000003,500,0
2018-12-03 00:00:00+00:00,118.100759,115.9442827,-1.8259631167992698,0,1.4465309031164915,0.4844000000000001,500,0
2018-12-04 00:00:00+00:00,115.9442827,108.6768476,-6.268040933768268,0,1.4086554775595446,0.4864000000000001,500,0
2018-12-05 00:00:00+00:00,108.6768476,109.851915,1.0812490663374774,0,1.4596098983410257,0.4862,500,0
2018-12-06 00:00:00+00:00,109.851915,102.5110418,-6.682517277919101,0,1.404976344468526,0.48660000000000003,500,0
2018-12-07 00:00:00+00:00,102.5110418,91.10115846,-11.130394482050818,0,1.3664784449048644,0.4864,500,0
2018-12-08 00:00:00+00:00,91.10115846,92.96795017,2.04914157136614,0,1.4748560681372977,0.48280000000000006,500,0
2018-12-09 00:00:00+00:00,92.96795017,90.6782561,-2.4628853984766694,0,1.438402981454399,0.48580000000000007,500,0
2018-12-10 00:00:00+00:00,90.6782561,93.53012682,3.1450436330127083,0,1.4762029168845898,0.4844000000000001,500,0
2018-12-11 00:00:00+00:00,93.53012682,89.85371731,-3.9307222549535434,0,1.431884932673211,0.48440000000000005,500,0
2018-12-12 00:00:00+00:00,89.85371731,87.8504107,-2.2295200131659367,0,1.4449337150330408,0.48400000000000004,500,0
2018-12-13 00:00:00+00:00,87.8504107,89.37790162,1.738740784281849,0,1.4559545288359976,0.48880000000000007,500,0
2018-12-14 00:00:00+00:00,89.37790162,85.95872706,-3.825525659057201,0,1.4359048137586576,0.4832,500,0
2018-12-15 00:00:00+00:00,85.95872706,83.78596236,-2.5276836620479406,0,1.4490432180115493,0.48180000000000006,500,0
2018-12-16 00:00:00+00:00,83.78596236,83.83,0.052559687517563174,0,1.4631118758980042,0.48280000000000006,500,0
2018-12-17 00:00:00+00:00,83.83,84.4658464,0.758495049504957,0,1.4611283820779772,0.485,500,0
2018-12-18 00:00:00+00:00,84.4658464,94.07306838,11.37409069993051,0,1.50112902937656,0.48780000000000007,500,0
2018-12-19 00:00:00+00:00,94.07306838,100.0500254,6.353526171652657,0,1.4883660998204316,0.48560000000000003,500,0
2018-12-20 00:00:00+00:00,100.0500254,99.49155366,-0.5581925019681222,0,1.467740175044345,0.47980000000000006,500,0
2018-12-21 00:00:00+00:00,99.49155366,114.4291837,15.01396801083989,0,1.4973221214966304,0.49260000000000004,500,0
2018-12-22 00:00:00+00:00,114.4291837,107.8531811,-5.746788002298748,0,1.4145384765629443,0.48580000000000007,500,0
2018-12-23 00:00:00+00:00,107.8531811,115.0458218,6.668918456221593,0,1.4932495808508708,0.4844000000000001,500,0
2018-12-24 00:00:00+00:00,115.0458218,129.2065034,12.308731754393886,0,1.506620654927981,0.4868,500,0
2018-12-25 00:00:00+00:00,129.2065034,138.9578183,7.5470774639041975,0,1.4939506024452953,0.48540000000000005,500,0
2018-12-26 00:00:00+00:00,138.9578183,127.6370725,-8.146893739767364,0,1.391381948586787,0.4872,500,0
2018-12-27 00:00:00+00:00,127.6370725,129.511374,1.4684616806766602,0,1.4664151654681523,0.4846000000000001,500,0
2018-12-28 00:00:00+00:00,129.511374,114.1013636,-11.898576877116593,0,1.3645320438402009,0.4842000000000001,500,0
2018-12-29 00:00:00+00:00,114.1013636,134.0199395,17.456913109143592,0,1.536332143521861,0.48120000000000007,500,0
2018-12-30 00:00:00+00:00,134.0199395,138.7542666,3.5325542733885515,0,1.483430369721717,0.48260000000000003,500,0
2018-12-31 00:00:00+00:00,138.7542666,137.631693,-0.8090371759422217,0,1.4520614059185928,0.48480000000000006,500,0
2019-01-01 00:00:00+00:00,137.631693,131.4587247,-4.485135774650398,0,1.4109794780109597,0.49060000000000004,500,0
2019-01-02 00:00:00+00:00,131.4587247,138.1448022,5.086065999239061,0,1.4842146465532182,0.485,500,0
2019-01-03 00:00:00+00:00,138.1448022,152.8604527,10.652337450015192,0,1.5118090878555435,0.4832,500,0
2019-01-04 00:00:00+00:00,152.8604527,146.7305994,-4.010097570514396,0,1.4295869077685912,0.485,500,0
2019-01-05 00:00:00+00:00,146.7305994,153.0565669,4.311280350429768,0,1.4786986840318808,0.48560000000000003,500,0
2019-01-06 00:00:00+00:00,153.0565669,153.65,0.3877214235359924,0,1.4640189576055254,0.4832,500,0
2019-01-07 00:00:00+00:00,153.65,154.6993084,0.6829211845102512,0,1.459551830342291,0.48540000000000005,500,0
2019-01-08 00:00:00+00:00,154.6993084,149.8986976,-3.1031882751455244,0,1.4345713739016082,0.48560000000000003,500,0
2019-01-09 00:00:00+00:00,149.8986976,148.1478655,-1.1680102149199705,0,1.443033588761426,0.4872000000000001,500,0
2019-01-10 00:00:00+00:00,148.1478655,148.7388799,0.39893548111903504,0,1.4674973163890852,0.4820000000000001,500,0
2019-01-11 00:00:00+00:00,148.7388799,126.6247525,-14.867751737049353,0,1.3335844143878346,0.48440000000000005,500,0
2019-01-12 00:00:00+00:00,126.6247525,124.6267971,-1.5778553249294565,0,1.4381591438761967,0.48800000000000004,500,0
2019-01-13 00:00:00+00:00,124.6267971,123.7593626,-0.6960256703893112,0,1.4550240614207377,0.48400000000000004,500,0
2019-01-14 00:00:00+00:00,123.7593626,114.7660458,-7.2667769218132685,0,1.4206778864143947,0.47880000000000006,500,0
2019-01-15 00:00:00+00:00,114.7660458,127.4052733,11.01303735952189,0,1.5126751434902646,0.48340000000000005,500,0
2019-01-16 00:00:00+00:00,127.4052733,119.8143732,-5.958073714991198,0,1.4122314329039927,0.486,500,0
2019-01-17 00:00:00+00:00,119.8143732,122.2455385,2.0291098931359173,0,1.4644362091788425,0.48640000000000005,500,0
2019-01-18 00:00:00+00:00,122.2455385,121.9272667,-0.2603545322842117,0,1.4583486010520614,0.48380000000000006,500,0
2019-01-19 00:00:00+00:00,121.9272667,119.1707392,-2.2607965999782427,0,1.4419726369820687,0.48500000000000004,500,0
2019-01-20 00:00:00+00:00,119.1707392,122.9281758,3.1529858967259017,0,1.4676158263782768,0.4874,500,0
2019-01-21 00:00:00+00:00,122.9281758,117.6078729,-4.327976776175346,0,1.4268435034270184,0.4852,500,0
2019-01-22 00:00:00+00:00,117.6078729,115.8268643,-1.5143617141297747,0,1.4469544119739004,0.48500000000000004,500,0
2019-01-23 00:00:00+00:00,115.8268643,117.8171888,1.7183617220655434,0,1.4586933660905648,0.48780000000000007,500,0
2019-01-24 00:00:00+00:00,117.8171888,116.4160197,-1.1892739202753664,0,1.4496345382374143,0.48480000000000006,500,0
2019-01-25 00:00:00+00:00,116.4160197,116.2454357,-0.14652966184516028,0,1.4669665546718298,0.481,500,0
2019-01-26 00:00:00+00:00,116.2454357,115.1499061,-0.9424280561236746,0,1.4602175617811701,0.4816000000000001,500,0
2019-01-27 00:00:00+00:00,115.1499061,115.3371669,0.16262349344634353,0,1.4603971962083333,0.48400000000000004,500,0
2019-01-28 00:00:00+00:00,115.3371669,112.5134892,-2.4481940868620424,0,1.4335668390027418,0.48760000000000003,500,0
2019-01-29 00:00:00+00:00,112.5134892,105.3523919,-6.3646566744283275,0,1.4162287821176593,0.4832,500,0
2019-01-30 00:00:00+00:00,105.3523919,104.5978463,-0.7162111712814374,0,1.4594310312207348,0.4824000000000001,500,0
2019-01-31 00:00:00+00:00,104.5978463,108.2730947,3.5136941438152736,0,1.4804797045786158,0.4836000000000001,500,0
2019-02-01 00:00:00+00:00,108.2730947,106.3359958,-1.789086111713398,0,1.447370073264631,0.4842,500,0
2019-02-02 00:00:00+00:00,106.3359958,107.0095583,0.6334284970320356,0,1.4507309827209978,0.4884000000000001,500,0
2019-02-03 00:00:00+00:00,107.0095583,108.7781769,1.6527669379231618,0,1.4663199918633782,0.4850000000000001,500,0
2019-02-04 00:00:00+00:00,108.7781769,107.199997,-1.4508240025486299,0,1.4507526851568557,0.48380000000000006,500,0
2019-02-05 00:00:00+00:00,107.199997,107.6182454,0.3901571004708239,0,1.4617725300961288,0.48400000000000004,500,0
2019-02-06 00:00:00+00:00,107.6182454,107.3170385,-0.27988460402831566,0,1.4604804055846392,0.483,500,0
2019-02-07 00:00:00+00:00,107.3170385,104.6236262,-2.5097713630999907,0,1.4430416539175255,0.484,500,0
2019-02-08 00:00:00+00:00,104.6236262,104.2653644,-0.3424291558344096,0,1.4504965468220734,0.4864000000000001,500,0
2019-02-09 00:00:00+00:00,104.2653644,119.3336046,14.451817520334686,0,1.5163712254713733,0.48560000000000003,500,0
2019-02-10 00:00:00+00:00,119.3336046,119.4895552,0.13068456326508807,0,1.4692548952778697,0.48080000000000006,500,0
2019-02-11 00:00:00+00:00,119.4895552,124.8896348,4.5192900676225785,0,1.4889874258933016,0.4824000000000001,500,0
2019-02-12 00:00:00+00:00,124.8896348,120.9702617,-3.1382693257743446,0,1.438700388181348,0.48400000000000004,500,0
2019-02-13 00:00:00+00:00,120.9702617,122.5420889,1.2993500864684013,0,1.4603150305865402,0.48640000000000005,500,0
2019-02-14 00:00:00+00:00,122.5420889,122.0941297,-0.36555538102957835,0,1.4542945618283607,0.48500000000000004,500,0
2019-02-15 00:00:00+00:00,122.0941297,120.592174,-1.2301620918962137,0,1.43590445410678,0.48960000000000004,500,0
2019-02-16 00:00:00+00:00,120.592174,121.5722785,0.8127430391958901,0,1.4677003542083684,0.48280000000000006,500,0
2019-02-17 00:00:00+00:00,121.5722785,122.9386084,1.123882777273119,0,1.4627113430915877,0.4852,500,0
2019-02-18 00:00:00+00:00,122.9386084,133.8814696,8.901077816332267,0,1.5046319826284593,0.4836000000000001,500,0
2019-02-19 00:00:00+00:00,133.8814696,145.3260267,8.548275675635395,0,1.511597932477157,0.48080000000000006,500,0
2019-02-20 00:00:00+00:00,145.3260267,143.6552342,-1.1496856674194098,0,1.4442903247029923,0.48680000000000007,500,0
2019-02-21 00:00:00+00:00,143.6552342,148.8684347,3.628966622087759,0,1.4643251582646835,0.4894,500,0
2019-02-22 00:00:00+00:00,148.8684347,145.2958232,-2.399844874569635,0,1.448283679103934,0.48240000000000005,500,0
2019-02-23 00:00:00+00:00,145.2958232,148.0416503,1.8898183303042022,0,1.4728061558541752,0.4832,500,0
2019-02-24 00:00:00+00:00,148.0416503,157.6755956,6.507591127549071,0,1.4796823298277268,0.48880000000000007,500,0
2019-02-25 00:00:00+00:00,157.6755956,134.3160287,-14.814953963617691,0,1.339429068436205,0.48240000000000005,500,0
2019-02-26 00:00:00+00:00,134.3160287,137.8218665,2.6101410486386682,0,1.4733619287218844,0.4844000000000001,500,0
2019-02-27 00:00:00+00:00,137.8218665,135.9978379,-1.32346821757779,0,1.4482009159190192,0.485,500,0
2019-02-28 00:00:00+00:00,135.9978379,134.8498171,-0.8441463612415354,0,1.4501752630575875,0.48540000000000005,500,0
2019-03-01 00:00:00+00:00,134.8498171,135.4906838,0.47524476768460056,0,1.4577441329218446,0.48560000000000003,500,0
2019-03-02 00:00:00+00:00,135.4906838,134.9547088,-0.39558070338708234,0,1.4541254197521976,0.48500000000000004,500,0
2019-03-03 00:00:00+00:00,134.9547088,132.4074266,-1.8875089447786528,0,1.45169847693035,0.4824000000000001,500,0
2019-03-04 00:00:00+00:00,132.4074266,130.5403477,-1.4101013424574749,0,1.455455395066791,0.4822000000000001,500,0
2019-03-05 00:00:00+00:00,130.5403477,125.6240825,-3.7660886359045693,0,1.4319743463206487,0.48480000000000006,500,0
2019-03-06 00:00:00+00:00,125.6240825,136.5502477,8.697508457424954,0,1.5057719414464614,0.48300000000000004,500,0
2019-03-07 00:00:00+00:00,136.5502477,137.3266515,0.5685846881111128,0,1.4639835104095995,0.48360000000000003,500,0
2019-03-08 00:00:00+00:00,137.3266515,136.7861423,-0.3935938101570929,0,1.4541301262978021,0.485,500,0
2019-03-09 00:00:00+00:00,136.7861423,133.5416932,-2.371913591132833,0,1.4378377383708676,0.4862,500,0
2019-03-10 00:00:00+00:00,133.5416932,137.1960003,2.7364540709597738,0,1.4791905984720783,0.4826000000000001,500,0
2019-03-11 00:00:00+00:00,137.1960003,135.6208021,-1.1481371151896598,0,1.448797551705512,0.4852,500,0
2019-03-12 00:00:00+00:00,135.6208021,132.387534,-2.3840502710019025,0,1.433948714946866,0.48760000000000003,500,0
2019-03-13 00:00:00+00:00,132.387534,133.2874256,0.6797404353796771,0,1.4714709707028186,0.48120000000000007,500,0
2019-03-14 00:00:00+00:00,133.2874256,131.6683445,-1.2147290659352465,0,1.4505860127968047,0.4844000000000001,500,0
2019-03-15 00:00:00+00:00,131.6683445,132.1462379,0.36295238754216985,0,1.4610373550720752,0.4842,500,0
2019-03-16 00:00:00+00:00,132.1462379,136.4478648,3.255201940183272,0,1.4670319250743251,0.48780000000000007,500,0
2019-03-17 00:00:00+00:00,136.4478648,141.0880442,3.400697700034675,0,1.4752486516705516,0.4852,500,0
2019-03-18 00:00:00+00:00,141.0880442,138.5506303,-1.7984613185246905,0,1.45235116349728,0.4824000000000001,500,0
2019-03-19 00:00:00+00:00,138.5506303,137.6579489,-0.6442997755167821,0,1.4514228097368198,0.48540000000000005,500,0
2019-03-20 00:00:00+00:00,137.6579489,138.5225167,0.6280551227942952,0,1.4569619821307156,0.4862,500,0
2019-03-21 00:00:00+00:00,138.5225167,139.0759732,0.39954262540479923,0,1.4567255527516674,0.48580000000000007,500,0
2019-03-22 00:00:00+00:00,139.0759732,135.0560107,-2.890479503759454,0,1.4371000887661427,0.4852,500,0
2019-03-23 00:00:00+00:00,135.0560107,136.099536,0.7726611311791093,0,1.4606531065794786,0.4852,500,0
2019-03-24 00:00:00+00:00,136.099536,137.1980687,0.8071538906642509,0,1.4517641960536034,0.4884000000000001,500,0
2019-03-25 00:00:00+00:00,137.1980687,136.057483,-0.8313423875477649,0,1.4474458726734418,0.4864000000000001,500,0
2019-03-26 00:00:00+00:00,136.057483,133.81752,-1.646335762363022,0,1.4483713435673045,0.4842,500,0
2019-03-27 00:00:00+00:00,133.81752,134.0299044,0.15871195341237126,0,1.467160878264016,0.48160000000000003,500,0
2019-03-28 00:00:00+00:00,134.0299044,139.6366066,4.183172572642677,0,1.4746169801383455,0.48680000000000007,500,0
2019-03-29 00:00:00+00:00,139.6366066,137.8119885,-1.3066903761323436,0,1.439901036910985,0.48800000000000004,500,0
2019-03-30 00:00:00+00:00,137.8119885,143.1464431,3.870820425757071,0,1.4764988978287656,0.48560000000000003,500,0
2019-03-31 00:00:00+00:00,143.1464431,142.2896526,-0.5985412431110474,0,1.437655070918022,0.49040000000000006,500,0
2019-04-01 00:00:00+00:00,142.2896526,141.59,-0.49171010485692007,0,1.458594756380754,0.4832,500,0
2019-04-02 00:00:00+00:00,141.59,141.5145552,-0.053283988982282544,0,1.4551064262867348,0.4854000000000001,500,0
2019-04-03 00:00:00+00:00,141.5145552,164.0505429,15.924854986224076,0,1.516875271360551,0.48680000000000007,500,0
2019-04-04 00:00:00+00:00,164.0505429,160.4328383,-2.2052378102797636,0,1.449013685486344,0.4826000000000001,500,0
2019-04-05 00:00:00+00:00,160.4328383,157.4122258,-1.8827894164358236,0,1.44731152208938,0.484,500,0
2019-04-06 00:00:00+00:00,157.4122258,165.1385235,4.908321231552018,0,1.4845351313231807,0.48460000000000003,500,0
2019-04-07 00:00:00+00:00,165.1385235,165.3251519,0.11301324248549297,0,1.4714086448487005,0.4800000000000001,500,0
2019-04-08 00:00:00+00:00,165.3251519,174.090523,5.301898107616365,0,1.4893102655743409,0.48360000000000003,500,0
2019-04-09 00:00:00+00:00,174.090523,180.0119236,3.4013342587292925,0,1.4798623491085978,0.48360000000000003,500,0
2019-04-10 00:00:00+00:00,180.0119236,175.2941224,-2.620827057258332,0,1.4416946448754033,0.4842,500,0
2019-04-11 00:00:00+00:00,175.2941224,177.3253178,1.1587355994544182,0,1.4669240538602393,0.48380000000000006,500,0
2019-04-12 00:00:00+00:00,177.3253178,165.0371068,-6.929755520787788,0,1.4148769558086811,0.48200000000000004,500,0
2019-04-13 00:00:00+00:00,165.0371068,164.5719484,-0.2818507964779755,0,1.4525637185995963,0.48580000000000007,500,0
2019-04-14 00:00:00+00:00,164.5719484,163.9716003,-0.3647937001637825,0,1.4486755736145145,0.48700000000000004,500,0
2019-04-15 00:00:00+00:00,163.9716003,167.6180012,2.2238002759798663,0,1.4701128735021993,0.48480000000000006,500,0
2019-04-16 00:00:00+00:00,167.6180012,160.5324908,-4.227177480505598,0,1.4252983234737786,0.48600000000000004,500,0
2019-04-17 00:00:00+00:00,160.5324908,166.4845379,3.7076899949277973,0,1.4676036655091398,0.4884,500,0
2019-04-18 00:00:00+00:00,166.4845379,166.3272646,-0.09446721117996733,0,1.4610734783052348,0.4832,500,0
2019-04-19 00:00:00+00:00,166.3272646,173.4136278,4.260494042899082,0,1.4807665930604732,0.48480000000000006,500,0
2019-04-20 00:00:00+00:00,173.4136278,173.2282622,-0.10689217586393833,0,1.4547773468358214,0.48540000000000005,500,0
2019-04-21 00:00:00+00:00,173.2282622,173.1662877,-0.035776206037579784,0,1.4495591618117531,0.48740000000000006,500,0
2019-04-22 00:00:00+00:00,173.1662877,169.9878893,-1.8354602632045636,0,1.4403713149100577,0.48660000000000003,500,0
2019-04-23 00:00:00+00:00,169.9878893,171.0434708,0.620974531978019,0,1.4665642373675432,0.48280000000000006,500,0
2019-04-24 00:00:00+00:00,171.0434708,170.9129642,-0.07630025243851032,0,1.4532720170382474,0.48600000000000004,500,0
2019-04-25 00:00:00+00:00,170.9129642,165.6696601,-3.067821171168955,0,1.4374884553660021,0.48460000000000003,500,0
2019-04-26 00:00:00+00:00,165.6696601,153.9304406,-7.085919952340139,0,1.4029924002811758,0.4862,500,0
2019-04-27 00:00:00+00:00,153.9304406,157.3757012,2.238193164763807,0,1.475326682053912,0.48300000000000004,500,0
2019-04-28 00:00:00+00:00,157.3757012,158.2891943,0.5804537123803343,0,1.457811795764836,0.48580000000000007,500,0
2019-04-29 00:00:00+00:00,158.2891943,156.5951891,-1.070196362734277,0,1.4436781335009032,0.4872,500,0
2019-04-30 00:00:00+00:00,156.5951891,154.0802824,-1.6059923133360243,0,1.445786535532814,0.4852,500,0
2019-05-01 00:00:00+00:00,154.0802824,160.7446918,4.3252837392255525,0,1.479943407619191,0.4852,500,0
2019-05-02 00:00:00+00:00,160.7446918,159.4893144,-0.7809759600409936,0,1.4528094063308719,0.4846000000000001,500,0
2019-05-03 00:00:00+00:00,159.4893144,160.957188,0.9203585867317454,0,1.459810441140708,0.48580000000000007,500,0
2019-05-04 00:00:00+00:00,160.957188,166.6321153,3.525737104701411,0,1.4851205282857252,0.48200000000000004,500,0
2019-05-05 00:00:00+00:00,166.6321153,162.8363169,-2.2779512779791227,0,1.4368147105069495,0.48680000000000007,500,0
2019-05-06 00:00:00+00:00,162.8363169,162.370135,-0.2862886540760425,0,1.4581885246070103,0.48380000000000006,500,0
2019-05-07 00:00:00+00:00,162.370135,172.8283285,6.440958800705557,0,1.484629699382767,0.48700000000000004,500,0
2019-05-08 00:00:00+00:00,172.8283285,170.0958975,-1.5810087522775476,0,1.4420216589981643,0.48660000000000003,500,0
2019-05-09 00:00:00+00:00,170.0958975,170.1106331,0.00866311311241032,0,1.4492647193242094,0.48760000000000003,500,0
2019-05-10 00:00:00+00:00,170.1106331,170.5754942,0.2732698665148918,0,1.4650274373588354,0.4826000000000001,500,0
2019-05-11 00:00:00+00:00,170.5754942,172.6820909,1.23499375445455,0,1.4645128225490438,0.48480000000000006,500,0
2019-05-12 00:00:00+00:00,172.6820909,196.6901677,13.903049630029699,0,1.5228492143934107,0.48280000000000006,500,0
2019-05-13 00:00:00+00:00,196.6901677,187.2720184,-4.788317286080581,0,1.4249568366758174,0.48460000000000003,500,0
2019-05-14 00:00:00+00:00,187.2720184,196.076113,4.701233358416125,0,1.4801026056509117,0.48580000000000007,500,0
2019-05-15 00:00:00+00:00,196.076113,218.2846097,11.326467237750686,0,1.509104320540225,0.485,500,0
2019-05-16 00:00:00+00:00,218.2846097,248.7450043,13.954439867228075,0,1.52204217547451,0.4834000000000001,500,0
2019-05-17 00:00:00+00:00,248.7450043,264.9001214,6.494649870642642,0,1.4830671639757438,0.48760000000000003,500,0
2019-05-18 00:00:00+00:00,264.9001214,243.5704992,-8.051948820284682,0,1.4048882478437832,0.4822000000000001,500,0
2019-05-19 00:00:00+00:00,243.5704992,235.3272013,-3.384358092246332,0,1.4440645585737815,0.4814000000000001,500,0
2019-05-20 00:00:00+00:00,235.3272013,260.596984,10.73814780459041,0,1.505088619051352,0.48560000000000003,500,0
2019-05-21 00:00:00+00:00,260.596984,251.9614995,-3.3137315587658596,0,1.4390028664321461,0.4834000000000001,500,0
2019-05-22 00:00:00+00:00,251.9614995,256.0830402,1.635781938184578,0,1.468508706411725,0.4842,500,0
2019-05-23 00:00:00+00:00,256.0830402,244.549463,-4.503842656269755,0,1.4243772402747146,0.48560000000000003,500,0
2019-05-24 00:00:00+00:00,244.549463,244.6460958,0.03951462367349747,0,1.455111305509107,0.4856000000000001,500,0
2019-05-25 00:00:00+00:00,244.6460958,248.5452629,1.5937990292669937,0,1.4694235063828027,0.48380000000000006,500,0
2019-05-26 00:00:00+00:00,248.5452629,250.8203647,0.9153671944716785,0,1.4580723086924894,0.4864000000000001,500,0
2019-05-27 00:00:00+00:00,250.8203647,266.1221821,6.100707738903936,0,1.4983085486908516,0.4818,500,0
2019-05-28 00:00:00+00:00,266.1221821,273.4050882,2.7366775826538845,0,1.4780190213606534,0.483,500,0
2019-05-29 00:00:00+00:00,273.4050882,271.23,-0.795555128223837,0,1.4515966448097328,0.48500000000000004,500,0
2019-05-30 00:00:00+00:00,271.23,268.7857565,-0.901170040187305,0,1.4576730616503168,0.4826000000000001,500,0
2019-05-31 00:00:00+00:00,268.7857565,255.3773631,-4.988505929256707,0,1.4288561143129532,0.4826000000000001,500,0
2019-06-01 00:00:00+00:00,255.3773631,268.1260392,4.99209324790776,0,1.4866650180250836,0.48400000000000004,500,0
2019-06-02 00:00:00+00:00,268.1260392,264.7273243,-1.267581063793956,0,1.454735756174734,0.48280000000000006,500,0
2019-06-03 00:00:00+00:00,264.7273243,269.9388295,1.9686313884599542,0,1.4772690718719195,0.48180000000000006,500,0
2019-06-04 00:00:00+00:00,269.9388295,251.7525753,-6.737176060845298,0,1.4165867485327284,0.48200000000000004,500,0
2019-06-05 00:00:00+00:00,251.7525753,240.2394337,-4.573197150527811,0,1.4271879028534353,0.48440000000000005,500,0
2019-06-06 00:00:00+00:00,240.2394337,246.8265691,2.7419043154362854,0,1.4826999122387001,0.48140000000000005,500,0
2019-06-07 00:00:00+00:00,246.8265691,249.9679118,1.2726922840819876,0,1.476123977360508,0.48080000000000006,500,0
2019-06-08 00:00:00+00:00,249.9679118,250.6368932,0.26762691066334177,0,1.4627375671670426,0.4834000000000001,500,0
2019-06-09 00:00:00+00:00,250.6368932,244.6298057,-2.396729157988147,0,1.4377468719152133,0.4862,500,0
2019-06-10 00:00:00+00:00,244.6298057,232.0415842,-5.145824918586364,0,1.423330964542603,0.4842,500,0
2019-06-11 00:00:00+00:00,232.0415842,247.2522762,6.555157797444491,0,1.4920577540765385,0.48460000000000003,500,0
2019-06-12 00:00:00+00:00,247.2522762,245.0893785,-0.8747736252387237,0,1.4561418397718207,0.4832,500,0
2019-06-13 00:00:00+00:00,245.0893785,260.5666341,6.314943427872774,0,1.4858351864861505,0.4864000000000001,500,0
2019-06-14 00:00:00+00:00,260.5666341,255.1204266,-2.090140020732603,0,1.4497936945240781,0.48260000000000003,500,0
2019-06-15 00:00:00+00:00,255.1204266,263.9285384,3.4525309938471147,0,1.4686189778797296,0.48760000000000003,500,0
2019-06-16 00:00:00+00:00,263.9285384,268.1121929,1.585146693632448,0,1.4682467517019933,0.4842,500,0
2019-06-17 00:00:00+00:00,268.1121929,269.0716935,0.357872795571751,0,1.4547746576057052,0.48640000000000005,500,0
2019-06-18 00:00:00+00:00,269.0716935,273.1236885,1.5059164891308174,0,1.4649232466780544,0.4852,500,0
2019-06-19 00:00:00+00:00,273.1236885,264.7879311,-3.0520082112907,0,1.425446640199599,0.489,500,0
2019-06-20 00:00:00+00:00,264.7879311,269.1527998,1.6484394443006565,0,1.4622823822517619,0.48640000000000005,500,0
2019-06-21 00:00:00+00:00,269.1527998,272.33,1.180444789116386,0,1.4761516378946753,0.4806,500,0
2019-06-22 00:00:00+00:00,272.33,294.475623,8.131907244886719,0,1.4993803509236798,0.4844000000000001,500,0
2019-06-23 00:00:00+00:00,294.475623,310.6549987,5.494300524834967,0,1.4913597204437739,0.4832,500,0
2019-06-24 00:00:00+00:00,310.6549987,307.9472103,-0.8716384450053359,0,1.4488539404767544,0.48580000000000007,500,0
2019-06-25 00:00:00+00:00,307.9472103,311.068229,1.013491467241903,0,1.4711417988366935,0.48200000000000004,500,0
2019-06-26 00:00:00+00:00,311.068229,318.64,2.434119043381963,0,1.4597700085045504,0.48880000000000007,500,0
2019-06-27 00:00:00+00:00,318.64,337.3409578,5.86899253075572,0,1.4931066425404793,0.4832,500,0
2019-06-28 00:00:00+00:00,337.3409578,295.8416529,-12.301887434790471,0,1.359789437953412,0.48460000000000003,500,0
2019-06-29 00:00:00+00:00,295.8416529,309.95,4.76888462517105,0,1.4920060684643572,0.48180000000000006,500,0
2019-06-30 00:00:00+00:00,309.95,321.432799,3.7047262461687374,0,1.477430859139083,0.4850000000000001,500,0
2019-07-01 00:00:00+00:00,321.432799,292.838876,-8.895770154432798,0,1.3838088041508285,0.48780000000000007,500,0
2019-07-02 00:00:00+00:00,292.838876,295.2558981,0.8253761020445921,0,1.461527146875872,0.485,500,0
2019-07-03 00:00:00+00:00,295.2558981,290.9596721,-1.4550855808966638,0,1.4445154054316913,0.48600000000000004,500,0
2019-07-04 00:00:00+00:00,290.9596721,304.1705424,4.540447205157546,0,1.4844804103552591,0.48400000000000004,500,0
2019-07-05 00:00:00+00:00,304.1705424,285.2194709,-6.230409871537913,0,1.4074560439123847,0.4870000000000001,500,0
2019-07-06 00:00:00+00:00,285.2194709,287.9859106,0.9699336764319182,0,1.4714834054833625,0.48180000000000006,500,0
2019-07-07 00:00:00+00:00,287.9859106,289.5771383,0.552536648992574,0,1.458777828946433,0.48540000000000005,500,0
2019-07-08 00:00:00+00:00,289.5771383,305.3362529,5.4421128313222145,0,1.4893676525954698,0.48380000000000006,500,0
2019-07-09 00:00:00+00:00,305.3362529,312.4663688,2.335168468296881,0,1.4661236523469425,0.48640000000000005,500,0
2019-07-10 00:00:00+00:00,312.4663688,307.7796838,-1.4999006190646433,0,1.4453746844442885,0.48560000000000003,500,0
2019-07-11 00:00:00+00:00,307.7796838,290.01,-5.773507718445449,0,1.4186524791232522,0.4842,500,0
2019-07-12 00:00:00+00:00,290.01,268.635213,-7.370362056480801,0,1.4026219623331886,0.4852,500,0
2019-07-13 00:00:00+00:00,268.635213,275.8092084,2.670534260897497,0,1.474261478594837,0.4842,500,0
2019-07-14 00:00:00+00:00,275.8092084,270.31,-1.9938451047017278,0,1.4471194852441092,0.48380000000000006,500,0
2019-07-15 00:00:00+00:00,270.31,227.1220727,-15.977184454885137,0,1.318467873408557,0.48640000000000005,500,0
2019-07-16 00:00:00+00:00,227.1220727,230.1801941,1.3464659615181491,0,1.45885645107643,0.487,500,0
2019-07-17 00:00:00+00:00,230.1801941,199.9405219,-13.137391041934135,0,1.3536349344273668,0.484,500,0
2019-07-18 00:00:00+00:00,199.9405219,210.8385371,5.450628565154307,0,1.4795673495731672,0.4872,500,0
2019-07-19 00:00:00+00:00,210.8385371,226.3035343,7.33499549594437,0,1.4890610553254344,0.48680000000000007,500,0
2019-07-20 00:00:00+00:00,226.3035343,221.113741,-2.293288664736506,0,1.445637001526547,0.48360000000000003,500,0
2019-07-21 00:00:00+00:00,221.113741,228.9648041,3.5506898234786797,0,1.4881404879925948,0.48100000000000004,500,0
2019-07-22 00:00:00+00:00,228.9648041,226.1534077,-1.227872733999822,0,1.4392769906046028,0.48840000000000006,500,0
2019-07-23 00:00:00+00:00,226.1534077,217.6525617,-3.758884770499081,0,1.434748444706596,0.48380000000000006,500,0
2019-07-24 00:00:00+00:00,217.6525617,213.5021516,-1.906896968077365,0,1.4449576666600195,0.48480000000000006,500,0
2019-07-25 00:00:00+00:00,213.5021516,217.1977777,1.7309549680435157,0,1.4593330252596894,0.48760000000000003,500,0
2019-07-26 00:00:00+00:00,217.1977777,219.487791,1.0543447194763809,0,1.4702820811151243,0.48240000000000005,500,0
2019-07-27 00:00:00+00:00,219.487791,219.5824326,0.043119300426153084,0,1.4658830305480761,0.48180000000000006,500,0
2019-07-28 00:00:00+00:00,219.5824326,206.53,-5.944206212423572,0,1.4143507502241899,0.4852,500,0
2019-07-29 00:00:00+00:00,206.53,211.23,2.275698445746375,0,1.4709527722852294,0.48460000000000003,500,0
2019-07-30 00:00:00+00:00,211.23,210.8235165,-0.1924364436869663,0,1.4576421688066925,0.4842,500,0
2019-07-31 00:00:00+00:00,210.8235165,209.6462607,-0.5584081982618916,0,1.4480334229058,0.4868,500,0
2019-08-01 00:00:00+00:00,209.6462607,218.6130855,4.277121266108044,0,1.478562713829768,0.4856000000000001,500,0
2019-08-02 00:00:00+00:00,218.6130855,216.63,-0.9071211338810803,0,1.4537085300148382,0.48400000000000004,500,0
2019-08-03 00:00:00+00:00,216.63,217.7954621,0.5379966301989629,0,1.4524439402256204,0.48760000000000003,500,0
2019-08-04 00:00:00+00:00,217.7954621,221.4161188,1.6624114502154193,0,1.4658022803538713,0.4852,500,0
2019-08-05 00:00:00+00:00,221.4161188,221.9881529,0.25835250979026564,0,1.4626748453247793,0.48340000000000005,500,0
2019-08-06 00:00:00+00:00,221.9881529,232.8236835,4.881130122687732,0,1.4861665943124727,0.48400000000000004,500,0
2019-08-07 00:00:00+00:00,232.8236835,227.02,-2.4927375998670587,0,1.4448320118678497,0.48340000000000005,500,0
2019-08-08 00:00:00+00:00,227.02,226.4011932,-0.2725780988459236,0,1.4509285284944717,0.48640000000000005,500,0
2019-08-09 00:00:00+00:00,226.4011932,221.9958862,-1.9457967238310443,0,1.4435429128998016,0.4852,500,0
2019-08-10 00:00:00+00:00,221.9958862,210.153619,-5.334453445381011,0,1.4114352143528304,0.4882,500,0
2019-08-11 00:00:00+00:00,210.153619,206.5046255,-1.7363457823678918,0,1.449444494407961,0.48360000000000003,500,0
2019-08-12 00:00:00+00:00,206.5046255,216.4855806,4.8332840370202685,0,1.488840173722017,0.48300000000000004,500,0
2019-08-13 00:00:00+00:00,216.4855806,211.1131413,-2.4816614968581407,0,1.444324200772526,0.48360000000000003,500,0
2019-08-14 00:00:00+00:00,211.1131413,209.2657371,-0.8750777846532852,0,1.4544641464861847,0.48380000000000006,500,0
2019-08-15 00:00:00+00:00,209.2657371,185.6553006,-11.282514198068402,0,1.368565034278208,0.48480000000000006,500,0
2019-08-16 00:00:00+00:00,185.6553006,188.1527812,1.345224505806536,0,1.4588764184582423,0.48700000000000004,500,0
2019-08-17 00:00:00+00:00,188.1527812,185.1532436,-1.5942031687597484,0,1.44305252248842,0.4862,500,0
2019-08-18 00:00:00+00:00,185.1532436,185.7600411,0.3277271778780758,0,1.4534633731045623,0.48680000000000007,500,0
2019-08-19 00:00:00+00:00,185.7600411,194.3573676,4.628189382974899,0,1.4883876768764643,0.48280000000000006,500,0
2019-08-20 00:00:00+00:00,194.3573676,202.9597508,4.426064885641099,0,1.4694702014867198,0.489,500,0
2019-08-21 00:00:00+00:00,202.9597508,196.2727473,-3.2947436492418096,0,1.430217738148629,0.48660000000000003,500,0
2019-08-22 00:00:00+00:00,196.2727473,187.0161891,-4.716170903671863,0,1.4331875354711887,0.48180000000000006,500,0
2019-08-23 00:00:00+00:00,187.0161891,191.521196,2.4088860550950093,0,1.4814394743108514,0.4812000000000001,500,0
2019-08-24 00:00:00+00:00,191.521196,194.2093874,1.4035999441022673,0,1.4637800281086335,0.4854000000000001,500,0
2019-08-25 00:00:00+00:00,194.2093874,190.5557509,-1.8812872791132675,0,1.448968608557133,0.4834000000000001,500,0
2019-08-26 00:00:00+00:00,190.5557509,186.322369,-2.221597553474826,0,1.4372590937659104,0.48680000000000007,500,0
2019-08-27 00:00:00+00:00,186.322369,188.3772575,1.102867310580408,0,1.4597474732442886,0.4862,500,0
2019-08-28 00:00:00+00:00,188.3772575,186.9706849,-0.7466785633610808,0,1.4558467079460302,0.4836000000000001,500,0
2019-08-29 00:00:00+00:00,186.9706849,173.0270357,-7.457666001201031,0,1.3868491721334566,0.49100000000000005,500,0
2019-08-30 00:00:00+00:00,173.0270357,168.799165,-2.4434740402826027,0,1.432386214535039,0.488,500,0
2019-08-31 00:00:00+00:00,168.799165,168.6708884,-0.07599362236181229,0,1.4594897007879633,0.48380000000000006,500,0
2019-09-01 00:00:00+00:00,168.6708884,172.0729693,2.0169935264300274,0,1.4660757388430732,0.48580000000000007,500,0
2019-09-02 00:00:00+00:00,172.0729693,170.7275451,-0.781891662283313,0,1.4410019160235614,0.48880000000000007,500,0
2019-09-03 00:00:00+00:00,170.7275451,177.716479,4.093618224233464,0,1.4857181858659045,0.48280000000000006,500,0
2019-09-04 00:00:00+00:00,177.716479,178.8264778,0.6245896870374074,0,1.4603463357201685,0.485,500,0
2019-09-05 00:00:00+00:00,178.8264778,174.7762755,-2.264878417238499,0,1.4385679003238692,0.4862,500,0
2019-09-06 00:00:00+00:00,174.7762755,174.1938101,-0.3332634239593861,0,1.4539453378487057,0.4852,500,0
2019-09-07 00:00:00+00:00,174.1938101,169.4228669,-2.738870685049678,0,1.4469635539178802,0.4820000000000001,500,0
2019-09-08 00:00:00+00:00,169.4228669,177.8525889,4.975551502723389,0,1.47268595466463,0.48880000000000007,500,0
2019-09-09 00:00:00+00:00,177.8525889,181.4839321,2.0417713469674457,0,1.474238695293128,0.48300000000000004,500,0
2019-09-10 00:00:00+00:00,181.4839321,181.0146562,-0.2585771062869834,0,1.4577976777127923,0.484,500,0
2019-09-11 00:00:00+00:00,181.0146562,180.1493915,-0.4780080896013011,0,1.4434515588084849,0.4886000000000001,500,0
2019-09-12 00:00:00+00:00,180.1493915,178.0829498,-1.1470711517779468,0,1.458320681236807,0.4818,500,0
2019-09-13 00:00:00+00:00,178.0829498,181.01,1.6436442698682188,0,1.4731549624857345,0.48260000000000003,500,0
2019-09-14 00:00:00+00:00,181.01,181.211945,0.1115656593558339,0,1.4663056882653265,0.48180000000000006,500,0
2019-09-15 00:00:00+00:00,181.211945,188.3056816,3.9146076159604317,0,1.4807854843567365,0.4842,500,0
2019-09-16 00:00:00+00:00,188.3056816,189.2550463,0.5041614740104525,0,1.4550811051880437,0.48660000000000003,500,0
2019-09-17 00:00:00+00:00,189.2550463,197.6069164,4.413023728181553,0,1.4914071260869728,0.4814000000000001,500,0
2019-09-18 00:00:00+00:00,197.6069164,209.211163,5.8723888876998895,0,1.4954740715058552,0.4824000000000001,500,0
2019-09-19 00:00:00+00:00,209.211163,210.2490737,0.4961067493324903,0,1.45333418789046,0.4872,500,0
2019-09-20 00:00:00+00:00,210.2490737,221.742926,5.466779043412268,0,1.495327124096936,0.48180000000000006,500,0
2019-09-21 00:00:00+00:00,221.742926,217.9534438,-1.7089529160447754,0,1.4484345755693206,0.48400000000000004,500,0
2019-09-22 00:00:00+00:00,217.9534438,215.3452396,-1.1966795084886788,0,1.4490256467916545,0.48500000000000004,500,0
2019-09-23 00:00:00+00:00,215.3452396,211.6175384,-1.7310348754047928,0,1.4461001287977888,0.48480000000000006,500,0
2019-09-24 00:00:00+00:00,211.6175384,201.0033775,-5.015728365546473,0,1.4217075442488905,0.4852,500,0
2019-09-25 00:00:00+00:00,201.0033775,168.6735796,-16.084206296483742,0,1.3196905366526634,0.4842,500,0
2019-09-26 00:00:00+00:00,168.6735796,170.2888677,0.9576414420269921,0,1.468010366174333,0.48300000000000004,500,0
2019-09-27 00:00:00+00:00,170.2888677,166.2168032,-2.391268762896361,0,1.4449946297810388,0.48360000000000003,500,0
2019-09-28 00:00:00+00:00,166.2168032,173.904949,4.6253721958238225,0,1.477931595244747,0.4864000000000001,500,0
2019-09-29 00:00:00+00:00,173.904949,174.0797054,0.10048960711291019,0,1.4537839634635443,0.4862,500,0
2019-09-30 00:00:00+00:00,174.0797054,169.6894748,-2.5219657799351927,0,1.451208886690112,0.4810000000000001,500,0
2019-10-01 00:00:00+00:00,169.6894748,179.757162,5.933006282131527,0,1.4835427853637853,0.48660000000000003,500,0
2019-10-02 00:00:00+00:00,179.757162,180.6324408,0.486922907694781,0,1.4669000923822877,0.4824000000000001,500,0
2019-10-03 00:00:00+00:00,180.6324408,180.5789306,-0.02962380387654329,0,1.4654327665355276,0.48180000000000006,500,0
2019-10-04 00:00:00+00:00,180.5789306,176.8585256,-2.0602652743807974,0,1.4477685496488069,0.48340000000000005,500,0
2019-10-05 00:00:00+00:00,176.8585256,175.8631537,-0.5628068517608456,0,1.4592747121436762,0.48280000000000006,500,0
2019-10-06 00:00:00+00:00,175.8631537,176.2772566,0.23546882407578987,0,1.4523365846667629,0.48700000000000004,500,0
2019-10-07 00:00:00+00:00,176.2772566,170.4471063,-3.307375218136896,0,1.4396235054935307,0.4832,500,0
2019-10-08 00:00:00+00:00,170.4471063,180.1442476,5.689237858302086,0,1.4829709164442897,0.48640000000000005,500,0
2019-10-09 00:00:00+00:00,180.1442476,180.7897933,0.3583493276085124,0,1.470084756151141,0.48100000000000004,500,0
2019-10-10 00:00:00+00:00,180.7897933,193.3399378,6.941843491780787,0,1.4937969610283786,0.48460000000000014,500,0
2019-10-11 00:00:00+00:00,193.3399378,191.0410866,-1.1890203473521554,0,1.4552227883775457,0.48280000000000006,500,0
2019-10-12 00:00:00+00:00,191.0410866,180.5524491,-5.490252220958636,0,1.4111956367625307,0.48780000000000007,500,0
2019-10-13 00:00:00+00:00,180.5524491,179.9465357,-0.33558857995019664,0,1.4528056958931375,0.48560000000000003,500,0
2019-10-14 00:00:00+00:00,179.9465357,181.2872473,0.7450610787168334,0,1.4599194768211936,0.4854000000000001,500,0
2019-10-15 00:00:00+00:00,181.2872473,186.6160675,2.9394346703172785,0,1.4803140176265746,0.4826000000000001,500,0
2019-10-16 00:00:00+00:00,186.6160675,180.7456308,-3.145729506919347,0,1.4315473995609977,0.48660000000000003,500,0
2019-10-17 00:00:00+00:00,180.7456308,175.0540694,-3.148934430563277,0,1.4296876984939293,0.4872,500,0
2019-10-18 00:00:00+00:00,175.0540694,177.4769186,1.3840576276257657,0,1.471601232119548,0.4826000000000001,500,0
2019-10-19 00:00:00+00:00,177.4769186,172.8862606,-2.5866225513789094,0,1.4464487929292096,0.48260000000000003,500,0
2019-10-20 00:00:00+00:00,172.8862606,171.8524104,-0.5979944250121734,0,1.4421524548646636,0.48880000000000007,500,0
2019-10-21 00:00:00+00:00,171.8524104,175.2121086,1.954990443357783,0,1.4737664651627844,0.483,500,0
2019-10-22 00:00:00+00:00,175.2121086,174.3544961,-0.489471022780664,0,1.4456388899848946,0.48780000000000007,500,0
2019-10-23 00:00:00+00:00,174.3544961,171.4265472,-1.6793079418615682,0,1.4469655647133177,0.48460000000000003,500,0
2019-10-24 00:00:00+00:00,171.4265472,161.5840436,-5.741528229298657,0,1.4123368309509223,0.48660000000000003,500,0
2019-10-25 00:00:00+00:00,161.5840436,160.6783914,-0.5604836837985849,0,1.456458370265336,0.48380000000000006,500,0
2019-10-26 00:00:00+00:00,160.6783914,181.4531916,12.929430036601664,0,1.5249876601923253,0.48120000000000007,500,0
2019-10-27 00:00:00+00:00,181.4531916,179.5352701,-1.0569786527800074,0,1.4476729675469822,0.4858,500,0
2019-10-28 00:00:00+00:00,179.5352701,183.5808998,2.2533899315419283,0,1.468564505929474,0.48540000000000005,500,0
2019-10-29 00:00:00+00:00,183.5808998,181.8617999,-0.9364263394900321,0,1.4495559802037745,0.4854000000000001,500,0
2019-10-30 00:00:00+00:00,181.8617999,190.5059609,4.753148272343695,0,1.47973527997661,0.48600000000000004,500,0
2019-10-31 00:00:00+00:00,190.5059609,183.1337515,-3.869805104875332,0,1.4226142674671336,0.48800000000000004,500,0
2019-11-01 00:00:00+00:00,183.1337515,182.7557012,-0.2064339843985471,0,1.4513383553083568,0.4864,500,0
2019-11-02 00:00:00+00:00,182.7557012,183.06,0.16650577683865875,0,1.4638103784689807,0.48280000000000006,500,0
2019-11-03 00:00:00+00:00,183.06,183.2156817,0.08504408390691705,0,1.4474639513247127,0.48840000000000006,500,0
2019-11-04 00:00:00+00:00,183.2156817,181.82444,-0.7593464091561954,0,1.455211357054192,0.48380000000000006,500,0
2019-11-05 00:00:00+00:00,181.82444,185.7643309,2.1668654114925334,0,1.4651827004365536,0.4864000000000001,500,0
2019-11-06 00:00:00+00:00,185.7643309,189.1657552,1.8310427429854899,0,1.4793308099395643,0.48080000000000006,500,0
2019-11-07 00:00:00+00:00,189.1657552,191.3004005,1.1284522918765523,0,1.4787194112066135,0.4796000000000001,500,0
2019-11-08 00:00:00+00:00,191.3004005,186.816532,-2.3438887154865107,0,1.4302262884015857,0.489,500,0
2019-11-09 00:00:00+00:00,186.816532,183.6736228,-1.6823506818978908,0,1.4452533386167083,0.4852,500,0
2019-11-10 00:00:00+00:00,183.6736228,184.9581454,0.6993506092046237,0,1.4733027889403558,0.4806000000000001,500,0
2019-11-11 00:00:00+00:00,184.9581454,189.0449822,2.209600875463788,0,1.4579711215726792,0.48900000000000005,500,0
2019-11-12 00:00:00+00:00,189.0449822,184.84,-2.2243289142429243,0,1.4472016669842407,0.4832,500,0
2019-11-13 00:00:00+00:00,184.84,186.8659398,1.0960505301882728,0,1.4551376763525865,0.48780000000000007,500,0
2019-11-14 00:00:00+00:00,186.8659398,187.8428885,0.5228072601382544,0,1.448378169116558,0.489,500,0
2019-11-15 00:00:00+00:00,187.8428885,184.7883069,-1.6261364081398149,0,1.453407125076896,0.4824000000000001,500,0
2019-11-16 00:00:00+00:00,184.7883069,180.1687114,-2.499939296754281,0,1.4299506631419412,0.48880000000000007,500,0
2019-11-17 00:00:00+00:00,180.1687114,182.6306542,1.3664652318759951,0,1.4641222962561915,0.4852,500,0
2019-11-18 00:00:00+00:00,182.6306542,183.9879639,0.7431992761267795,0,1.4570640059993878,0.48640000000000005,500,0
2019-11-19 00:00:00+00:00,183.9879639,178.3855994,-3.0449624971364884,0,1.4354635602035641,0.4854000000000001,500,0
2019-11-20 00:00:00+00:00,178.3855994,175.8204846,-1.437960692246329,0,1.448021261695857,0.48480000000000006,500,0
2019-11-21 00:00:00+00:00,175.8204846,174.8044573,-0.5778776587446571,0,1.4495790900915224,0.4862,500,0
2019-11-22 00:00:00+00:00,174.8044573,161.1514773,-7.8104301291177585,0,1.3973156444949242,0.486,500,0
2019-11-23 00:00:00+00:00,161.1514773,149.9256921,-6.965983426327559,0,1.4191575293464116,0.48020000000000007,500,0
2019-11-24 00:00:00+00:00,149.9256921,151.9660849,1.3609360553353795,0,1.474354065912715,0.48160000000000003,500,0
2019-11-25 00:00:00+00:00,151.9660849,140.2468108,-7.711769443630648,0,1.3944788258103518,0.4872,500,0
2019-11-26 00:00:00+00:00,140.2468108,146.3461869,4.349030159907209,0,1.480081647403041,0.4852,500,0
2019-11-27 00:00:00+00:00,146.3461869,147.5750685,0.8397086565977306,0,1.4769666381318358,0.4796000000000001,500,0
2019-11-28 00:00:00+00:00,147.5750685,152.62,3.4185527076343645,0,1.4839778085506083,0.4822000000000001,500,0
2019-11-29 00:00:00+00:00,152.62,150.9103457,-1.120203315423936,0,1.4467329176229875,0.48600000000000004,500,0
2019-11-30 00:00:00+00:00,150.9103457,154.2553059,2.216521461457366,0,1.4700616701574383,0.48480000000000006,500,0
2019-12-01 00:00:00+00:00,154.2553059,151.735854,-1.633299992697371,0,1.4506039914645075,0.4834000000000001,500,0
2019-12-02 00:00:00+00:00,151.735854,151.0231569,-0.4696959098407853,0,1.4553437600105241,0.4844000000000001,500,0
2019-12-03 00:00:00+00:00,151.0231569,148.867268,-1.427522072941125,0,1.446363921651157,0.48540000000000005,500,0
2019-12-04 00:00:00+00:00,148.867268,147.1279518,-1.1683671121041803,0,1.4610231666983313,0.48080000000000006,500,0
2019-12-05 00:00:00+00:00,147.1279518,145.4017095,-1.1732932314225253,0,1.4469460454110414,0.4858,500,0
2019-12-06 00:00:00+00:00,145.4017095,147.7974921,1.6476990595492205,0,1.4628599380753824,0.4862,500,0
2019-12-07 00:00:00+00:00,147.7974921,148.6056982,0.5468334330417279,0,1.4666856615524517,0.48260000000000003,500,0
2019-12-08 00:00:00+00:00,148.6056982,147.1457865,-0.982406272224622,0,1.4526677050897656,0.4842,500,0
2019-12-09 00:00:00+00:00,147.1457865,150.2924488,2.1384657861066065,0,1.4776398653665934,0.4820000000000001,500,0
2019-12-10 00:00:00+00:00,150.2924488,147.4292613,-1.9050774159719335,0,1.4370651812608253,0.48760000000000003,500,0
2019-12-11 00:00:00+00:00,147.4292613,145.5686792,-1.2620168368163804,0,1.4424693939841007,0.4872,500,0
2019-12-12 00:00:00+00:00,145.5686792,143.1229787,-1.6801007699189092,0,1.4447181171950347,0.4854000000000001,500,0
2019-12-13 00:00:00+00:00,143.1229787,145.0259255,1.3295885938684666,0,1.4679030716505062,0.4838,500,0
2019-12-14 00:00:00+00:00,145.0259255,144.6187808,-0.28073925306548275,0,1.4548334187141743,0.485,500,0
2019-12-15 00:00:00+00:00,144.6187808,141.8448652,-1.9180880827893203,0,1.4470860448472886,0.4840000000000001,500,0
2019-12-16 00:00:00+00:00,141.8448652,142.2108692,0.258031194491208,0,1.4592714829898328,0.48460000000000003,500,0
2019-12-17 00:00:00+00:00,142.2108692,132.7227432,-6.671871182121988,0,1.4158456137117292,0.4826000000000001,500,0
2019-12-18 00:00:00+00:00,132.7227432,121.77,-8.252348418910618,0,1.4031666514914944,0.4822000000000001,500,0
2019-12-19 00:00:00+00:00,121.77,132.7413611,9.009904820563365,0,1.494538301495953,0.4872,500,0
2019-12-20 00:00:00+00:00,132.7413611,128.0791539,-3.5122490543755704,0,1.4392924752832337,0.48280000000000006,500,0
2019-12-21 00:00:00+00:00,128.0791539,128.2701942,0.14915799658479584,0,1.4591765579610654,0.4844000000000001,500,0
2019-12-22 00:00:00+00:00,128.2701942,126.9328733,-1.0425811766643405,0,1.4506053109098196,0.48480000000000006,500,0
2019-12-23 00:00:00+00:00,126.9328733,132.1774697,4.131787348423627,0,1.476104145169656,0.4862,500,0
2019-12-24 00:00:00+00:00,132.1774697,128.1699717,-3.031907033094006,0,1.4288313371142722,0.4878,500,0
2019-12-25 00:00:00+00:00,128.1699717,127.7255989,-0.34670585793692305,0,1.4487793913710598,0.48700000000000004,500,0
2019-12-26 00:00:00+00:00,127.7255989,125.0187059,-2.1193034311933796,0,1.4446382952351313,0.4844000000000001,500,0
2019-12-27 00:00:00+00:00,125.0187059,125.6145843,0.4766313934465416,0,1.4617228497798116,0.4842,500,0
2019-12-28 00:00:00+00:00,125.6145843,126.3271802,0.5672875518165422,0,1.463960392524219,0.48360000000000003,500,0
2019-12-29 00:00:00+00:00,126.3271802,128.0669874,1.3772231733863929,0,1.4693361365034514,0.4834000000000001,500,0
2019-12-30 00:00:00+00:00,128.0669874,134.3236472,4.8854587173649895,0,1.4844228019595762,0.48460000000000003,500,0
2019-12-31 00:00:00+00:00,134.3236472,131.4621364,-2.1303105295669926,0,1.4422911605083009,0.4852,500,0
2020-01-01 00:00:00+00:00,131.4621364,129.1863853,-1.7311076499438205,0,1.4516740315435315,0.48280000000000006,500,0
2020-01-02 00:00:00+00:00,129.1863853,130.484685,1.0049818306976046,0,1.4722613995036071,0.48160000000000003,500,0
2020-01-03 00:00:00+00:00,130.484685,127.045258,-2.63588558304755,0,1.4405407743644245,0.4846000000000001,500,0
2020-01-04 00:00:00+00:00,127.045258,133.7026486,5.240172443114719,0,1.4815026285622452,0.4862,500,0
2020-01-05 00:00:00+00:00,133.7026486,134.1368827,0.3247759895161849,0,1.4551373808119306,0.4862,500,0
2020-01-06 00:00:00+00:00,134.1368827,135.0057136,0.6477196148528104,0,1.4531018557829365,0.48760000000000003,500,0
2020-01-07 00:00:00+00:00,135.0057136,143.806398,6.51874958868407,0,1.50132218320883,0.4814000000000001,500,0
2020-01-08 00:00:00+00:00,143.806398,143.02,-0.5468449324486878,0,1.4593559255432564,0.48280000000000006,500,0
2020-01-09 00:00:00+00:00,143.02,140.2739353,-1.9200564256747341,0,1.4442584841387844,0.48500000000000004,500,0
2020-01-10 00:00:00+00:00,140.2739353,137.8605593,-1.7204735825216415,0,1.438336731943672,0.48760000000000003,500,0
2020-01-11 00:00:00+00:00,137.8605593,144.6047743,4.892055446637084,0,1.4827603248443848,0.4852,500,0
2020-01-12 00:00:00+00:00,144.6047743,142.1823333,-1.675215090045607,0,1.4441745708846703,0.48560000000000003,500,0
2020-01-13 00:00:00+00:00,142.1823333,145.4228763,2.279146026646337,0,1.4721465424287352,0.4842,500,0
2020-01-14 00:00:00+00:00,145.4228763,143.5879691,-1.2617734201699347,0,1.4496986295083387,0.48460000000000003,500,0
2020-01-15 00:00:00+00:00,143.5879691,165.9914385,15.602609007163663,0,1.528316948282316,0.48260000000000003,500,0
2020-01-16 00:00:00+00:00,165.9914385,166.2530969,0.15763367217280663,0,1.468286692412117,0.48120000000000007,500,0
2020-01-17 00:00:00+00:00,166.2530969,163.8059011,-1.4719700538703184,0,1.4348829864311539,0.48940000000000006,500,0
2020-01-18 00:00:00+00:00,163.8059011,171.1562179,4.487211236372242,0,1.4761131175411957,0.48680000000000007,500,0
2020-01-19 00:00:00+00:00,171.1562179,174.2383732,1.800784884017942,0,1.471748066210556,0.4834,500,0
2020-01-20 00:00:00+00:00,174.2383732,166.627106,-4.368307084262891,0,1.4276941451750729,0.48480000000000006,500,0
2020-01-21 00:00:00+00:00,166.627106,166.9385281,0.18689762276733998,0,1.4520434429215265,0.48700000000000004,500,0
2020-01-22 00:00:00+00:00,166.9385281,169.2799359,1.4025568732686007,0,1.4620249253073945,0.486,500,0
2020-01-23 00:00:00+00:00,169.2799359,167.8265296,-0.8585815514832149,0,1.4484040537920377,0.48600000000000004,500,0
2020-01-24 00:00:00+00:00,167.8265296,162.5193711,-3.1622881749680096,0,1.4411351067560276,0.4830000000000001,500,0
2020-01-25 00:00:00+00:00,162.5193711,162.4094798,-0.06761735493818116,0,1.4680239840509564,0.48080000000000006,500,0
2020-01-26 00:00:00+00:00,162.4094798,160.6736109,-1.068822400107222,0,1.4453737624470568,0.48660000000000003,500,0
2020-01-27 00:00:00+00:00,160.6736109,167.6474096,4.340351014044462,0,1.48290945844879,0.4842000000000001,500,0
2020-01-28 00:00:00+00:00,167.6474096,169.7364357,1.2460831366164955,0,1.4685569901482032,0.4834000000000001,500,0
2020-01-29 00:00:00+00:00,169.7364357,175.1900031,3.2129621300867375,0,1.4742643269435507,0.4852,500,0
2020-01-30 00:00:00+00:00,175.1900031,173.7068882,-0.8465750749221854,0,1.460269862994503,0.48180000000000006,500,0
2020-01-31 00:00:00+00:00,173.7068882,184.7262184,6.343634564055235,0,1.48016226491426,0.48840000000000006,500,0
2020-02-01 00:00:00+00:00,184.7262184,179.2291039,-2.9758171566619267,0,1.446931929308059,0.48140000000000005,500,0
2020-02-02 00:00:00+00:00,179.2291039,183.3369376,2.2919456776907903,0,1.4710810044937443,0.48460000000000003,500,0
2020-02-03 00:00:00+00:00,183.3369376,188.5506418,2.8437827468107524,0,1.4648392309681904,0.48780000000000007,500,0
2020-02-04 00:00:00+00:00,188.5506418,189.8617635,0.695368463073564,0,1.460189605742486,0.4852,500,0
2020-02-05 00:00:00+00:00,189.8617635,188.8422074,-0.5369991730852054,0,1.4537924743096964,0.4848,500,0
2020-02-06 00:00:00+00:00,188.8422074,203.8593184,7.9522005206130615,0,1.5014534610963746,0.4834000000000001,500,0
2020-02-07 00:00:00+00:00,203.8593184,212.7334142,4.353048891583065,0,1.4904960414028325,0.48160000000000003,500,0
2020-02-08 00:00:00+00:00,212.7334142,223.2763197,4.955923609672405,0,1.4847493503931883,0.48460000000000003,500,0
2020-02-09 00:00:00+00:00,223.2763197,223.300777,0.010953826197459935,0,1.4521075572673794,0.4866000000000001,500,0
2020-02-10 00:00:00+00:00,223.300777,228.2922608,2.2353185990033513,0,1.4678490405234808,0.48560000000000003,500,0
2020-02-11 00:00:00+00:00,228.2922608,224.1469965,-1.815770839306528,0,1.4382586326674127,0.4874000000000001,500,0
2020-02-12 00:00:00+00:00,224.1469965,236.7853485,5.638421302691868,0,1.4867729787831518,0.48500000000000004,500,0
2020-02-13 00:00:00+00:00,236.7853485,264.0327682,11.50722368280317,0,1.5129964715972224,0.48380000000000006,500,0
2020-02-14 00:00:00+00:00,264.0327682,267.6704445,1.3777366820032273,0,1.4584922925725565,0.4872,500,0
2020-02-15 00:00:00+00:00,267.6704445,284.2318915,6.187252773064396,0,1.498128244406269,0.482,500,0
2020-02-16 00:00:00+00:00,284.2318915,263.8999464,-7.153294794859442,0,1.4118147379941044,0.48260000000000003,500,0
2020-02-17 00:00:00+00:00,263.8999464,262.1562443,-0.6607436355280558,0,1.4468254952569224,0.48700000000000004,500,0
2020-02-18 00:00:00+00:00,262.1562443,267.9356656,2.204571291228239,0,1.4677171171003913,0.48560000000000003,500,0
2020-02-19 00:00:00+00:00,267.9356656,281.9457403,5.228895029195404,0,1.492384784283847,0.4824000000000001,500,0
2020-02-20 00:00:00+00:00,281.9457403,259.1838037,-8.073162082810873,0,1.3929404845015652,0.48680000000000007,500,0
2020-02-21 00:00:00+00:00,259.1838037,257.9883953,-0.4612203320326606,0,1.4435504568886952,0.48860000000000003,500,0
2020-02-22 00:00:00+00:00,257.9883953,265.1644591,2.78154518991266,0,1.4759739411003798,0.48380000000000006,500,0
2020-02-23 00:00:00+00:00,265.1644591,260.9965401,-1.5718241479821242,0,1.4505146184072542,0.48360000000000003,500,0
2020-02-24 00:00:00+00:00,260.9965401,274.6312158,5.224082930285558,0,1.4848421222446926,0.485,500,0
2020-02-25 00:00:00+00:00,274.6312158,265.2421912,-3.4187754558963093,0,1.429001144112549,0.48680000000000007,500,0
2020-02-26 00:00:00+00:00,265.2421912,248.3173814,-6.3808889993817814,0,1.4132119482398802,0.4844000000000001,500,0
2020-02-27 00:00:00+00:00,248.3173814,224.8105083,-9.466463027062181,0,1.3749271315753813,0.48919999999999997,500,0
2020-02-28 00:00:00+00:00,224.8105083,225.4297151,0.27543498953069206,0,1.4678790410347287,0.48160000000000003,500,0
2020-02-29 00:00:00+00:00,225.4297151,227.7052845,1.009436310998556,0,1.4683128002902954,0.48300000000000004,500,0
2020-03-01 00:00:00+00:00,227.7052845,218.3483569,-4.109227249840135,0,1.4235541647611465,0.48700000000000004,500,0
2020-03-02 00:00:00+00:00,218.3483569,218.939797,0.27086995679608883,0,1.462191566517706,0.48360000000000003,500,0
2020-03-03 00:00:00+00:00,218.939797,231.679446,5.818790907164317,0,1.48303586877702,0.48660000000000003,500,0
2020-03-04 00:00:00+00:00,231.679446,223.960116,-3.3319010957925084,0,1.4372144871490218,0.48400000000000004,500,0
2020-03-05 00:00:00+00:00,223.960116,224.1348774,0.07803237608610374,0,1.460439866304832,0.48380000000000006,500,0
2020-03-06 00:00:00+00:00,224.1348774,228.0809351,1.7605728058813979,0,1.4692253872814771,0.4842,500,0
2020-03-07 00:00:00+00:00,228.0809351,244.2384695,7.084123183253295,0,1.497841005466635,0.4834000000000001,500,0
2020-03-08 00:00:00+00:00,244.2384695,237.3807902,-2.8077801642136477,0,1.4349098352643173,0.4862,500,0
2020-03-09 00:00:00+00:00,237.3807902,198.8196423,-16.244426462440856,0,1.3189886202790457,0.48480000000000006,500,0
2020-03-10 00:00:00+00:00,198.8196423,200.8468715,1.019632253910354,0,1.4626880233069086,0.48500000000000004,500,0
2020-03-11 00:00:00+00:00,200.8468715,200.7490385,-0.048710243415456975,0,1.4573982296545267,0.48460000000000003,500,0
2020-03-12 00:00:00+00:00,200.7490385,194.2179412,-3.2533641748924236,0,1.4323438354487725,0.48600000000000004,500,0
2020-03-13 00:00:00+00:00,194.2179412,110.5978978,-43.054747096660094,402,0.9520969022119271,0.4806000000000001,500,402
2020-03-14 00:00:00+00:00,110.5978978,132.5728577,19.86923832832561,0,1.5283494936272566,0.48560000000000003,500,0
2020-03-15 00:00:00+00:00,132.5728577,123.03,-7.198198685280348,0,1.404624687775111,0.48500000000000004,500,0
2020-03-16 00:00:00+00:00,123.03,124.6034255,1.2788957977729003,0,1.4618912177824341,0.48580000000000007,500,0
2020-03-17 00:00:00+00:00,124.6034255,110.9915985,-10.924119417567702,0,1.3765233045466945,0.48300000000000004,500,0
2020-03-18 00:00:00+00:00,110.9915985,117.2170414,5.608931652606125,0,1.4890040549338983,0.4842,500,0
2020-03-19 00:00:00+00:00,117.2170414,117.7004246,0.412383041089114,0,1.4658780684002808,0.4826000000000001,500,0
2020-03-20 00:00:00+00:00,117.7004246,136.8118758,16.237368102068846,0,1.5288064068563325,0.48280000000000006,500,0
2020-03-21 00:00:00+00:00,136.8118758,131.964694,-3.542953980899944,0,1.4357224079173052,0.48400000000000004,500,0
2020-03-22 00:00:00+00:00,131.964694,131.9432185,-0.01627367089564743,0,1.459859237434104,0.48380000000000006,500,0
2020-03-23 00:00:00+00:00,131.9432185,122.5205988,-7.141420231461155,0,1.403239500461558,0.48580000000000007,500,0
2020-03-24 00:00:00+00:00,122.5205988,135.588658,10.666009902001889,0,1.5158290494843822,0.482,500,0
2020-03-25 00:00:00+00:00,135.588658,138.7765713,2.3511651689922255,0,1.4776777626520694,0.4824000000000001,500,0
2020-03-26 00:00:00+00:00,138.7765713,136.2339214,-1.8321895952476142,0,1.4487520815700428,0.48360000000000003,500,0
2020-03-27 00:00:00+00:00,136.2339214,138.7669376,1.8593138727635505,0,1.470908831388736,0.48380000000000006,500,0
2020-03-28 00:00:00+00:00,138.7669376,130.2865619,-6.111236470783077,0,1.4187305906324428,0.4832,500,0
2020-03-29 00:00:00+00:00,130.2865619,131.4240521,0.8730679384057045,0,1.4612501672978537,0.4852,500,0
2020-03-30 00:00:00+00:00,131.4240521,125.3188745,-4.645403563842789,0,1.432007488568936,0.48240000000000005,500,0
2020-03-31 00:00:00+00:00,125.3188745,132.363739,5.6215510457684505,0,1.4867748531127236,0.485,500,0
2020-04-01 00:00:00+00:00,132.363739,133.2364468,0.6593254365532849,0,1.4542947327758446,0.4872,500,0
2020-04-02 00:00:00+00:00,133.2364468,136.2163856,2.236579308117653,0,1.460987293875115,0.488,500,0
2020-04-03 00:00:00+00:00,136.2163856,141.4537054,3.844853008638334,0,1.4815887403742662,0.48380000000000006,500,0
2020-04-04 00:00:00+00:00,141.4537054,141.2615433,-0.1358480496898954,0,1.4489483848234535,0.48740000000000006,500,0
2020-04-05 00:00:00+00:00,141.2615433,144.2,2.080153332148955,0,1.4704325573193828,0.4844000000000001,500,0
2020-04-06 00:00:00+00:00,144.2,142.8508835,-0.9355870319001246,0,1.4524080914042452,0.4844000000000001,500,0
2020-04-07 00:00:00+00:00,142.8508835,169.8550498,18.90374468702532,0,1.5253212627602784,0.48600000000000004,500,0
2020-04-08 00:00:00+00:00,169.8550498,164.5160197,-3.1432860584872655,0,1.432579013988267,0.4862,500,0
2020-04-09 00:00:00+00:00,164.5160197,172.8035683,5.037532888962794,0,1.4839761393914672,0.4850000000000001,500,0
2020-04-10 00:00:00+00:00,172.8035683,170.0951035,-1.5673662451795571,0,1.4449455761462155,0.48560000000000003,500,0
2020-04-11 00:00:00+00:00,170.0951035,157.740158,-7.263551534274463,0,1.4050121856067594,0.48480000000000006,500,0
2020-04-12 00:00:00+00:00,157.740158,158.3278779,0.3725873661163673,0,1.4554225561359864,0.4862,500,0
2020-04-13 00:00:00+00:00,158.3278779,158.8638257,0.33850501068327804,0,1.451821615615344,0.48740000000000006,500,0
2020-04-14 00:00:00+00:00,158.8638257,156.7013588,-1.3612078712517108,0,1.4541416116690193,0.48280000000000006,500,0
2020-04-15 00:00:00+00:00,156.7013588,158.2671512,0.9992206908674185,0,1.4585620801146102,0.48640000000000005,500,0
2020-04-16 00:00:00+00:00,158.2671512,153.2228637,-3.187198014087964,0,1.4344923292783227,0.48540000000000005,500,0
2020-04-17 00:00:00+00:00,153.2228637,171.7759908,12.108589183090684,0,1.5011381755370157,0.4886000000000001,500,0
2020-04-18 00:00:00+00:00,171.7759908,170.45,-0.7719302294951453,0,1.4517433186395292,0.48500000000000004,500,0
2020-04-19 00:00:00+00:00,170.45,187.1435441,9.793807040187753,0,1.5071575378102657,0.48380000000000006,500,0
2020-04-20 00:00:00+00:00,187.1435441,180.0585965,-3.7858359656874856,0,1.4285807429358899,0.48600000000000004,500,0
2020-04-21 00:00:00+00:00,180.0585965,170.7040587,-5.195274195086822,0,1.4254063248459306,0.4832,500,0
2020-04-22 00:00:00+00:00,170.7040587,170.4515429,-0.14792606685689635,0,1.457912516554491,0.4842,500,0
2020-04-23 00:00:00+00:00,170.4515429,182.2767577,6.937581554739918,0,1.4803937068538735,0.4892,500,0
2020-04-24 00:00:00+00:00,182.2767577,184.5937025,1.2711136785817514,0,1.472143371683027,0.4822000000000001,500,0
2020-04-25 00:00:00+00:00,184.5937025,187.3433686,1.4895774139423767,0,1.466511366670201,0.48460000000000003,500,0
2020-04-26 00:00:00+00:00,187.3433686,194.1142368,3.6141488490348386,0,1.4885218972424652,0.48100000000000004,500,0
2020-04-27 00:00:00+00:00,194.1142368,197.2299044,1.6050690827021419,0,1.4729189516895513,0.48260000000000003,500,0
2020-04-28 00:00:00+00:00,197.2299044,196.4626254,-0.38902771987552714,0,1.45415101537775,0.485,500,0
2020-04-29 00:00:00+00:00,196.4626254,197.1547316,0.35228390061002596,0,1.4570080895289388,0.4856000000000001,500,0
2020-04-30 00:00:00+00:00,197.1547316,215.5481727,9.329444416945467,0,1.5048338466885203,0.484,500,0
2020-05-01 00:00:00+00:00,215.5481727,205.5560054,-4.635700305335971,0,1.4211633479546153,0.48640000000000005,500,0
2020-05-02 00:00:00+00:00,205.5560054,211.9682953,3.1194855570004134,0,1.4795344064662699,0.4832,500,0
2020-05-03 00:00:00+00:00,211.9682953,213.9430112,0.9316090867293052,0,1.4627411923232996,0.48480000000000006,500,0
2020-05-04 00:00:00+00:00,213.9430112,210.0247095,-1.8314698283539914,0,1.436515310662152,0.488,500,0
2020-05-05 00:00:00+00:00,210.0247095,206.8325342,-1.5199046376969287,0,1.4446690155535817,0.48580000000000007,500,0
2020-05-06 00:00:00+00:00,206.8325342,205.2251797,-0.7771284658948908,0,1.4342844752198285,0.4912,500,0
2020-05-07 00:00:00+00:00,205.2251797,200.2547945,-2.421917820837464,0,1.4359435495028525,0.48680000000000007,500,0
2020-05-08 00:00:00+00:00,200.2547945,212.2924762,6.011182768460511,0,1.4843341126060596,0.48640000000000005,500,0
2020-05-09 00:00:00+00:00,212.2924762,211.6890484,-0.28424361089063405,0,1.4384418677388457,0.4908000000000001,500,0
2020-05-10 00:00:00+00:00,211.6890484,210.4318181,-0.5939042711479275,0,1.4523017133231808,0.4852,500,0
2020-05-11 00:00:00+00:00,210.4318181,188.1372262,-10.594686726227549,0,1.3688935768472605,0.4876000000000001,500,0
2020-05-12 00:00:00+00:00,188.1372262,185.6747181,-1.3088893409017315,0,1.453347383017432,0.4832,500,0
2020-05-13 00:00:00+00:00,185.6747181,189.3057818,1.9556048002423214,0,1.4605922776494713,0.48760000000000003,500,0
2020-05-14 00:00:00+00:00,189.3057818,199.3693725,5.3160503627047655,0,1.493523904710672,0.4822000000000001,500,0
2020-05-15 00:00:00+00:00,199.3693725,203.211247,1.927013388177258,0,1.4730380053940002,0.4832,500,0
2020-05-16 00:00:00+00:00,203.211247,194.2730978,-4.398452020719108,0,1.4215767823689376,0.48700000000000004,500,0
2020-05-17 00:00:00+00:00,194.2730978,200.5833909,3.2481559060206764,0,1.4710180347829027,0.48640000000000005,500,0
2020-05-18 00:00:00+00:00,200.5833909,206.768894,3.0837563729709467,0,1.4764556671616798,0.4842,500,0
2020-05-19 00:00:00+00:00,206.768894,214.3576416,3.6701592068292466,0,1.4783622401842902,0.4846000000000001,500,0
2020-05-20 00:00:00+00:00,214.3576416,213.6867202,-0.31299159432438795,0,1.4551955573692497,0.4848,500,0
2020-05-21 00:00:00+00:00,213.6867202,209.9207883,-1.7623612251034018,0,1.4553477540022113,0.48140000000000005,500,0
2020-05-22 00:00:00+00:00,209.9207883,198.9175158,-5.241630707043228,0,1.4173467559409418,0.4862,500,0
2020-05-23 00:00:00+00:00,198.9175158,206.2277296,3.674997533827041,0,1.478984401679561,0.48440000000000005,500,0
2020-05-24 00:00:00+00:00,206.2277296,206.411207,0.08896834599103631,0,1.4474867833866107,0.4884000000000001,500,0
2020-05-25 00:00:00+00:00,206.411207,200.6907286,-2.771399132412413,0,1.4312952720306487,0.4876000000000001,500,0
2020-05-26 00:00:00+00:00,200.6907286,203.8101183,1.5543267602646988,0,1.4669285897297144,0.48460000000000003,500,0
2020-05-27 00:00:00+00:00,203.8101183,200.9636154,-1.3966445452968417,0,1.451623505939551,0.48360000000000003,500,0
2020-05-28 00:00:00+00:00,200.9636154,207.8458939,3.4246390752382854,0,1.4817649587480382,0.48300000000000004,500,0
2020-05-29 00:00:00+00:00,207.8458939,219.5915641,5.651143729426355,0,1.4844996414427996,0.4858,500,0
2020-05-30 00:00:00+00:00,219.5915641,220.4911673,0.40967111085848923,0,1.4596276488618873,0.48480000000000006,500,0
2020-05-31 00:00:00+00:00,220.4911673,242.7097703,10.076867600673273,0,1.5042921326322736,0.4852,500,0
2020-06-01 00:00:00+00:00,242.7097703,232.331003,-4.2762049863799785,0,1.4253926616309733,0.48580000000000007,500,0
2020-06-02 00:00:00+00:00,232.331003,248.0445666,6.763438110754416,0,1.4906035624790588,0.48540000000000005,500,0
2020-06-03 00:00:00+00:00,248.0445666,237.2653201,-4.3456894249906135,0,1.4239029687931946,0.4862,500,0
2020-06-04 00:00:00+00:00,237.2653201,244.1253366,2.891284953531648,0,1.4800589262674217,0.4826000000000001,500,0
2020-06-05 00:00:00+00:00,244.1253366,243.7078213,-0.1710249766840428,0,1.448734246571136,0.4874,500,0
2020-06-06 00:00:00+00:00,243.7078213,240.246969,-1.4200825732793168,0,1.447595552862286,0.4850000000000001,500,0
2020-06-07 00:00:00+00:00,240.246969,242.0216404,0.7386862807830006,0,1.4649957771583877,0.48360000000000003,500,0
2020-06-08 00:00:00+00:00,242.0216404,244.2267444,0.91111852492014,0,1.458061357804518,0.4864000000000001,500,0
2020-06-09 00:00:00+00:00,244.2267444,246.2127833,0.8131946830307956,0,1.467714775443503,0.48280000000000006,500,0
2020-06-10 00:00:00+00:00,246.2127833,243.8495267,-0.9598431764286057,0,1.4522218059098209,0.48440000000000005,500,0
2020-06-11 00:00:00+00:00,243.8495267,247.5419715,1.5142308660466124,0,1.4695399199813477,0.48360000000000003,500,0
2020-06-12 00:00:00+00:00,247.5419715,232.0007854,-6.278202442126052,0,1.4107198433497672,0.48580000000000007,500,0
2020-06-13 00:00:00+00:00,232.0007854,237.5934109,2.410606278921673,0,1.4624806553912943,0.48780000000000007,500,0
2020-06-14 00:00:00+00:00,237.5934109,238.2936291,0.2947128025762918,0,1.4696961640371542,0.4810000000000001,500,0
2020-06-15 00:00:00+00:00,238.2936291,232.1125205,-2.5939042614547247,0,1.4269639646241148,0.48960000000000004,500,0
2020-06-16 00:00:00+00:00,232.1125205,231.0170116,-0.4719732040478182,0,1.44912340767675,0.48660000000000003,500,0
2020-06-17 00:00:00+00:00,231.0170116,235.2884795,1.8489841377551628,0,1.473732260062247,0.48280000000000006,500,0
2020-06-18 00:00:00+00:00,235.2884795,233.8636185,-0.6055804359941018,0,1.4528014566201672,0.48500000000000004,500,0
2020-06-19 00:00:00+00:00,233.8636185,231.6848573,-0.9316375133398515,0,1.4524440898350486,0.48440000000000005,500,0
2020-06-20 00:00:00+00:00,231.6848573,228.9592128,-1.176444818951064,0,1.4530810111375423,0.4836000000000001,500,0
2020-06-21 00:00:00+00:00,228.9592128,228.8691488,-0.0393362638255821,0,1.4574561608255512,0.4846000000000001,500,0
2020-06-22 00:00:00+00:00,228.8691488,227.7919059,-0.4706806949071923,0,1.4570323860599081,0.48380000000000006,500,0
2020-06-23 00:00:00+00:00,227.7919059,243.36471,6.836416789469434,0,1.489892965910013,0.48580000000000007,500,0
2020-06-24 00:00:00+00:00,243.36471,243.0794822,-0.11720179150050197,0,1.4530183427142065,0.486,500,0
2020-06-25 00:00:00+00:00,243.0794822,234.5649846,-3.5027627683501783,0,1.4312348896500753,0.48580000000000007,500,0
2020-06-26 00:00:00+00:00,234.5649846,232.6487035,-0.8169510480295242,0,1.452004230999708,0.48480000000000006,500,0
2020-06-27 00:00:00+00:00,232.6487035,229.636526,-1.2947321238779252,0,1.4585117299137575,0.4814000000000001,500,0
2020-06-28 00:00:00+00:00,229.636526,221.0260853,-3.749595436746852,0,1.427542175979057,0.48640000000000005,500,0
2020-06-29 00:00:00+00:00,221.0260853,225.1229462,1.853564430840506,0,1.4731862304421084,0.48300000000000004,500,0
2020-06-30 00:00:00+00:00,225.1229462,228.2057638,1.369392881550694,0,1.4647011546104935,0.48500000000000004,500,0
2020-07-01 00:00:00+00:00,228.2057638,225.592815,-1.1449968469201295,0,1.446579427214676,0.48600000000000004,500,0
2020-07-02 00:00:00+00:00,225.592815,230.6619436,2.2470257308505146,0,1.4748109922723125,0.4832,500,0
2020-07-03 00:00:00+00:00,230.6619436,226.5744243,-1.7720822239702991,0,1.4508011695474232,0.48300000000000004,500,0
2020-07-04 00:00:00+00:00,226.5744243,225.1764055,-0.6170240989552045,0,1.444841995504009,0.48780000000000007,500,0
2020-07-05 00:00:00+00:00,225.1764055,229.0947165,1.740107268920774,0,1.4571185748998692,0.48840000000000006,500,0
2020-07-06 00:00:00+00:00,229.0947165,227.899375,-0.5217673799997967,0,1.4437473651770962,0.48840000000000006,500,0
2020-07-07 00:00:00+00:00,227.899375,241.5268519,5.979602576795133,0,1.4994046231207097,0.48120000000000007,500,0
2020-07-08 00:00:00+00:00,241.5268519,238.9644805,-1.0609053940970896,0,1.448216120790709,0.48560000000000003,500,0
2020-07-09 00:00:00+00:00,238.9644805,246.8590079,3.3036405174031653,0,1.475352841711899,0.48500000000000004,500,0
2020-07-10 00:00:00+00:00,246.8590079,241.9751286,-1.9784083803733012,0,1.4528111592823492,0.48180000000000006,500,0
2020-07-11 00:00:00+00:00,241.9751286,240.9549538,-0.42160316471467585,0,1.4505741276843014,0.4862,500,0
2020-07-12 00:00:00+00:00,240.9549538,239.1020255,-0.7689936524558816,0,1.4562598687087767,0.4834000000000001,500,0
2020-07-13 00:00:00+00:00,239.1020255,241.7715226,1.116467790022967,0,1.4643797987936826,0.48460000000000003,500,0
2020-07-14 00:00:00+00:00,241.7715226,239.6387868,-0.8821286217105562,0,1.4544440378736005,0.48380000000000006,500,0
2020-07-15 00:00:00+00:00,239.6387868,240.2514707,0.2556697553770154,0,1.4586941306508967,0.48480000000000006,500,0
2020-07-16 00:00:00+00:00,240.2514707,238.6635972,-0.6609214484196707,0,1.4456725530134849,0.4874,500,0
2020-07-17 00:00:00+00:00,238.6635972,233.84,-2.021086272305626,0,1.4452632125506246,0.4844000000000001,500,0
2020-07-18 00:00:00+00:00,233.84,232.7814774,-0.4526696031474527,0,1.4526322002931256,0.4854000000000001,500,0
2020-07-19 00:00:00+00:00,232.7814774,235.6811448,1.245660708226091,0,1.4617076150666877,0.4858,500,0
2020-07-20 00:00:00+00:00,235.6811448,238.8952317,1.3637437575786981,0,1.4658171144242724,0.4846000000000001,500,0
2020-07-21 00:00:00+00:00,238.8952317,236.0600984,-1.1867684757979302,0,1.441214107058395,0.48780000000000007,500,0
2020-07-22 00:00:00+00:00,236.0600984,245.233735,3.886144529371258,0,1.4841386207116694,0.48300000000000004,500,0
2020-07-23 00:00:00+00:00,245.233735,263.762464,7.555538392790872,0,1.4933924277900499,0.4856000000000001,500,0
2020-07-24 00:00:00+00:00,263.762464,274.7236203,4.155692259532414,0,1.4820181431521262,0.4842,500,0
2020-07-25 00:00:00+00:00,274.7236203,279.4270562,1.7120609778161069,0,1.4649280356744872,0.4856000000000001,500,0
2020-07-26 00:00:00+00:00,279.4270562,305.0381394,9.165570273792262,0,1.5015931599735228,0.485,500,0
2020-07-27 00:00:00+00:00,305.0381394,310.517991,1.7964480149199398,0,1.4671351558836194,0.48500000000000004,500,0
2020-07-28 00:00:00+00:00,310.517991,320.4761913,3.2069640370692682,0,1.466196863532712,0.48800000000000004,500,0
2020-07-29 00:00:00+00:00,320.4761913,316.4067661,-1.2698057797967706,0,1.4446719915188768,0.48640000000000005,500,0
2020-07-30 00:00:00+00:00,316.4067661,317.5390729,0.3578642814617044,0,1.466678014030338,0.4822000000000001,500,0
2020-07-31 00:00:00+00:00,317.5390729,334.741922,5.417553481809633,0,1.4759726183963076,0.48840000000000006,500,0
2020-08-01 00:00:00+00:00,334.741922,346.0035061,3.3642586601387783,0,1.479666041767237,0.48360000000000003,500,0
2020-08-02 00:00:00+00:00,346.0035061,387.9424212,12.120950903855606,0,1.5130981778534915,0.48460000000000003,500,0
2020-08-03 00:00:00+00:00,387.9424212,370.7323024,-4.436255964677685,0,1.424331916998477,0.48580000000000007,500,0
2020-08-04 00:00:00+00:00,370.7323024,386.2474477,4.184999580441208,0,1.4676710923009915,0.4892,500,0
2020-08-05 00:00:00+00:00,386.2474477,389.3830083,0.8118009888923241,0,1.4614506481465337,0.4850000000000001,500,0
2020-08-06 00:00:00+00:00,389.3830083,400.1843625,2.7739664982191905,0,1.4685114989406967,0.4864,500,0
2020-08-07 00:00:00+00:00,400.1843625,394.5417455,-1.4100043701732672,0,1.446514246463981,0.4854000000000001,500,0
2020-08-08 00:00:00+00:00,394.5417455,379.1351558,-3.9049327164291117,0,1.4276088442992316,0.48600000000000004,500,0
2020-08-09 00:00:00+00:00,379.1351558,391.4784386,3.255641849924168,0,1.4739292526025292,0.48540000000000005,500,0
2020-08-10 00:00:00+00:00,391.4784386,389.6229311,-0.47397437944108206,0,1.451930714376495,0.4856000000000001,500,0
2020-08-11 00:00:00+00:00,389.6229311,395.2099137,1.4339460421968984,0,1.4570719140164399,0.48780000000000007,500,0
2020-08-12 00:00:00+00:00,395.2099137,379.174764,-4.057375370439761,0,1.4265295624022474,0.48600000000000004,500,0
2020-08-13 00:00:00+00:00,379.174764,387.5005308,2.195759736795141,0,1.476803341923739,0.4824000000000001,500,0
2020-08-14 00:00:00+00:00,387.5005308,427.4902654,10.319917373388027,0,1.4962412333755677,0.4882,500,0
2020-08-15 00:00:00+00:00,427.4902654,438.7625875,2.6368605351638954,0,1.4677255493911878,0.48640000000000005,500,0
2020-08-16 00:00:00+00:00,438.7625875,432.6546652,-1.3920791047390713,0,1.4410423448430334,0.4874000000000001,500,0
2020-08-17 00:00:00+00:00,432.6546652,433.4318609,0.17963418923050894,0,1.4644597033038738,0.48260000000000003,500,0
2020-08-18 00:00:00+00:00,433.4318609,430.0325051,-0.7842883983981768,0,1.4589892200905656,0.4824000000000001,500,0
2020-08-19 00:00:00+00:00,430.0325051,422.1066529,-1.8430821172824894,0,1.4425839003145189,0.4858,500,0
2020-08-20 00:00:00+00:00,422.1066529,406.5744692,-3.679682277758282,0,1.4343394881878098,0.4842,500,0
2020-08-21 00:00:00+00:00,406.5744692,416.4697758,2.433823899338923,0,1.4672273155125342,0.4862,500,0
2020-08-22 00:00:00+00:00,416.4697758,386.8238914,-7.11837595970872,0,1.4077478713912341,0.4842,500,0
2020-08-23 00:00:00+00:00,386.8238914,395.8850183,2.342442414093359,0,1.4724848263501318,0.4842,500,0
2020-08-24 00:00:00+00:00,395.8850183,390.789135,-1.287212969534095,0,1.442264305841547,0.4872,500,0
2020-08-25 00:00:00+00:00,390.789135,408.2691456,4.473003222057342,0,1.4748634022406124,0.4872,500,0
2020-08-26 00:00:00+00:00,408.2691456,383.6621431,-6.027152128735349,0,1.4179567085262084,0.48360000000000003,500,0
2020-08-27 00:00:00+00:00,383.6621431,385.7524999,0.5448431224175152,0,1.4604374119029144,0.48480000000000006,500,0
2020-08-28 00:00:00+00:00,385.7524999,381.8376513,-1.014860202076417,0,1.4603194765364693,0.48140000000000005,500,0
2020-08-29 00:00:00+00:00,381.8376513,395.1382132,3.483302878780302,0,1.464158569342152,0.4892,500,0
2020-08-30 00:00:00+00:00,395.1382132,399.37,1.070963692863105,0,1.4732207769028618,0.48140000000000005,500,0
2020-08-31 00:00:00+00:00,399.37,428.2956792,7.242827252923352,0,1.4839407238707008,0.4884000000000001,500,0
2020-09-01 00:00:00+00:00,428.2956792,435.6930233,1.727158236528854,0,1.457016009700031,0.4884000000000001,500,0
2020-09-02 00:00:00+00:00,435.6930233,475.6846643,9.178857328744382,0,1.506003201748858,0.4834000000000001,500,0
2020-09-03 00:00:00+00:00,475.6846643,439.3537602,-7.637602560398539,0,1.4002135978624128,0.4854000000000001,500,0
2020-09-04 00:00:00+00:00,439.3537602,383.6915312,-12.669114058489402,0,1.3570547554778272,0.4842,500,0
2020-09-05 00:00:00+00:00,383.6915312,387.9040291,1.0978865983373096,0,1.464852877234746,0.48440000000000005,500,0
2020-09-06 00:00:00+00:00,387.9040291,334.468593,-13.775426933300706,0,1.3433574829649708,0.48500000000000004,500,0
2020-09-07 00:00:00+00:00,334.468593,352.9930021,5.538459959378014,0,1.4886819470811197,0.4842,500,0
2020-09-08 00:00:00+00:00,352.9930021,351.8778603,-0.31591045526848516,0,1.4574305180884501,0.48400000000000004,500,0
2020-09-09 00:00:00+00:00,351.8778603,337.8450519,-3.987977074782736,0,1.4351994454333414,0.4830000000000001,500,0
2020-09-10 00:00:00+00:00,337.8450519,351.2322671,3.9625310848011313,0,1.479334458075797,0.48480000000000006,500,0
2020-09-11 00:00:00+00:00,351.2322671,367.6389288,4.671171539979498,0,1.4735131695960262,0.488,500,0
2020-09-12 00:00:00+00:00,367.6389288,373.914906,1.7071035487142894,0,1.4729276585019064,0.48280000000000006,500,0
2020-09-13 00:00:00+00:00,373.914906,387.7235163,3.6929820337250745,0,1.4900472674974576,0.4806,500,0
2020-09-14 00:00:00+00:00,387.7235163,365.7,-5.68021163899673,0,1.415463673896957,0.48560000000000003,500,0
2020-09-15 00:00:00+00:00,365.7,376.39,2.923161060978944,0,1.4652755106876816,0.48780000000000007,500,0
2020-09-16 00:00:00+00:00,376.39,364.6900451,-3.1084659262998398,0,1.4371720978194567,0.4846000000000001,500,0
2020-09-17 00:00:00+00:00,364.6900451,365.1305508,0.12078906619981114,0,1.452776234007801,0.48660000000000003,500,0
2020-09-18 00:00:00+00:00,365.1305508,388.7974562,6.48176531603447,0,1.4928894036228235,0.4842,500,0
2020-09-19 00:00:00+00:00,388.7974562,383.172866,-1.4466633231022668,0,1.4457446489377304,0.48560000000000003,500,0
2020-09-20 00:00:00+00:00,383.172866,385.4721235,0.6000574946765699,0,1.4584958351393034,0.48560000000000003,500,0
2020-09-21 00:00:00+00:00,385.4721235,370.9678952,-3.762717824652247,0,1.436377403704904,0.4832,500,0
2020-09-22 00:00:00+00:00,370.9678952,341.2771309,-8.003594026376009,0,1.3983832447255249,0.48480000000000006,500,0
2020-09-23 00:00:00+00:00,341.2771309,343.9175471,0.7736868254362145,0,1.4606599857352576,0.4852000000000001,500,0
2020-09-24 00:00:00+00:00,343.9175471,321.0774352,-6.641159223364312,0,1.402157840303542,0.48780000000000007,500,0
2020-09-25 00:00:00+00:00,321.0774352,348.82102,8.640776883843735,0,1.4947547822426872,0.4866000000000001,500,0
2020-09-26 00:00:00+00:00,348.82102,351.331567,0.7197235418897724,0,1.4807906112180662,0.4780000000000001,500,0
2020-09-27 00:00:00+00:00,351.331567,354.2615819,0.8339742782065476,0,1.4570293071596785,0.48660000000000003,500,0
2020-09-28 00:00:00+00:00,354.2615819,357.0664364,0.7917467327269269,0,1.449955514676542,0.4890000000000001,500,0
2020-09-29 00:00:00+00:00,357.0664364,354.4295835,-0.738476829854179,0,1.4468924329203843,0.48680000000000007,500,0
2020-09-30 00:00:00+00:00,354.4295835,359.4260895,1.409731645609095,0,1.4603830525415855,0.48660000000000003,500,0
2020-10-01 00:00:00+00:00,359.4260895,359.5989848,0.04810315807639593,0,1.4444111930524013,0.4894,500,0
2020-10-02 00:00:00+00:00,359.5989848,353.1978481,-1.7800764102713327,0,1.4485598588434636,0.48380000000000006,500,0
2020-10-03 00:00:00+00:00,353.1978481,345.9125682,-2.062662595253784,0,1.4421726357698854,0.4854000000000001,500,0
2020-10-04 00:00:00+00:00,345.9125682,345.9924632,0.0230968768829964,0,1.4601021169074628,0.48380000000000006,500,0
2020-10-05 00:00:00+00:00,345.9924632,352.4588065,1.8689260569997312,0,1.4601170902509835,0.4876000000000001,500,0
2020-10-06 00:00:00+00:00,352.4588065,353.6044273,0.3250367926329619,0,1.457968558314859,0.48519999999999996,500,0
2020-10-07 00:00:00+00:00,353.6044273,340.6160218,-3.673145610527258,0,1.4294041126826411,0.48600000000000004,500,0
2020-10-08 00:00:00+00:00,340.6160218,341.4437965,0.2430228312883256,0,1.461450610146644,0.48380000000000006,500,0
2020-10-09 00:00:00+00:00,341.4437965,350.0556766,2.5221955086830836,0,1.4631051335270822,0.48780000000000007,500,0
2020-10-10 00:00:00+00:00,350.0556766,365.3394448,4.36609637313906,0,1.4905613580938206,0.4816000000000001,500,0
2020-10-11 00:00:00+00:00,365.3394448,370.471811,1.4048212622673746,0,1.459774440835251,0.48680000000000007,500,0
2020-10-12 00:00:00+00:00,370.471811,374.4970151,1.086507523780263,0,1.4630745306910353,0.48500000000000004,500,0
2020-10-13 00:00:00+00:00,374.4970151,387.2555584,3.4068477946594946,0,1.4683898838790819,0.48760000000000003,500,0
2020-10-14 00:00:00+00:00,387.2555584,381.1687739,-1.5717745989620804,0,1.4571850076054411,0.48120000000000007,500,0
2020-10-15 00:00:00+00:00,381.1687739,379.2102538,-0.5138196605039487,0,1.4635215284937786,0.48140000000000005,500,0
2020-10-16 00:00:00+00:00,379.2102538,377.1586811,-0.5410119266136657,0,1.4470055460241615,0.4872,500,0
2020-10-17 00:00:00+00:00,377.1586811,365.9906424,-2.9610981424126126,0,1.431101907547088,0.4872,500,0
2020-10-18 00:00:00+00:00,365.9906424,368.6504704,0.7267475426579388,0,1.4615043973371202,0.48480000000000006,500,0
2020-10-19 00:00:00+00:00,368.6504704,378.0493653,2.5495410028371306,0,1.4701668277162234,0.48540000000000005,500,0
2020-10-20 00:00:00+00:00,378.0493653,379.6394773,0.4206096203172314,0,1.4511879521882256,0.48780000000000007,500,0
2020-10-21 00:00:00+00:00,379.6394773,368.2270142,-3.006131812520021,0,1.4440966163961122,0.4824000000000001,500,0
2020-10-22 00:00:00+00:00,368.2270142,391.1667422,6.229778673310602,0,1.4901040465395612,0.48480000000000006,500,0
2020-10-23 00:00:00+00:00,391.1667422,413.2018903,5.633185473813529,0,1.490271485096638,0.48380000000000006,500,0
2020-10-24 00:00:00+00:00,413.2018903,408.8894886,-1.0436548818469937,0,1.4561744705348487,0.48280000000000006,500,0
2020-10-25 00:00:00+00:00,408.8894886,411.9592178,0.7507478880199278,0,1.4616571481989586,0.48480000000000006,500,0
2020-10-26 00:00:00+00:00,411.9592178,406.16,-1.407716480036474,0,1.4510414638107028,0.48380000000000006,500,0
2020-10-27 00:00:00+00:00,406.16,393.3829084,-3.1458271617096725,0,1.438646851859537,0.48400000000000004,500,0
2020-10-28 00:00:00+00:00,393.3829084,403.53,2.5794439421049216,0,1.4726257280656991,0.4846000000000001,500,0
2020-10-29 00:00:00+00:00,403.53,388.8773399,-3.631120387579608,0,1.446147235853044,0.4800000000000001,500,0
2020-10-30 00:00:00+00:00,388.8773399,386.446013,-0.6252169130310357,0,1.4594631966087885,0.4826000000000001,500,0
2020-10-31 00:00:00+00:00,386.446013,382.900771,-0.9173964488540276,0,1.4350922958651275,0.49060000000000004,500,0
2020-11-01 00:00:00+00:00,382.900771,385.8445888,0.7688200241309977,0,1.4685894331959488,0.4824000000000001,500,0
2020-11-02 00:00:00+00:00,385.8445888,394.936342,2.3563251795952174,0,1.4736850624872269,0.4838,500,0
2020-11-03 00:00:00+00:00,394.936342,383.8498034,-2.8071710351740786,0,1.428801137364182,0.4884,500,0
2020-11-04 00:00:00+00:00,383.8498034,387.62,0.982206208419285,0,1.4590492247481097,0.4862,500,0
2020-11-05 00:00:00+00:00,387.62,401.7330968,3.6409619730664033,0,1.474735216486459,0.48580000000000007,500,0
2020-11-06 00:00:00+00:00,401.7330968,415.9277704,3.5333592659075106,0,1.4753651906952328,0.4854000000000001,500,0
2020-11-07 00:00:00+00:00,415.9277704,454.6515431,9.310215728745206,0,1.5007136025046457,0.48540000000000005,500,0
2020-11-08 00:00:00+00:00,454.6515431,435.4183541,-4.230314246567887,0,1.4221099795309737,0.4872,500,0
2020-11-09 00:00:00+00:00,435.4183541,455.358367,4.579506746153492,0,1.4846959978228145,0.48400000000000004,500,0
2020-11-10 00:00:00+00:00,455.358367,445.0512933,-2.263508139293725,0,1.448690070473089,0.48260000000000003,500,0
2020-11-11 00:00:00+00:00,445.0512933,449.8161845,1.070638659348442,0,1.4498756888591051,0.48960000000000004,500,0
2020-11-12 00:00:00+00:00,449.8161845,463.1808717,2.9711441385453288,0,1.4701511202880513,0.4862,500,0
2020-11-13 00:00:00+00:00,463.1808717,462.2056196,-0.21055534880371748,0,1.4524457799698065,0.486,500,0
2020-11-14 00:00:00+00:00,462.2056196,475.9690937,2.9777816444358947,0,1.4603774502807714,0.48960000000000004,500,0
2020-11-15 00:00:00+00:00,475.9690937,462.7183971,-2.78394054895333,0,1.4379021678307753,0.4852,500,0
2020-11-16 00:00:00+00:00,462.7183971,449.2068016,-2.920047178733624,0,1.4335728523686242,0.4864000000000001,500,0
2020-11-17 00:00:00+00:00,449.2068016,461.3711967,2.7079721537324066,0,1.4796420258606653,0.48240000000000005,500,0
2020-11-18 00:00:00+00:00,461.3711967,482.1983847,4.514193375955937,0,1.4814589961230045,0.485,500,0
2020-11-19 00:00:00+00:00,482.1983847,479.4376614,-0.5725285251043677,0,1.4558237263986005,0.48400000000000004,500,0
2020-11-20 00:00:00+00:00,479.4376614,471.3179584,-1.693588896685707,0,1.4519054331650236,0.48280000000000006,500,0
2020-11-21 00:00:00+00:00,471.3179584,508.7922146,7.950950209326887,0,1.488701408910269,0.48780000000000007,500,0
2020-11-22 00:00:00+00:00,508.7922146,548.84,7.871147445030109,0,1.4953154247435398,0.48540000000000005,500,0
2020-11-23 00:00:00+00:00,548.84,560.5088875,2.1261000473726375,0,1.4621217764258096,0.4874,500,0
2020-11-24 00:00:00+00:00,560.5088875,608.2733109,8.52161749174761,0,1.5037696614844995,0.4834000000000001,500,0
2020-11-25 00:00:00+00:00,608.2733109,602.6662624,-0.9217975537515738,0,1.4547140368919704,0.48360000000000003,500,0
2020-11-26 00:00:00+00:00,602.6662624,568.275153,-5.706493219488372,0,1.420054354695471,0.48380000000000006,500,0
2020-11-27 00:00:00+00:00,568.275153,518.4670452,-8.764787187519355,0,1.3977037880699648,0.4826000000000001,500,0
2020-11-28 00:00:00+00:00,518.4670452,517.5530264,-0.17629255484259812,0,1.4509637894896115,0.48660000000000003,500,0
2020-11-29 00:00:00+00:00,517.5530264,537.3926121,3.8333435779518665,0,1.4768710236949631,0.4854000000000001,500,0
2020-11-30 00:00:00+00:00,537.3926121,574.7511197,6.9518089305344315,0,1.5019323319763784,0.48180000000000006,500,0
2020-12-01 00:00:00+00:00,574.7511197,612.2637856,6.526766910794415,0,1.4844207377112197,0.4872,500,0
2020-12-02 00:00:00+00:00,612.2637856,589.5818444,-3.7046027763625387,0,1.4369286423021208,0.4832,500,0
2020-12-03 00:00:00+00:00,589.5818444,598.76,1.556722902371647,0,1.468084255834938,0.4842,500,0
2020-12-04 00:00:00+00:00,598.76,616.51,2.96445988375977,0,1.475274028554121,0.48440000000000005,500,0
2020-12-05 00:00:00+00:00,616.51,571.1904316,-7.35098674798462,0,1.4154126967244374,0.4804000000000001,500,0
2020-12-06 00:00:00+00:00,571.1904316,595.919414,4.329376164570883,0,1.4869184975000913,0.48280000000000006,500,0
2020-12-07 00:00:00+00:00,595.919414,601.9689349,1.0151575461174793,0,1.4626447332083408,0.48500000000000004,500,0
2020-12-08 00:00:00+00:00,601.9689349,592.3865067,-1.5918476260891816,0,1.449812125618372,0.48380000000000006,500,0
2020-12-09 00:00:00+00:00,592.3865067,554.33,-6.424269673527998,0,1.416092529945801,0.4832,500,0
2020-12-10 00:00:00+00:00,554.33,573.8953091,3.5295418072267277,0,1.472484848729931,0.48640000000000005,500,0
2020-12-11 00:00:00+00:00,573.8953091,560.4542654,-2.3420724105723325,0,1.4375966897478059,0.4864,500,0
2020-12-12 00:00:00+00:00,560.4542654,545.9828353,-2.58208938595046,0,1.440367458727436,0.4848,500,0
2020-12-13 00:00:00+00:00,545.9828353,568.3587534,4.098282336605888,0,1.4805832761730948,0.4846000000000001,500,0
2020-12-14 00:00:00+00:00,568.3587534,590.3244403,3.864757385823353,0,1.4845569016028553,0.48280000000000006,500,0
2020-12-15 00:00:00+00:00,590.3244403,585.5418949,-0.8101554117545154,0,1.449844596217886,0.48560000000000003,500,0
2020-12-16 00:00:00+00:00,585.5418949,589.0668316,0.6019956438133275,0,1.480654790943751,0.47780000000000006,500,0
2020-12-17 00:00:00+00:00,589.0668316,635.9618894,7.960906179800604,0,1.4950550827914486,0.48560000000000003,500,0
2020-12-18 00:00:00+00:00,635.9618894,644.0652702,1.274192830586928,0,1.4704138897211085,0.48280000000000006,500,0
2020-12-19 00:00:00+00:00,644.0652702,654.4204163,1.607778990595862,0,1.4683535683952504,0.4842,500,0
2020-12-20 00:00:00+00:00,654.4204163,659.3188076,0.7485083255340298,0,1.4644863324552584,0.48380000000000006,500,0
2020-12-21 00:00:00+00:00,659.3188076,639.5154369,-3.0036107679206996,0,1.4429583925413234,0.48280000000000006,500,0
2020-12-22 00:00:00+00:00,639.5154369,610.4270279,-4.548507717187221,0,1.4360814092277718,0.4812000000000001,500,0
2020-12-23 00:00:00+00:00,610.4270279,634.9797234,4.022216313793734,0,1.4738525239664482,0.48680000000000007,500,0
2020-12-24 00:00:00+00:00,634.9797234,587.9588955,-7.405091244209637,0,1.404052424541691,0.48480000000000006,500,0
2020-12-25 00:00:00+00:00,587.9588955,612.8796571,4.238521058314355,0,1.474339648538411,0.48700000000000004,500,0
2020-12-26 00:00:00+00:00,612.8796571,626.4567388,2.2152932541836208,0,1.476349097115481,0.48260000000000003,500,0
2020-12-27 00:00:00+00:00,626.4567388,636.7423172,1.6418657128187895,0,1.4605231741090505,0.487,500,0
2020-12-28 00:00:00+00:00,636.7423172,689.6598573,8.31066801601921,0,1.495313776181932,0.48600000000000004,500,0
2020-12-29 00:00:00+00:00,689.6598573,732.9570293,6.278047292691113,0,1.483863717439274,0.4870000000000001,500,0
2020-12-30 00:00:00+00:00,732.9570293,735.5908982,0.3593483375847235,0,1.4570519068539776,0.48560000000000003,500,0
2020-12-31 00:00:00+00:00,735.5908982,752.8559324,2.3470973121401872,0,1.475356394420411,0.4832,500,0
2021-01-01 00:00:00+00:00,752.8559324,738.6169382,-1.8913305437612806,0,1.443379457619733,0.4854000000000001,500,0
2021-01-02 00:00:00+00:00,738.6169382,730.1473402,-1.1466834243796682,0,1.4459875068838157,0.4862,500,0
2021-01-03 00:00:00+00:00,730.1473402,777.6960653,6.51220958868049,0,1.4860278640283862,0.48660000000000003,500,0
2021-01-04 00:00:00+00:00,777.6960653,967.0005967,24.34171135056146,0,1.5378480793133695,0.48400000000000004,500,0
2021-01-05 00:00:00+00:00,967.0005967,1025.654768,6.065577570496255,0,1.493974528661961,0.4832,500,0
2021-01-06 00:00:00+00:00,1025.654768,1103.358252,7.575988180849551,0,1.4894337261738257,0.487,500,0
2021-01-07 00:00:00+00:00,1103.358252,1208.575093,9.536054206263364,0,1.5019063174809404,0.4854,500,0
2021-01-08 00:00:00+00:00,1208.575093,1229.471315,1.7289965779561272,0,1.4684662689380001,0.4844000000000001,500,0
2021-01-09 00:00:00+00:00,1229.471315,1223.729688,-0.4669996713180826,0,1.4587492812867235,0.4832,500,0
2021-01-10 00:00:00+00:00,1223.729688,1282.979576,4.841746390645714,0,1.4824734174922969,0.4852,500,0
2021-01-11 00:00:00+00:00,1282.979576,1267.731003,-1.188528117301834,0,1.4456910883596212,0.4862,500,0
2021-01-12 00:00:00+00:00,1267.731003,1092.914338,-13.78972862431448,0,1.347749344886005,0.4834000000000001,500,0
2021-01-13 00:00:00+00:00,1092.914338,1045.406815,-4.346866112758417,0,1.419982245058325,0.48760000000000003,500,0
2021-01-14 00:00:00+00:00,1045.406815,1132.015591,8.28469594394217,0,1.5049860541686222,0.4826000000000001,500,0
2021-01-15 00:00:00+00:00,1132.015591,1216.914788,7.499825768742434,0,1.4961625178477929,0.4846000000000001,500,0
2021-01-16 00:00:00+00:00,1216.914788,1171.860018,-3.7023767353544526,0,1.4329797651772478,0.48460000000000003,500,0
2021-01-17 00:00:00+00:00,1171.860018,1234.63187,5.356599852867397,0,1.4715486274764258,0.48980000000000007,500,0
2021-01-18 00:00:00+00:00,1234.63187,1229.379698,-0.42540388982506777,0,1.4466019556990068,0.48760000000000003,500,0
2021-01-19 00:00:00+00:00,1229.379698,1255.976692,2.1634482856085033,0,1.4686417024255285,0.4852,500,0
2021-01-20 00:00:00+00:00,1255.976692,1383.48409,10.152051293002815,0,1.5003092538983334,0.4866000000000001,500,0
2021-01-21 00:00:00+00:00,1383.48409,1385.852996,0.1712275563646093,0,1.4513822340940408,0.4872,500,0
2021-01-22 00:00:00+00:00,1385.852996,1122.912433,-18.973192954730973,0,1.2929497053122299,0.48240000000000005,500,0
2021-01-23 00:00:00+00:00,1122.912433,1236.683443,10.131779349530094,0,1.4993123023270853,0.4870000000000001,500,0
2021-01-24 00:00:00+00:00,1236.683443,1231.17638,-0.44530902642640047,0,1.458319987470731,0.4834000000000001,500,0
2021-01-25 00:00:00+00:00,1231.17638,1392.539763,13.106439143999813,0,1.5036621644688097,0.48880000000000007,500,0
2021-01-26 00:00:00+00:00,1392.539763,1323.429503,-4.962893113451434,0,1.410612422989926,0.4894000000000001,500,0
2021-01-27 00:00:00+00:00,1323.429503,1355.233724,2.4031669936256415,0,1.4751065819585083,0.4834000000000001,500,0
2021-01-28 00:00:00+00:00,1355.233724,1253.141672,-7.533169385622518,0,1.4076098125267194,0.48300000000000004,500,0
2021-01-29 00:00:00+00:00,1253.141672,1328.773619,6.035386795436493,0,1.4880311906144141,0.4852,500,0
2021-01-30 00:00:00+00:00,1328.773619,1380.284259,3.8765549875053598,0,1.4667761891860573,0.489,500,0
2021-01-31 00:00:00+00:00,1380.284259,1372.427229,-0.5692327467164227,0,1.462044802223541,0.48180000000000006,500,0
2021-02-01 00:00:00+00:00,1372.427229,1317.047436,-4.035171543510657,0,1.434922373428856,0.48300000000000004,500,0
2021-02-02 00:00:00+00:00,1317.047436,1368.664455,3.9191465386217135,0,1.4779578600380145,0.4852,500,0
2021-02-03 00:00:00+00:00,1368.664455,1514.225196,10.635239372823486,0,1.513207112932004,0.48280000000000006,500,0
2021-02-04 00:00:00+00:00,1514.225196,1661.000824,9.693117535471247,0,1.5116138015323772,0.4822000000000001,500,0
2021-02-05 00:00:00+00:00,1661.000824,1587.800899,-4.40697704313721,0,1.422864183949538,0.4864000000000001,500,0
2021-02-06 00:00:00+00:00,1587.800899,1724.856908,8.63181328882721,0,1.490138563901469,0.4882,500,0
2021-02-07 00:00:00+00:00,1724.856908,1683.941298,-2.37211619179717,0,1.4517876554278142,0.48120000000000007,500,0
2021-02-08 00:00:00+00:00,1683.941298,1608.640548,-4.471696851275862,0,1.4268909706406576,0.48480000000000006,500,0
2021-02-09 00:00:00+00:00,1608.640548,1750.997554,8.849522422954612,0,1.4939075173983585,0.48719999999999997,500,0
2021-02-10 00:00:00+00:00,1750.997554,1769.053534,1.0311824798814004,0,1.4587680175414879,0.48640000000000005,500,0
2021-02-11 00:00:00+00:00,1769.053534,1739.164209,-1.6895658851214774,0,1.445824835990182,0.48500000000000004,500,0
2021-02-12 00:00:00+00:00,1739.164209,1782.508869,2.4922695496891962,0,1.4681258089132496,0.48600000000000004,500,0
2021-02-13 00:00:00+00:00,1782.508869,1841.197751,3.2924875169302688,0,1.4718455362529934,0.4862,500,0
2021-02-14 00:00:00+00:00,1841.197751,1810.842546,-1.648666200222827,0,1.446138696683658,0.48500000000000004,500,0
2021-02-15 00:00:00+00:00,1810.842546,1804.984146,-0.3235179123077703,0,1.4534340243340285,0.48540000000000005,500,0
2021-02-16 00:00:00+00:00,1804.984146,1775.758352,-1.619171784127125,0,1.4529902080064403,0.48260000000000003,500,0
2021-02-17 00:00:00+00:00,1775.758352,1782.575309,0.38388990215488517,0,1.4554987746754724,0.4862,500,0
2021-02-18 00:00:00+00:00,1782.575309,1845.573922,3.5341347253004036,0,1.4805496316451259,0.48360000000000003,500,0
2021-02-19 00:00:00+00:00,1845.573922,1938.569437,5.0388398910200936,0,1.4851669921739177,0.4846000000000001,500,0
2021-02-20 00:00:00+00:00,1938.569437,1969.979718,1.620281450872783,0,1.4672635129830736,0.48460000000000003,500,0
2021-02-21 00:00:00+00:00,1969.979718,1929.367693,-2.0615453361738685,0,1.4494478403279332,0.48280000000000006,500,0
2021-02-22 00:00:00+00:00,1929.367693,1941.426768,0.6250273104370947,0,1.4535250436936875,0.4874,500,0
2021-02-23 00:00:00+00:00,1941.426768,1788.61521,-7.871095655975838,0,1.3964138716879235,0.4862,500,0
2021-02-24 00:00:00+00:00,1788.61521,1563.924606,-12.562266201459838,0,1.3619192438900636,0.4822000000000001,500,0
2021-02-25 00:00:00+00:00,1563.924606,1628.391534,4.122125053386369,0,1.4702705316250648,0.4882,500,0
2021-02-26 00:00:00+00:00,1628.391534,1468.860104,-9.79687173932458,0,1.3789190122949622,0.48660000000000003,500,0
2021-02-27 00:00:00+00:00,1468.860104,1450.988747,-1.2166820346834055,0,1.4533444624135015,0.4834000000000001,500,0
2021-02-28 00:00:00+00:00,1450.988747,1480.129577,2.0083429358256644,0,1.4728957550161481,0.48340000000000005,500,0
2021-03-01 00:00:00+00:00,1480.129577,1416.661553,-4.288004576507427,0,1.4232987695115964,0.48660000000000003,500,0
2021-03-02 00:00:00+00:00,1416.661553,1570.39969,10.852142960641219,0,1.5113466697513345,0.48360000000000003,500,0
2021-03-03 00:00:00+00:00,1570.39969,1497.089104,-4.668275628607648,0,1.4203616024188752,0.48660000000000003,500,0
2021-03-04 00:00:00+00:00,1497.089104,1579.427169,5.499877380712014,0,1.4972064348346688,0.48120000000000007,500,0
2021-03-05 00:00:00+00:00,1579.427169,1546.499621,-2.084777864170077,0,1.4481025579615625,0.4832,500,0
2021-03-06 00:00:00+00:00,1546.499621,1539.048429,-0.4818101407087246,0,1.4411729087031167,0.48940000000000006,500,0
2021-03-07 00:00:00+00:00,1539.048429,1661.92797,7.984124390409292,0,1.4841809668486616,0.4894000000000001,500,0
2021-03-08 00:00:00+00:00,1661.92797,1727.463096,3.943319276346254,0,1.477429728520307,0.48540000000000005,500,0
2021-03-09 00:00:00+00:00,1727.463096,1837.533031,6.371767666404608,0,1.484360964467725,0.487,500,0
2021-03-10 00:00:00+00:00,1837.533031,1869.33,1.7304161864614662,0,1.4719018343575174,0.4832,500,0
2021-03-11 00:00:00+00:00,1869.33,1802.311092,-3.5851833544638994,0,1.426087152332328,0.48740000000000006,500,0
2021-03-12 00:00:00+00:00,1802.311092,1826.057477,1.317551953455999,0,1.4621174143900262,0.48580000000000007,500,0
2021-03-13 00:00:00+00:00,1826.057477,1770.936179,-3.0185960022768783,0,1.4340428643747765,0.48600000000000004,500,0
2021-03-14 00:00:00+00:00,1770.936179,1927.72072,8.85320108421592,0,1.5031546786151697,0.48400000000000004,500,0
2021-03-15 00:00:00+00:00,1927.72072,1866.071545,-3.198034567994892,0,1.4238604250275397,0.4892,500,0
2021-03-16 00:00:00+00:00,1866.071545,1791.047852,-4.020408177865447,0,1.4258179601162988,0.48640000000000005,500,0
2021-03-17 00:00:00+00:00,1791.047852,1808.551217,0.9772695341698794,0,1.455589159944598,0.48740000000000006,500,0
2021-03-18 00:00:00+00:00,1808.551217,1828.754833,1.1171160545573873,0,1.4621069486143585,0.4854000000000001,500,0
2021-03-19 00:00:00+00:00,1828.754833,1780.159646,-2.6572827654695197,0,1.4354413186018384,0.48640000000000005,500,0
2021-03-20 00:00:00+00:00,1780.159646,1817.132963,2.0769663599036527,0,1.4669682876622574,0.48560000000000003,500,0
2021-03-21 00:00:00+00:00,1817.132963,1817.860143,0.04001798518912727,0,1.4624681434471671,0.4830000000000001,500,0
2021-03-22 00:00:00+00:00,1817.860143,1790.378075,-1.5117812063719374,0,1.4442101269143885,0.48600000000000004,500,0
2021-03-23 00:00:00+00:00,1790.378075,1686.891197,-5.780168973528128,0,1.4272397462859594,0.48080000000000006,500,0
2021-03-24 00:00:00+00:00,1686.891197,1673.859184,-0.7725461501711782,0,1.456242679259864,0.48340000000000005,500,0
2021-03-25 00:00:00+00:00,1673.859184,1581.631056,-5.509909607784545,0,1.4206245019984198,0.4842,500,0
2021-03-26 00:00:00+00:00,1581.631056,1587.297964,0.3582951901774082,0,1.4632689791310927,0.4834000000000001,500,0
2021-03-27 00:00:00+00:00,1587.297964,1700.366869,7.1233572753451755,0,1.4917065440826136,0.48560000000000003,500,0
2021-03-28 00:00:00+00:00,1700.366869,1713.837876,0.7922412066239864,0,1.4607791472821392,0.4852,500,0
2021-03-29 00:00:00+00:00,1713.837876,1689.036798,-1.4471075909399471,0,1.4396012347487581,0.4878,500,0
2021-03-30 00:00:00+00:00,1689.036798,1817.626388,7.613190556432141,0,1.4850310227528702,0.48860000000000003,500,0
2021-03-31 00:00:00+00:00,1817.626388,1840.294952,1.2471520082266798,0,1.4702492317135842,0.4828,500,0
2021-04-01 00:00:00+00:00,1840.294952,1915.832536,4.1046455035866405,0,1.4782610049527636,0.48540000000000005,500,0
2021-04-02 00:00:00+00:00,1915.832536,1970.4712,2.8519540707915016,0,1.4689302126742783,0.48640000000000005,500,0
2021-04-03 00:00:00+00:00,1970.4712,2134.101788,8.30413497035633,0,1.4883978508270104,0.4884000000000001,500,0
2021-04-04 00:00:00+00:00,2134.101788,2016.667247,-5.502761942299626,0,1.4149482535472866,0.4864000000000001,500,0
2021-04-05 00:00:00+00:00,2016.667247,2077.755212,3.0291544175606844,0,1.4646553749295317,0.4882,500,0
2021-04-06 00:00:00+00:00,2077.755212,2097.796383,0.9645588125228994,0,1.4674670868805264,0.4832,500,0
2021-04-07 00:00:00+00:00,2097.796383,2115.055452,0.8227237466831013,0,1.4552650824138396,0.4872,500,0
2021-04-08 00:00:00+00:00,2115.055452,1989.148062,-5.952912009041741,0,1.4076404203150168,0.48780000000000007,500,0
2021-04-09 00:00:00+00:00,1989.148062,2081.354063,4.635451868137518,0,1.4721915500228004,0.4884,500,0
2021-04-10 00:00:00+00:00,2081.354063,2069.667796,-0.5614742444712081,0,1.4598425669952413,0.4826000000000001,500,0
2021-04-11 00:00:00+00:00,2069.667796,2142.796065,3.5333336654961323,0,1.4776576989151344,0.48460000000000003,500,0
2021-04-12 00:00:00+00:00,2142.796065,2150.265143,0.34856690853593114,0,1.4649267833418478,0.48280000000000006,500,0
2021-04-13 00:00:00+00:00,2150.265143,2142.476276,-0.3622282128953345,0,1.4475559894054224,0.4874000000000001,500,0
2021-04-14 00:00:00+00:00,2142.476276,2304.343516,7.555147369109074,0,1.4981875428769016,0.48400000000000004,500,0
2021-04-15 00:00:00+00:00,2304.343516,2429.661528,5.438338994592861,0,1.473145349544334,0.48940000000000006,500,0
2021-04-16 00:00:00+00:00,2429.661528,2514.168416,3.4781341773791254,0,1.4733549320153922,0.48600000000000004,500,0
2021-04-17 00:00:00+00:00,2514.168416,2424.553845,-3.564382180195206,0,1.4373272321130277,0.48340000000000005,500,0
2021-04-18 00:00:00+00:00,2424.553845,2345.266963,-3.2701637937844965,0,1.4276874951793692,0.48760000000000003,500,0
2021-04-19 00:00:00+00:00,2345.266963,2245.760753,-4.242852160110354,0,1.4334231241109419,0.483,500,0
2021-04-20 00:00:00+00:00,2245.760753,2168.032727,-3.4611000257336952,0,1.4309258111964736,0.486,500,0
2021-04-21 00:00:00+00:00,2168.032727,2324.284687,7.2070849325329425,0,1.4925866699295638,0.48540000000000005,500,0
2021-04-22 00:00:00+00:00,2324.284687,2373.501344,2.1174969346601364,0,1.4672063006827645,0.48560000000000003,500,0
2021-04-23 00:00:00+00:00,2373.501344,2426.07115,2.2148631233301055,0,1.4798072918660041,0.4814000000000001,500,0
2021-04-24 00:00:00+00:00,2426.07115,2364.231204,-2.5489749548359306,0,1.433356121537212,0.4874000000000001,500,0
2021-04-25 00:00:00+00:00,2364.231204,2212.843798,-6.403240332158321,0,1.4173833945635856,0.4828,500,0
2021-04-26 00:00:00+00:00,2212.843798,2307.36,4.271255028729337,0,1.4866182743760645,0.48280000000000006,500,0
2021-04-27 00:00:00+00:00,2307.36,2532.386803,9.752565832813247,0,1.4963873018332916,0.48760000000000003,500,0
2021-04-28 00:00:00+00:00,2532.386803,2647.15819,4.532142833157871,0,1.4861663145347173,0.4834000000000001,500,0
2021-04-29 00:00:00+00:00,2647.15819,2748.784585,3.839075253753527,0,1.489089626717446,0.48120000000000007,500,0
2021-04-30 00:00:00+00:00,2748.784585,2757.497552,0.3169752569024952,0,1.4652979532763024,0.48260000000000003,500,0
2021-05-01 00:00:00+00:00,2757.497552,2776.7,0.6963722591910393,0,1.4653255383971404,0.48340000000000005,500,0
2021-05-02 00:00:00+00:00,2776.7,2944.916947,6.0581606583354475,0,1.4916286173994673,0.48400000000000004,500,0
2021-05-03 00:00:00+00:00,2944.916947,2953.297348,0.28457172649765367,0,1.4543317328763128,0.4864000000000001,500,0
2021-05-04 00:00:00+00:00,2953.297348,3439.85507,16.475067176337706,0,1.5180553679611415,0.48700000000000004,500,0
2021-05-05 00:00:00+00:00,3439.85507,3245.663149,-5.645351825825618,0,1.4133796430980547,0.48640000000000005,500,0
2021-05-06 00:00:00+00:00,3245.663149,3524.562728,8.592992131236104,0,1.4942160138927112,0.48680000000000007,500,0
2021-05-07 00:00:00+00:00,3524.562728,3495.075869,-0.8366104188116494,0,1.4513290003411399,0.485,500,0
2021-05-08 00:00:00+00:00,3495.075869,3493.5345,-0.044101159968255234,0,1.4574255416721895,0.48460000000000003,500,0
2021-05-09 00:00:00+00:00,3493.5345,3912.742917,11.999549940039229,0,1.5119465518113362,0.4848,500,0
2021-05-10 00:00:00+00:00,3912.742917,3932.754068,0.5114353645126068,0,1.4636300275310887,0.48360000000000003,500,0
2021-05-11 00:00:00+00:00,3932.754068,3979.608652,1.191393694847224,0,1.46653184215885,0.48400000000000004,500,0
2021-05-12 00:00:00+00:00,3979.608652,4182.790286,5.105568204498931,0,1.4947849188812743,0.48140000000000005,500,0
2021-05-13 00:00:00+00:00,4182.790286,3906.108903,-6.614756277073379,0,1.3970651423591862,0.48980000000000007,500,0
2021-05-14 00:00:00+00:00,3906.108903,3750.341595,-3.9877871269888647,0,1.439680798991867,0.48140000000000005,500,0
2021-05-15 00:00:00+00:00,3750.341595,4088.73,9.022868888827183,0,1.5155807215673094,0.48,500,0
2021-05-16 00:00:00+00:00,4088.73,3659.921844,-10.487563522169477,0,1.3746561799749397,0.4854000000000001,500,0
2021-05-17 00:00:00+00:00,3659.921844,3602.004897,-1.5824640379943633,0,1.4554297699697853,0.48180000000000006,500,0
2021-05-18 00:00:00+00:00,3602.004897,3288.229887,-8.711121138711762,0,1.3948435645493478,0.484,500,0
2021-05-19 00:00:00+00:00,3288.229887,3399.04928,3.3701838620871407,0,1.4682014969766788,0.48760000000000003,500,0
2021-05-20 00:00:00+00:00,3399.04928,2505.014946,-26.302482263511056,0,1.1887742352121005,0.48980000000000007,500,0
2021-05-21 00:00:00+00:00,2505.014946,2778.279661,10.908705971449333,0,1.5034956404973516,0.48640000000000005,500,0
2021-05-22 00:00:00+00:00,2778.279661,2419.103217,-12.928016176410406,0,1.3444023668466125,0.48860000000000003,500,0
2021-05-23 00:00:00+00:00,2419.103217,2306.371267,-4.660071931110159,0,1.4355123520048474,0.48100000000000004,500,0
2021-05-24 00:00:00+00:00,2306.371267,2120.037375,-8.079093538239093,0,1.392900591158079,0.4868,500,0
2021-05-25 00:00:00+00:00,2120.037375,2640.159632,24.533636205352277,0,1.5262938333822016,0.4884000000000001,500,0
2021-05-26 00:00:00+00:00,2640.159632,2695.477807,2.095258723355874,0,1.4699293161159472,0.48460000000000003,500,0
2021-05-27 00:00:00+00:00,2695.477807,2882.483408,6.937753318330319,0,1.4850830377153779,0.48760000000000003,500,0
2021-05-28 00:00:00+00:00,2882.483408,2742.990863,-4.839318228609906,0,1.4246160783109099,0.48460000000000003,500,0
2021-05-29 00:00:00+00:00,2742.990863,2433.328866,-11.289209934200214,0,1.365286454520288,0.486,500,0
2021-05-30 00:00:00+00:00,2433.328866,2294.626286,-5.700116492186456,0,1.4147484872957534,0.48580000000000007,500,0
2021-05-31 00:00:00+00:00,2294.626286,2395.853228,4.4114783578313705,0,1.4786490619944335,0.48580000000000007,500,0
2021-06-01 00:00:00+00:00,2395.853228,2708.429866,13.04656872745629,0,1.523092058262387,0.4822000000000001,500,0
2021-06-02 00:00:00+00:00,2708.429866,2632.6566,-2.7976824119100208,0,1.444962349137113,0.4826000000000001,500,0
2021-06-03 00:00:00+00:00,2632.6566,2717.154037,3.2095882539333083,0,1.4840481683379567,0.48180000000000006,500,0
2021-06-04 00:00:00+00:00,2717.154037,2858.28,5.193888939613342,0,1.4888158558098716,0.48360000000000003,500,0
2021-06-05 00:00:00+00:00,2858.28,2694.497667,-5.730101074772244,0,1.4176713929905136,0.4846000000000001,500,0
2021-06-06 00:00:00+00:00,2694.497667,2624.768915,-2.5878200918108267,0,1.436432898867303,0.4862,500,0
2021-06-07 00:00:00+00:00,2624.768915,2711.547939,3.306158629968381,0,1.471287370570931,0.4864000000000001,500,0
2021-06-08 00:00:00+00:00,2711.547939,2580.53558,-4.831644578938047,0,1.4299821242499853,0.48260000000000003,500,0
2021-06-09 00:00:00+00:00,2580.53558,2528.022301,-2.034975971925961,0,1.4412815974289228,0.48580000000000007,500,0
2021-06-10 00:00:00+00:00,2528.022301,2620.625389,3.6630645213600053,0,1.4823720981540625,0.4832,500,0
2021-06-11 00:00:00+00:00,2620.625389,2486.600069,-5.114249467419769,0,1.4227859440810184,0.4846000000000001,500,0
2021-06-12 00:00:00+00:00,2486.600069,2356.634774,-5.226626373104954,0,1.4333034375530578,0.4804000000000001,500,0
2021-06-13 00:00:00+00:00,2356.634774,2379.991748,0.9911155626527222,0,1.46249990620299,0.4850000000000001,500,0
2021-06-14 00:00:00+00:00,2379.991748,2517.771696,5.789093517478864,0,1.4898662819558794,0.4842,500,0
2021-06-15 00:00:00+00:00,2517.771696,2587.381611,2.764742931640296,0,1.475891693724799,0.48380000000000006,500,0
2021-06-16 00:00:00+00:00,2587.381611,2561.188331,-1.0123469954583348,0,1.4575303935748538,0.4824000000000001,500,0
2021-06-17 00:00:00+00:00,2561.188331,2365.872786,-7.625973562191743,0,1.3980285606102356,0.4862,500,0
2021-06-18 00:00:00+00:00,2365.872786,2380.74452,0.6285939839201603,0,1.458662883408861,0.48560000000000003,500,0
2021-06-19 00:00:00+00:00,2380.74452,2231.554315,-6.266535688592084,0,1.4069692754033165,0.4872,500,0
2021-06-20 00:00:00+00:00,2231.554315,2176.308536,-2.4756636497104423,0,1.4410591254804026,0.4848,500,0
2021-06-21 00:00:00+00:00,2176.308536,2251.560559,3.457782835255121,0,1.472647754052663,0.4862,500,0
2021-06-22 00:00:00+00:00,2251.560559,1900.1223,-15.608652300966158,0,1.3147039728189958,0.48900000000000005,500,0
2021-06-23 00:00:00+00:00,1900.1223,1875.357694,-1.3033164233691672,0,1.452814792782408,0.4834000000000001,500,0
2021-06-24 00:00:00+00:00,1875.357694,1971.105978,5.105601150454448,0,1.4842846553106346,0.48500000000000004,500,0
2021-06-25 00:00:00+00:00,1971.105978,1990.076151,0.9624126359379308,0,1.4572174976542764,0.4868,500,0
2021-06-26 00:00:00+00:00,1990.076151,1833.463161,-7.869698349045744,0,1.3965455412149146,0.486,500,0
2021-06-27 00:00:00+00:00,1833.463161,1817.047666,-0.8953272336841878,0,1.4442232734249534,0.48740000000000006,500,0
2021-06-28 00:00:00+00:00,1817.047666,1973.926865,8.633741532237822,0,1.5065435757127452,0.4826000000000001,500,0
2021-06-29 00:00:00+00:00,1973.926865,2087.518724,5.754613355444662,0,1.4862153889365037,0.4854000000000001,500,0
2021-06-30 00:00:00+00:00,2087.518724,2169.400068,3.922424410311536,0,1.4906425312476625,0.48080000000000006,500,0
2021-07-01 00:00:00+00:00,2169.400068,2279.354161,5.0684101389085185,0,1.4893650102091622,0.4832,500,0
2021-07-02 00:00:00+00:00,2279.354161,2121.657901,-6.918462374044389,0,1.4169090759815761,0.48140000000000005,500,0
2021-07-03 00:00:00+00:00,2121.657901,2157.880585,1.707282026142246,0,1.4620618779398802,0.48660000000000003,500,0
2021-07-04 00:00:00+00:00,2157.880585,2228.532399,3.2741299259616023,0,1.4693876620753215,0.4870000000000001,500,0
2021-07-05 00:00:00+00:00,2228.532399,2329.004751,4.508453726994694,0,1.4750765131284191,0.4872,500,0
2021-07-06 00:00:00+00:00,2329.004751,2217.301853,-4.796164454024336,0,1.418379555470281,0.487,500,0
2021-07-07 00:00:00+00:00,2217.301853,2320.65,4.660986814229671,0,1.4786930337108588,0.4862,500,0
2021-07-08 00:00:00+00:00,2320.65,2317.24,-0.14694158964084672,0,1.4590502866580304,0.4838,500,0
2021-07-09 00:00:00+00:00,2317.24,2126.442467,-8.233827009718455,0,1.3870346520322576,0.4886000000000001,500,0
2021-07-10 00:00:00+00:00,2126.442467,2156.580957,1.4173197943379992,0,1.4684224446730885,0.48380000000000006,500,0
2021-07-11 00:00:00+00:00,2156.580957,2123.058597,-1.5544215899333813,0,1.4472414554320276,0.4848,500,0
2021-07-12 00:00:00+00:00,2123.058597,2144.014257,0.987050476591232,0,1.4618963915176175,0.4852,500,0
2021-07-13 00:00:00+00:00,2144.014257,2042.499187,-4.734813197653094,0,1.4286562146848534,0.4834000000000001,500,0
2021-07-14 00:00:00+00:00,2042.499187,1944.395017,-4.803143649917146,0,1.429143677654018,0.483,500,0
2021-07-15 00:00:00+00:00,1944.395017,1997.663314,2.7395820568490916,0,1.4758145643230738,0.48380000000000006,500,0
2021-07-16 00:00:00+00:00,1997.663314,1910.726952,-4.351902614956862,0,1.4302975858903557,0.48380000000000006,500,0
2021-07-17 00:00:00+00:00,1910.726952,1874.20025,-1.9116651890929044,0,1.4381530980193074,0.4872,500,0
2021-07-18 00:00:00+00:00,1874.20025,1899.84275,1.3681835759012373,0,1.4612589785873533,0.4862,500,0
2021-07-19 00:00:00+00:00,1899.84275,1905.723383,0.309532617896928,0,1.4624167074568395,0.48360000000000003,500,0
2021-07-20 00:00:00+00:00,1905.723383,1824.929392,-4.239544506864037,0,1.4319554221091857,0.4836000000000001,500,0
2021-07-21 00:00:00+00:00,1824.929392,1794.973425,-1.6414863572979321,0,1.4410905171597832,0.48680000000000007,500,0
2021-07-22 00:00:00+00:00,1794.973425,2003.723921,11.629726272966973,0,1.5134590339112048,0.48380000000000006,500,0
2021-07-23 00:00:00+00:00,2003.723921,2027.533448,1.1882638496483713,0,1.4448516695883353,0.49160000000000004,500,0
2021-07-24 00:00:00+00:00,2027.533448,2117.154608,4.420206240661728,0,1.4844689960178092,0.48380000000000006,500,0
2021-07-25 00:00:00+00:00,2117.154608,2183.627415,3.139723794796195,0,1.4727300104155094,0.48560000000000003,500,0
2021-07-26 00:00:00+00:00,2183.627415,2209.49936,1.184814992808646,0,1.4716149608352498,0.4822000000000001,500,0
2021-07-27 00:00:00+00:00,2209.49936,2230.212068,0.9374389680746511,0,1.4644690234001132,0.4842,500,0
2021-07-28 00:00:00+00:00,2230.212068,2292.579637,2.796486033542529,0,1.4720930454481618,0.4852,500,0
2021-07-29 00:00:00+00:00,2292.579637,2299.689406,0.3101209172957573,0,1.4629920398799228,0.48340000000000005,500,0
2021-07-30 00:00:00+00:00,2299.689406,2383.44326,3.6419637269920986,0,1.4696042196198786,0.48760000000000003,500,0
2021-07-31 00:00:00+00:00,2383.44326,2462.399983,3.312716703816133,0,1.4707703748392664,0.48660000000000003,500,0
2021-08-01 00:00:00+00:00,2462.399983,2541.674599,3.2194045056570384,0,1.4864018959899694,0.48100000000000004,500,0
2021-08-02 00:00:00+00:00,2541.674599,2555.408179,0.5403358874264799,0,1.4569934299834129,0.486,500,0
2021-08-03 00:00:00+00:00,2555.408179,2611.67307,2.201796623427016,0,1.4733923718373927,0.48360000000000003,500,0
2021-08-04 00:00:00+00:00,2611.67307,2521.268475,-3.461558647537763,0,1.4352892238148842,0.48440000000000005,500,0
2021-08-05 00:00:00+00:00,2521.268475,2724.532243,8.061964444306165,0,1.494425217537277,0.486,500,0
2021-08-06 00:00:00+00:00,2724.532243,2821.649693,3.564554989191946,0,1.4807348846152237,0.48360000000000003,500,0
2021-08-07 00:00:00+00:00,2821.649693,2888.732274,2.37742414185644,0,1.4617885933701733,0.488,500,0
2021-08-08 00:00:00+00:00,2888.732274,3151.217517,9.086520248431999,0,1.5148279931639368,0.48040000000000005,500,0
2021-08-09 00:00:00+00:00,3151.217517,3012.308559,-4.4081043993511155,0,1.4191713825452312,0.48780000000000007,500,0
2021-08-10 00:00:00+00:00,3012.308559,3163.064655,5.0046697755971845,0,1.4930760482813448,0.48180000000000006,500,0
2021-08-11 00:00:00+00:00,3163.064655,3147.842995,-0.48123138981489316,0,1.4558472728377974,0.4842,500,0
2021-08-12 00:00:00+00:00,3147.842995,3166.647218,0.5973685164688493,0,1.4630210153989434,0.48400000000000004,500,0
2021-08-13 00:00:00+00:00,3166.647218,3048.412682,-3.7337451209571375,0,1.430602060133879,0.4854000000000001,500,0
2021-08-14 00:00:00+00:00,3048.412682,3323.2,9.014111495551102,0,1.5078955014920705,0.48260000000000003,500,0
2021-08-15 00:00:00+00:00,3323.2,3268.548177,-1.644554134569081,0,1.44332687080261,0.486,500,0
2021-08-16 00:00:00+00:00,3268.548177,3309.75491,1.2607044708706456,0,1.455539752443526,0.48800000000000004,500,0
2021-08-17 00:00:00+00:00,3309.75491,3153.583684,-4.71851331130739,0,1.4136265778600463,0.48900000000000005,500,0
2021-08-18 00:00:00+00:00,3153.583684,3007.144027,-4.643595086535219,0,1.4300030472077192,0.4832,500,0
2021-08-19 00:00:00+00:00,3007.144027,3037.230251,1.0004916202838106,0,1.459716048684659,0.486,500,0
2021-08-20 00:00:00+00:00,3037.230251,3144.818437,3.542312472509347,0,1.471935046433448,0.48660000000000003,500,0
2021-08-21 00:00:00+00:00,3144.818437,3276.969837,4.202194900830778,0,1.4891697116241358,0.48180000000000006,500,0
2021-08-22 00:00:00+00:00,3276.969837,3224.00046,-1.6164133219026604,0,1.4474303367219625,0.48460000000000003,500,0
2021-08-23 00:00:00+00:00,3224.00046,3243.486358,0.60440121649362,0,1.4437434525803265,0.4908,500,0
2021-08-24 00:00:00+00:00,3243.486358,3320.40917,2.371608926619071,0,1.4754898705986443,0.4832,500,0
2021-08-25 00:00:00+00:00,3320.40917,3177.663796,-4.299029628327405,0,1.4274180773458107,0.485,500,0
2021-08-26 00:00:00+00:00,3177.663796,3231.441452,1.69236456253474,0,1.4722579341246373,0.4830000000000001,500,0
2021-08-27 00:00:00+00:00,3231.441452,3122.971797,-3.3566956607821554,0,1.4304759521740606,0.48640000000000005,500,0
2021-08-28 00:00:00+00:00,3122.971797,3267.539435,4.629168862135581,0,1.484953537250156,0.48400000000000004,500,0
2021-08-29 00:00:00+00:00,3267.539435,3245.430222,-0.6766318644292102,0,1.4427778563164004,0.4884,500,0
2021-08-30 00:00:00+00:00,3245.430222,3233.383152,-0.3712010173053746,0,1.4531440405976788,0.48540000000000005,500,0
2021-08-31 00:00:00+00:00,3233.383152,3232.733863,-0.020080793691225163,0,1.4485244924151333,0.4878,500,0
2021-09-01 00:00:00+00:00,3232.733863,3440.562336,6.42887666623858,0,1.489284155682813,0.48540000000000005,500,0
2021-09-02 00:00:00+00:00,3440.562336,3790.613996,10.174257165384493,0,1.5100514144635653,0.4834000000000001,500,0
2021-09-03 00:00:00+00:00,3790.613996,3793.300743,0.07087893947616133,0,1.44454991925026,0.48940000000000006,500,0
2021-09-04 00:00:00+00:00,3793.300743,3936.163392,3.7661830336978412,0,1.469043166027644,0.488,500,0
2021-09-05 00:00:00+00:00,3936.163392,3894.937512,-1.047362009508775,0,1.4477556483093,0.48580000000000007,500,0
2021-09-06 00:00:00+00:00,3894.937512,3950.270345,1.4206346784646422,0,1.4650046266040222,0.485,500,0
2021-09-07 00:00:00+00:00,3950.270345,3943.256785,-0.1775463294272299,0,1.4469959318064807,0.48800000000000004,500,0
2021-09-08 00:00:00+00:00,3943.256785,3440.341757,-12.75379858377648,0,1.3565146088764546,0.48400000000000004,500,0
2021-09-09 00:00:00+00:00,3440.341757,3496.859023,1.6427805721627857,0,1.469668597622266,0.48380000000000006,500,0
2021-09-10 00:00:00+00:00,3496.859023,3435.98,-1.740963035672255,0,1.441509542555074,0.4864000000000001,500,0
2021-09-11 00:00:00+00:00,3435.98,3209.915696,-6.579325374420107,0,1.4110652488046758,0.4846000000000001,500,0
2021-09-12 00:00:00+00:00,3209.915696,3268.104162,1.8127724062196076,0,1.466096241251274,0.48540000000000005,500,0
2021-09-13 00:00:00+00:00,3268.104162,3417.839367,4.581714583673663,0,1.4899159299953948,0.4822000000000001,500,0
2021-09-14 00:00:00+00:00,3417.839367,3301.186777,-3.413050687118502,0,1.4377858125284142,0.48360000000000003,500,0
2021-09-15 00:00:00+00:00,3301.186777,3425.250873,3.7581665134605036,0,1.4909491457581447,0.4804000000000001,500,0
2021-09-16 00:00:00+00:00,3425.250873,3595.962571,4.9839180932893985,0,1.4750611088422483,0.48800000000000004,500,0
2021-09-17 00:00:00+00:00,3595.962571,3573.307516,-0.6300136487154826,0,1.454910006364498,0.4842,500,0
2021-09-18 00:00:00+00:00,3573.307516,3412.177182,-4.509277001168123,0,1.4228818299737795,0.4862,500,0
2021-09-19 00:00:00+00:00,3412.177182,3427.58,0.45140733257502996,0,1.4627110286074352,0.48380000000000006,500,0
2021-09-20 00:00:00+00:00,3427.58,3335.884887,-2.675214378657822,0,1.4337255832474733,0.4870000000000001,500,0
2021-09-21 00:00:00+00:00,3335.884887,2977.322679,-10.748638521590577,0,1.3739584048141582,0.485,500,0
2021-09-22 00:00:00+00:00,2977.322679,2744.11,-7.832966196271659,0,1.3971664337256384,0.48600000000000004,500,0
2021-09-23 00:00:00+00:00,2744.11,3074.119761,12.026112692275447,0,1.508380234235981,0.48600000000000004,500,0
2021-09-24 00:00:00+00:00,3074.119761,3159.269866,2.76990200838178,0,1.4753762417710377,0.48400000000000004,500,0
2021-09-25 00:00:00+00:00,3159.269866,2930.742706,-7.23354349874966,0,1.3966430376498913,0.4882,500,0
2021-09-26 00:00:00+00:00,2930.742706,2946.970846,0.5537210744149224,0,1.459349081652104,0.4852,500,0
2021-09-27 00:00:00+00:00,2946.970846,3063.32,3.94809314649053,0,1.4740265606511644,0.48660000000000003,500,0
2021-09-28 00:00:00+00:00,3063.32,2939.742283,-4.034110605486861,0,1.4268760203672834,0.486,500,0
2021-09-29 00:00:00+00:00,2939.742283,2798.984417,-4.788102236511591,0,1.4207238162599802,0.4862,500,0
2021-09-30 00:00:00+00:00,2798.984417,2855.611731,2.023137880156331,0,1.4632764105377278,0.48680000000000007,500,0
2021-10-01 00:00:00+00:00,2855.611731,3013.493232,5.528815394826512,0,1.4880393554060516,0.4844000000000001,500,0
2021-10-02 00:00:00+00:00,3013.493232,3305.107041,9.676935919529566,0,1.4969341827536617,0.4872000000000001,500,0
2021-10-03 00:00:00+00:00,3305.107041,3393.924249,2.687271755444484,0,1.4680209537576205,0.4864,500,0
2021-10-04 00:00:00+00:00,3393.924249,3426.387081,0.9564984253718888,0,1.4617191102413503,0.4852,500,0
2021-10-05 00:00:00+00:00,3426.387081,3390.310408,-1.052907104397293,0,1.4544416253540258,0.4834000000000001,500,0
2021-10-06 00:00:00+00:00,3390.310408,3520.342257,3.8353965670272627,0,1.4786674169474272,0.48480000000000006,500,0
2021-10-07 00:00:00+00:00,3520.342257,3592.17613,2.040536622743498,0,1.470227468960299,0.4844000000000001,500,0
2021-10-08 00:00:00+00:00,3592.17613,3594.918358,0.0763389071348255,0,1.4519390792764133,0.48680000000000007,500,0
2021-10-09 00:00:00+00:00,3594.918358,3558.549577,-1.011671959644533,0,1.4569285045543556,0.48260000000000003,500,0
2021-10-10 00:00:00+00:00,3558.549577,3588.080922,0.8298702704852008,0,1.4507404835678408,0.48880000000000007,500,0
2021-10-11 00:00:00+00:00,3588.080922,3431.019307,-4.377315295120317,0,1.4280520467221665,0.4846000000000001,500,0
2021-10-12 00:00:00+00:00,3431.019307,3537.840087,3.1133832380967132,0,1.4691469268060435,0.48680000000000007,500,0
2021-10-13 00:00:00+00:00,3537.840087,3498.105292,-1.1231371125565475,0,1.4579125990943038,0.482,500,0
2021-10-14 00:00:00+00:00,3498.105292,3605.650334,3.0743797862788784,0,1.470112024517542,0.48640000000000005,500,0
2021-10-15 00:00:00+00:00,3605.650334,3794.516888,5.238071817975685,0,1.4652427368278815,0.4918,500,0
2021-10-16 00:00:00+00:00,3794.516888,3885.641765,2.401488244476611,0,1.4756530883455257,0.4832,500,0
2021-10-17 00:00:00+00:00,3885.641765,3854.498461,-0.8014970469105949,0,1.4537968427127013,0.4842,500,0
2021-10-18 00:00:00+00:00,3854.498461,3854.223687,-0.007128657665326784,0,1.4633093636738819,0.48260000000000003,500,0
2021-10-19 00:00:00+00:00,3854.223687,3752.62,-2.6361647701637474,0,1.43611097593705,0.4862,500,0
2021-10-20 00:00:00+00:00,3752.62,3884.587295,3.516670885941021,0,1.4683354809961915,0.4878,500,0
2021-10-21 00:00:00+00:00,3884.587295,4170.107933,7.350089374166077,0,1.4920179722767368,0.48580000000000007,500,0
2021-10-22 00:00:00+00:00,4170.107933,4074.860158,-2.2840601857390888,0,1.4551457477343912,0.48020000000000007,500,0
2021-10-23 00:00:00+00:00,4074.860158,3990.711976,-2.0650569280223117,0,1.4521966176692103,0.48180000000000006,500,0
2021-10-24 00:00:00+00:00,3990.711976,4179.44,4.729181788487948,0,1.4848610607546593,0.4842,500,0
2021-10-25 00:00:00+00:00,4179.44,4094.938993,-2.021826058036469,0,1.4347349880011466,0.4882,500,0
2021-10-26 00:00:00+00:00,4094.938993,4230.208372,3.3033307512329975,0,1.4822511171053525,0.48260000000000003,500,0
2021-10-27 00:00:00+00:00,4230.208372,4152.570289,-1.8353252646817801,0,1.4392680236310527,0.48700000000000004,500,0
2021-10-28 00:00:00+00:00,4152.570289,3944.090862,-5.0204912256935,0,1.4182007254313016,0.4864000000000001,500,0
2021-10-29 00:00:00+00:00,3944.090862,4288.1,8.72214028622955,0,1.5028664326605776,0.4840000000000001,500,0
2021-10-30 00:00:00+00:00,4288.1,4422.940536,3.1445287190130755,0,1.4704790483731762,0.48640000000000005,500,0
2021-10-31 00:00:00+00:00,4422.940536,4324.609926,-2.223195387766343,0,1.446177782872435,0.4836000000000001,500,0
2021-11-01 00:00:00+00:00,4324.609926,4292.04,-0.753129798000656,0,1.4496142652451898,0.48580000000000007,500,0
2021-11-02 00:00:00+00:00,4292.04,4330.553152,0.8973157752490761,0,1.4591151169400447,0.4860000000000001,500,0
2021-11-03 00:00:00+00:00,4330.553152,4596.59,6.143253267244501,0,1.493200104534504,0.4836000000000001,500,0
2021-11-04 00:00:00+00:00,4596.59,4607.699273,0.24168509699581708,0,1.4580397878914986,0.4850000000000001,500,0
2021-11-05 00:00:00+00:00,4607.699273,4550.014435,-1.2519228053362614,0,1.4497721924037155,0.48460000000000003,500,0
2021-11-06 00:00:00+00:00,4550.014435,4494.8,-1.2135002160712896,0,1.4539467049636206,0.48320000000000013,500,0
2021-11-07 00:00:00+00:00,4494.8,4527.104154,0.7187005873453651,0,1.4654484594375232,0.48340000000000005,500,0
2021-11-08 00:00:00+00:00,4527.104154,4626.629288,2.1984281919395054,0,1.4573336893488844,0.4892,500,0
2021-11-09 00:00:00+00:00,4626.629288,4815.004634,4.07154613594362,0,1.4792400920679873,0.485,500,0
2021-11-10 00:00:00+00:00,4815.004634,4742.08,-1.5145288435458641,0,1.4569868792408252,0.48140000000000005,500,0
2021-11-11 00:00:00+00:00,4742.08,4641.528765,-2.120403599264456,0,1.4441028535911804,0.4846000000000001,500,0
2021-11-12 00:00:00+00:00,4641.528765,4732.92445,1.9690858255405084,0,1.4709784612738774,0.48400000000000004,500,0
2021-11-13 00:00:00+00:00,4732.92445,4685.11,-1.0102517060039011,0,1.440676087942495,0.4884,500,0
2021-11-14 00:00:00+00:00,4685.11,4666.498498,-0.39724791947253635,0,1.4574917383558956,0.48380000000000006,500,0
2021-11-15 00:00:00+00:00,4666.498498,4652.947394,-0.29039126458109754,0,1.4587190538888681,0.48360000000000003,500,0
2021-11-16 00:00:00+00:00,4652.947394,4583.211419,-1.4987484081579023,0,1.4442789294976588,0.4860000000000001,500,0
2021-11-17 00:00:00+00:00,4583.211419,4243.352907,-7.415292050266202,0,1.401479827898732,0.48560000000000003,500,0
2021-11-18 00:00:00+00:00,4243.352907,4302.804959,1.4010631051196618,0,1.4580417240618344,0.48740000000000006,500,0
2021-11-19 00:00:00+00:00,4302.804959,3993.846595,-7.180394346105895,0,1.41044712039576,0.483,500,0
2021-11-20 00:00:00+00:00,3993.846595,4317.603196,8.106385493256536,0,1.5014942179849915,0.48360000000000003,500,0
2021-11-21 00:00:00+00:00,4317.603196,4436.192767,2.746652844565838,0,1.4729386013234533,0.48480000000000006,500,0
2021-11-22 00:00:00+00:00,4436.192767,4319.361567,-2.633591598387808,0,1.4466220468312432,0.4824000000000001,500,0
2021-11-23 00:00:00+00:00,4319.361567,4101.062876,-5.05395734100627,0,1.4086518785456883,0.49,500,0
2021-11-24 00:00:00+00:00,4101.062876,4355.420958,6.202247799918875,0,1.4928901329984583,0.48380000000000006,500,0
2021-11-25 00:00:00+00:00,4355.420958,4269.43722,-1.9741774406918284,0,1.4427812829508375,0.48540000000000005,500,0
2021-11-26 00:00:00+00:00,4269.43722,4515.8433,5.771394853769525,0,1.4933199953445868,0.48300000000000004,500,0
2021-11-27 00:00:00+00:00,4515.8433,4048.312844,-10.353115131342143,0,1.374439125403141,0.4862000000000001,500,0
2021-11-28 00:00:00+00:00,4048.312844,4084.088486,0.8837173256761295,0,1.4715617832587995,0.4816000000000001,500,0
2021-11-29 00:00:00+00:00,4084.088486,4290.091863,5.044047838487492,0,1.482250272237854,0.48560000000000003,500,0
2021-11-30 00:00:00+00:00,4290.091863,4444.52828,3.599839395793395,0,1.4785633577321389,0.48440000000000005,500,0
2021-12-01 00:00:00+00:00,4444.52828,4637.121617,4.333268344059211,0,1.4718930537808788,0.48800000000000004,500,0
2021-12-02 00:00:00+00:00,4637.121617,4589.610618,-1.0245795328253104,0,1.458592041453505,0.48200000000000004,500,0
2021-12-03 00:00:00+00:00,4589.610618,4519.441028,-1.5288789363699244,0,1.4418554494459332,0.4868,500,0
2021-12-04 00:00:00+00:00,4519.441028,4240.155517,-6.179647201273317,0,1.410349800680619,0.4860000000000001,500,0
2021-12-05 00:00:00+00:00,4240.155517,4101.656792,-3.2663595579152522,0,1.437325490383688,0.4842,500,0
2021-12-06 00:00:00+00:00,4101.656792,4198.572875,2.3628520842852634,0,1.4800597219565874,0.48160000000000003,500,0
2021-12-07 00:00:00+00:00,4198.572875,4347.615631,3.549843254774989,0,1.4725774226759702,0.48640000000000005,500,0
2021-12-08 00:00:00+00:00,4347.615631,4310.566646,-0.8521679040766024,0,1.4478557141908002,0.4862,500,0
2021-12-09 00:00:00+00:00,4310.566646,4431.540647,2.806452397905915,0,1.4709538554114518,0.48560000000000003,500,0
2021-12-10 00:00:00+00:00,4431.540647,4153.333311,-6.277892005533928,0,1.415255453538156,0.48380000000000006,500,0
2021-12-11 00:00:00+00:00,4153.333311,3918.200743,-5.661297815353699,0,1.4172852814260646,0.485,500,0
2021-12-12 00:00:00+00:00,3918.200743,4079.814931,4.124704133363491,0,1.4812628732665667,0.4844,500,0
2021-12-13 00:00:00+00:00,4079.814931,4135.84151,1.3732627569522542,0,1.4715678020237746,0.48260000000000003,500,0
2021-12-14 00:00:00+00:00,4135.84151,3782.895262,-8.533843648181774,0,1.4020169518953598,0.482,500,0
2021-12-15 00:00:00+00:00,3782.895262,3858.164468,1.9897248215168781,0,1.4745434364336907,0.48280000000000006,500,0
2021-12-16 00:00:00+00:00,3858.164468,4015.72,4.083691436868,0,1.4822198996978626,0.48400000000000004,500,0
2021-12-17 00:00:00+00:00,4015.72,3971.559766,-1.0996840915203239,0,1.4535833679594155,0.48360000000000003,500,0
2021-12-18 00:00:00+00:00,3971.559766,3886.747362,-2.135493584310819,0,1.4405947418382148,0.48580000000000007,500,0
2021-12-19 00:00:00+00:00,3886.747362,3966.425352,2.049991485914338,0,1.469131666378122,0.48480000000000006,500,0
2021-12-20 00:00:00+00:00,3966.425352,3928.841724,-0.9475440646084373,0,1.4500670046133606,0.4852,500,0
2021-12-21 00:00:00+00:00,3928.841724,3950.482392,0.5508154698063883,0,1.464439963156478,0.4834000000000001,500,0
2021-12-22 00:00:00+00:00,3950.482392,4036.549718,2.1786535784665846,0,1.466962646390193,0.48580000000000007,500,0
2021-12-23 00:00:00+00:00,4036.549718,3992.594577,-1.0889285174413492,0,1.4531035546596844,0.4838,500,0
2021-12-24 00:00:00+00:00,3992.594577,4113.529932,3.0289916160450803,0,1.4796132285581451,0.483,500,0
2021-12-25 00:00:00+00:00,4113.529932,4055.117367,-1.4200106955730918,0,1.4492567222911248,0.48440000000000005,500,0
2021-12-26 00:00:00+00:00,4055.117367,4110.571871,1.3675190871485392,0,1.4664127365750779,0.4844000000000001,500,0
2021-12-27 00:00:00+00:00,4110.571871,4075.03,-0.8646454098211265,0,1.4522853588190245,0.48460000000000003,500,0
2021-12-28 00:00:00+00:00,4075.03,4045.05135,-0.7356669766848346,0,1.4558970294391353,0.48360000000000003,500,0
2021-12-29 00:00:00+00:00,4045.05135,3807.360367,-5.8760930933546724,0,1.4090359189438473,0.48740000000000006,500,0
2021-12-30 00:00:00+00:00,3807.360367,3644.405517,-4.279995437584489,0,1.4349264603104754,0.4824000000000001,500,0
2021-12-31 00:00:00+00:00,3644.405517,3714.945456,1.9355677811086953,0,1.4701985581762018,0.4842,500,0
2022-01-01 00:00:00+00:00,3714.945456,3686.402542,-0.7683265969329514,0,1.451766975519888,0.48500000000000004,500,0
2022-01-02 00:00:00+00:00,3686.402542,3780.315874,2.5475604177792497,0,1.4775767397887953,0.48280000000000006,500,0
2022-01-03 00:00:00+00:00,3780.315874,3835.395991,1.4570241968092208,0,1.4680410591948547,0.484,500,0
2022-01-04 00:00:00+00:00,3835.395991,3769.40494,-1.7205798607197837,0,1.4511861030524806,0.48300000000000004,500,0
2022-01-05 00:00:00+00:00,3769.40494,3794.90813,0.6765839809187469,0,1.4629274304071194,0.4842,500,0
2022-01-06 00:00:00+00:00,3794.90813,3556.906227,-6.271611718832304,0,1.4174044337437672,0.4832,500,0
2022-01-07 00:00:00+00:00,3556.906227,3416.826009,-3.938260079410299,0,1.4274515806500603,0.486,500,0
2022-01-08 00:00:00+00:00,3416.826009,3201.79,-6.2934433428447925,0,1.415478261643903,0.48380000000000006,500,0
2022-01-09 00:00:00+00:00,3201.79,3101.040902,-3.1466491556285634,0,1.4407613335016167,0.4832,500,0
2022-01-10 00:00:00+00:00,3101.040902,3156.967262,1.8034705689928345,0,1.4700340348499035,0.4840000000000001,500,0
2022-01-11 00:00:00+00:00,3156.967262,3086.729002,-2.224865010335989,0,1.4332901384916759,0.4882,500,0
2022-01-12 00:00:00+00:00,3086.729002,3246.413723,5.173266616425827,0,1.484662365090232,0.485,500,0
2022-01-13 00:00:00+00:00,3246.413723,3378.035895,4.054386878280204,0,1.4670186418381372,0.4892,500,0
2022-01-14 00:00:00+00:00,3378.035895,3256.758866,-3.590164011563881,0,1.4283675587144666,0.48660000000000003,500,0
2022-01-15 00:00:00+00:00,3256.758866,3311.986061,1.6957716942621177,0,1.4711761177130336,0.4834000000000001,500,0
2022-01-16 00:00:00+00:00,3311.986061,3331.246655,0.5815421214117198,0,1.4663283220701988,0.48280000000000006,500,0
2022-01-17 00:00:00+00:00,3331.246655,3356.295444,0.7519343835558746,0,1.4650809455025833,0.4836000000000001,500,0
2022-01-18 00:00:00+00:00,3356.295444,3216.592981,-4.162400638768084,0,1.4296815615353389,0.48460000000000003,500,0
2022-01-19 00:00:00+00:00,3216.592981,3166.453912,-1.5587632409871206,0,1.4489315474604,0.4842,500,0
2022-01-20 00:00:00+00:00,3166.453912,3097.021466,-2.1927508793628636,0,1.4546648407783747,0.4806000000000001,500,0
2022-01-21 00:00:00+00:00,3097.021466,3015.588778,-2.6293872643115974,0,1.4387659846348084,0.4852,500,0
2022-01-22 00:00:00+00:00,3015.588778,2564.343342,-14.963758961169596,0,1.3319261099027795,0.4844000000000001,500,0
2022-01-23 00:00:00+00:00,2564.343342,2407.377852,-6.121079319962608,0,1.4105686851391852,0.4862,500,0
2022-01-24 00:00:00+00:00,2407.377852,2537.836728,5.419127532955311,0,1.4858106867748846,0.4850000000000001,500,0
2022-01-25 00:00:00+00:00,2537.836728,2447.831512,-3.5465329588373744,0,1.4363502221268234,0.48380000000000006,500,0
2022-01-26 00:00:00+00:00,2447.831512,2465.22,0.7103629442940024,0,1.4636970089583266,0.48400000000000004,500,0
2022-01-27 00:00:00+00:00,2465.22,2470.430412,0.2113568768710444,0,1.460691691498149,0.48400000000000004,500,0
2022-01-28 00:00:00+00:00,2470.430412,2411.863855,-2.3707025591781816,0,1.4361576465564225,0.48680000000000007,500,0
2022-01-29 00:00:00+00:00,2411.863855,2551.111074,5.773427828910345,0,1.493277735915525,0.48300000000000004,500,0
2022-01-30 00:00:00+00:00,2551.111074,2603.603872,2.057644550838566,0,1.4743360744206593,0.48300000000000004,500,0
2022-01-31 00:00:00+00:00,2603.603872,2610.182406,0.252670310977313,0,1.4581082584389093,0.485,500,0
2022-02-01 00:00:00+00:00,2610.182406,2689.220867,3.028081900265483,0,1.4646664556105098,0.4882,500,0
2022-02-02 00:00:00+00:00,2689.220867,2797.434855,4.023990343371078,0,1.467484341276566,0.489,500,0
2022-02-03 00:00:00+00:00,2797.434855,2690.319739,-3.82904773666302,0,1.4266164398595675,0.48660000000000003,500,0
2022-02-04 00:00:00+00:00,2690.319739,2667.256728,-0.85725910811526,0,1.4433322290473687,0.48780000000000007,500,0
2022-02-05 00:00:00+00:00,2667.256728,2993.09944,12.216398540845677,0,1.5199125240566824,0.4822000000000001,500,0
2022-02-06 00:00:00+00:00,2993.09944,3018.673398,0.8544306165785106,0,1.4543033992136096,0.48760000000000003,500,0
2022-02-07 00:00:00+00:00,3018.673398,3062.805808,1.4619802867458191,0,1.4657887137696721,0.48480000000000006,500,0
2022-02-08 00:00:00+00:00,3062.805808,3149.953286,2.845347810571994,0,1.4671625671839783,0.487,500,0
2022-02-09 00:00:00+00:00,3149.953286,3127.438107,-0.7147781873486485,0,1.4560403709934235,0.48360000000000003,500,0
2022-02-10 00:00:00+00:00,3127.438107,3240.921044,3.628622953272732,0,1.4827853466249699,0.48300000000000004,500,0
2022-02-11 00:00:00+00:00,3240.921044,3081.911502,-4.906307183705652,0,1.4271486530692914,0.48340000000000005,500,0
2022-02-12 00:00:00+00:00,3081.911502,2930.563169,-4.91085915029626,0,1.4311664092951757,0.48200000000000004,500,0
2022-02-13 00:00:00+00:00,2930.563169,2918.085367,-0.42578171090090167,0,1.4522256638636792,0.4856000000000001,500,0
2022-02-14 00:00:00+00:00,2918.085367,2889.235678,-0.9886513028801369,0,1.4408164173816562,0.48840000000000006,500,0
2022-02-15 00:00:00+00:00,2889.235678,2935.6455,1.6063010142573795,0,1.462061920374128,0.4864000000000001,500,0
2022-02-16 00:00:00+00:00,2935.6455,3179.300207,8.299868189125686,0,1.5086598114329786,0.48140000000000005,500,0
2022-02-17 00:00:00+00:00,3179.300207,3128.640781,-1.5934143585579215,0,1.4581498198691392,0.48080000000000006,500,0
2022-02-18 00:00:00+00:00,3128.640781,2881.613122,-7.895686219401736,0,1.4012310597045021,0.4842,500,0
2022-02-19 00:00:00+00:00,2881.613122,2792.303848,-3.0992805147283122,0,1.440566099575378,0.4834000000000001,500,0
2022-02-20 00:00:00+00:00,2792.303848,2768.971652,-0.8355894368985534,0,1.4457279426246419,0.487,500,0
2022-02-21 00:00:00+00:00,2768.971652,2632.49,-4.9289653038311565,0,1.4189328585073038,0.4864000000000001,500,0
2022-02-22 00:00:00+00:00,2632.49,2574.513384,-2.202348954791848,0,1.444076256480092,0.4844000000000001,500,0
2022-02-23 00:00:00+00:00,2574.513384,2644.153656,2.7049877632331665,0,1.4727038342169396,0.48480000000000006,500,0
2022-02-24 00:00:00+00:00,2644.153656,2594.700959,-1.8702656287687456,0,1.4501824811567894,0.483,500,0
2022-02-25 00:00:00+00:00,2594.700959,2599.93357,0.20166528176784634,0,1.461767226371068,0.4836000000000001,500,0
2022-02-26 00:00:00+00:00,2599.93357,2771.89051,6.613897446618224,0,1.492349194762799,0.48460000000000003,500,0
2022-02-27 00:00:00+00:00,2771.89051,2785.338957,0.4851723742868819,0,1.456666695776168,0.48600000000000004,500,0
2022-02-28 00:00:00+00:00,2785.338957,2629.48,-5.595690844315431,0,1.4207899067850738,0.48380000000000006,500,0
2022-03-01 00:00:00+00:00,2629.48,2919.294962,11.021759511386279,0,1.503448468542404,0.48660000000000003,500,0
2022-03-02 00:00:00+00:00,2919.294962,2977.27604,1.986132910676405,0,1.4716328001019456,0.48380000000000006,500,0
2022-03-03 00:00:00+00:00,2977.27604,2953.315776,-0.8047713305078785,0,1.4537904933781187,0.4842,500,0
2022-03-04 00:00:00+00:00,2953.315776,2836.906337,-3.9416522928566113,0,1.433411113374762,0.48380000000000006,500,0
2022-03-05 00:00:00+00:00,2836.906337,2619.356138,-7.668571787606387,0,1.3994881909658243,0.48540000000000005,500,0
2022-03-06 00:00:00+00:00,2619.356138,2668.71,1.8841982303973333,0,1.4727521144598468,0.4832,500,0
2022-03-07 00:00:00+00:00,2668.71,2558.359874,-4.13496131089552,0,1.4248746392154872,0.4864000000000001,500,0
2022-03-08 00:00:00+00:00,2558.359874,2498.658865,-2.3335657194567276,0,1.4431940767902647,0.4844000000000001,500,0
2022-03-09 00:00:00+00:00,2498.658865,2576.627154,3.1204055140196143,0,1.469191247037594,0.48680000000000007,500,0
2022-03-10 00:00:00+00:00,2576.627154,2731.037685,5.992738637419483,0,1.4919188706962663,0.48380000000000006,500,0
2022-03-11 00:00:00+00:00,2731.037685,2611.464723,-4.378297767795165,0,1.4225829017169163,0.48660000000000003,500,0
2022-03-12 00:00:00+00:00,2611.464723,2562.832354,-1.8622640609187324,0,1.4429554401414908,0.48560000000000003,500,0
2022-03-13 00:00:00+00:00,2562.832354,2579.458136,0.6487268655732005,0,1.4604673231709717,0.485,500,0
2022-03-14 00:00:00+00:00,2579.458136,2518.492845,-2.3634921671781677,0,1.4495966110835812,0.48200000000000004,500,0
2022-03-15 00:00:00+00:00,2518.492845,2591.542041,2.900512349877251,0,1.4858530726509471,0.4806000000000001,500,0
2022-03-16 00:00:00+00:00,2591.542041,2620.363852,1.1121490812812864,0,1.4620924129800155,0.48540000000000005,500,0
2022-03-17 00:00:00+00:00,2620.363852,2771.759457,5.777655835255362,0,1.491453755423887,0.48360000000000003,500,0
2022-03-18 00:00:00+00:00,2771.759457,2817.401075,1.6466659069109872,0,1.4708715482729848,0.4834000000000001,500,0
2022-03-19 00:00:00+00:00,2817.401075,2945.74591,4.555433592286816,0,1.485122442229706,0.48380000000000006,500,0
2022-03-20 00:00:00+00:00,2945.74591,2947.226158,0.05025036256436139,0,1.459136124179097,0.4842,500,0
2022-03-21 00:00:00+00:00,2947.226158,2860.641961,-2.937819914667035,0,1.4395207689324347,0.4842,500,0
2022-03-22 00:00:00+00:00,2860.641961,2896.586932,1.256535123585861,0,1.460076993317233,0.48640000000000005,500,0
2022-03-23 00:00:00+00:00,2896.586932,2969.78,2.5268728237154123,0,1.4786352562759073,0.4824000000000001,500,0
2022-03-24 00:00:00+00:00,2969.78,3028.835258,1.98853982449878,0,1.4762341863018356,0.4822000000000001,500,0
2022-03-25 00:00:00+00:00,3028.835258,3106.657024,2.569362787046638,0,1.4771326932790902,0.483,500,0
2022-03-26 00:00:00+00:00,3106.657024,3106.072054,-0.01882956488214789,0,1.4519251463791456,0.48660000000000003,500,0
2022-03-27 00:00:00+00:00,3106.072054,3140.875711,1.1205038516469628,0,1.4683786990237215,0.4832,500,0
2022-03-28 00:00:00+00:00,3140.875711,3285.173097,4.594176888141109,0,1.4853137490043633,0.48380000000000006,500,0
2022-03-29 00:00:00+00:00,3285.173097,3328.934125,1.3320767797582007,0,1.4622038338511842,0.48580000000000007,500,0
2022-03-30 00:00:00+00:00,3328.934125,3401.184431,2.170373557632352,0,1.4801409972200417,0.48120000000000007,500,0
2022-03-31 00:00:00+00:00,3401.184431,3383.788762,-0.5114591505667162,0,1.4500117500068253,0.4862,500,0
2022-04-01 00:00:00+00:00,3383.788762,3283.302843,-2.9696274226233803,0,1.4293421738462038,0.48780000000000007,500,0
2022-04-02 00:00:00+00:00,3283.302843,3451.196091,5.113547425512337,0,1.4924538674484347,0.4822000000000001,500,0
2022-04-03 00:00:00+00:00,3451.196091,3440.336238,-0.31466925418466263,0,1.4484156333876184,0.4872,500,0
2022-04-04 00:00:00+00:00,3440.336238,3521.584725,2.361643786516436,0,1.465112050045247,0.48680000000000007,500,0
2022-04-05 00:00:00+00:00,3521.584725,3520.967118,-0.017537757805901846,0,1.4609827731653926,0.48340000000000005,500,0
2022-04-06 00:00:00+00:00,3520.967118,3422.969884,-2.783247633839446,0,1.4350931787558694,0.4862,500,0
2022-04-07 00:00:00+00:00,3422.969884,3171.371104,-7.350306562031098,0,1.4001208303142252,0.4864000000000001,500,0
2022-04-08 00:00:00+00:00,3171.371104,3232.834989,1.938085546736448,0,1.4788140041991786,0.48120000000000007,500,0
2022-04-09 00:00:00+00:00,3232.834989,3192.025091,-1.2623563571558454,0,1.445240440342891,0.4862,500,0
2022-04-10 00:00:00+00:00,3192.025091,3265.938068,2.31555125329057,0,1.465457640933863,0.48660000000000003,500,0
2022-04-11 00:00:00+00:00,3265.938068,3219.159553,-1.4323148212252006,0,1.4513701251978328,0.48360000000000003,500,0
2022-04-12 00:00:00+00:00,3219.159553,2992.702106,-7.0346760783869655,0,1.4016923113463489,0.48660000000000003,500,0
2022-04-13 00:00:00+00:00,2992.702106,3038.209422,1.5206096159308051,0,1.4604463321681898,0.48680000000000007,500,0
2022-04-14 00:00:00+00:00,3038.209422,3121.399823,2.738139128843775,0,1.4608412845437255,0.48900000000000005,500,0
2022-04-15 00:00:00+00:00,3121.399823,3023.417212,-3.139059926832076,0,1.4402204523947895,0.48340000000000005,500,0
2022-04-16 00:00:00+00:00,3023.417212,3045.43,0.7280764266549397,0,1.4569841774285992,0.4864000000000001,500,0
2022-04-17 00:00:00+00:00,3045.43,3066.358014,0.6871940579819624,0,1.4675329992717792,0.48260000000000003,500,0
2022-04-18 00:00:00+00:00,3066.358014,2995.719421,-2.303664238731653,0,1.4428445454122854,0.4846000000000001,500,0
2022-04-19 00:00:00+00:00,2995.719421,3061.890571,2.2088567285754537,0,1.4694416304321913,0.48500000000000004,500,0
2022-04-20 00:00:00+00:00,3061.890571,3104.688448,1.3977598482894957,0,1.464853113023296,0.485,500,0
2022-04-21 00:00:00+00:00,3104.688448,3079.676478,-0.8056193211950915,0,1.456042962618833,0.48340000000000005,500,0
2022-04-22 00:00:00+00:00,3079.676478,2987.488876,-2.9934183885402255,0,1.4397005004627645,0.4840000000000001,500,0
2022-04-23 00:00:00+00:00,2987.488876,2967.085285,-0.6829679321624286,0,1.4534337862262927,0.48460000000000003,500,0
2022-04-24 00:00:00+00:00,2967.085285,2940.687978,-0.8896713260468406,0,1.4504334129682481,0.4852,500,0
2022-04-25 00:00:00+00:00,2940.687978,2922.901865,-0.6048282964075868,0,1.4522538939211185,0.4852,500,0
2022-04-26 00:00:00+00:00,2922.901865,3008.34,2.923058622770434,0,1.4721298066357238,0.4854000000000001,500,0
2022-04-27 00:00:00+00:00,3008.34,2806.748836,-6.701076474068753,0,1.404489331647427,0.4866000000000001,500,0
2022-04-28 00:00:00+00:00,2806.748836,2889.592223,2.951578208118651,0,1.4671604620014265,0.4872,500,0
2022-04-29 00:00:00+00:00,2889.592223,2932.455084,1.4833532793599322,0,1.4722159233127359,0.4826000000000001,500,0
2022-04-30 00:00:00+00:00,2932.455084,2817.489882,-3.9204420428217652,0,1.4307888812376914,0.4848000000000001,500,0
2022-05-01 00:00:00+00:00,2817.489882,2738.174136,-2.8151208814172333,0,1.4459155199445486,0.4822000000000001,500,0
2022-05-02 00:00:00+00:00,2738.174136,2832.513107,3.44532401207372,0,1.4703192205675737,0.48700000000000004,500,0
2022-05-03 00:00:00+00:00,2832.513107,2861.372376,1.0188573859968932,0,1.4672169370755268,0.4834000000000001,500,0
2022-05-04 00:00:00+00:00,2861.372376,2786.047248,-2.6324825329200685,0,1.4460648010682822,0.48260000000000003,500,0
2022-05-05 00:00:00+00:00,2786.047248,2942.052313,5.599512539207314,0,1.4801771160106871,0.4872,500,0
2022-05-06 00:00:00+00:00,2942.052313,2753.936567,-6.39403130830733,0,1.4086868770785896,0.486,500,0
2022-05-07 00:00:00+00:00,2753.936567,2699.707247,-1.9691564667763957,0,1.4495285517604497,0.4830000000000001,500,0
2022-05-08 00:00:00+00:00,2699.707247,2641.229107,-2.1660918999636896,0,1.4392971808036326,0.4862,500,0
2022-05-09 00:00:00+00:00,2641.229107,2517.829922,-4.672036389155249,0,1.4274825659145791,0.48400000000000004,500,0
2022-05-10 00:00:00+00:00,2517.829922,2249.890962,-10.641662395812927,0,1.3724288175484674,0.48580000000000007,500,0
2022-05-11 00:00:00+00:00,2249.890962,2344.797716,4.218282379144029,0,1.476574389926389,0.4862,500,0
2022-05-12 00:00:00+00:00,2344.797716,2080.910244,-11.254167905373373,0,1.3630861745942393,0.48700000000000004,500,0
2022-05-13 00:00:00+00:00,2080.910244,1966.699171,-5.488515101951709,0,1.4180207953506472,0.4852,500,0
2022-05-14 00:00:00+00:00,1966.699171,2010.214051,2.212584448178422,0,1.470021387894155,0.48480000000000006,500,0
2022-05-15 00:00:00+00:00,2010.214051,2064.229358,2.6870425551512636,0,1.4743541147408974,0.4842,500,0
2022-05-16 00:00:00+00:00,2064.229358,2147.047448,4.012058528236461,0,1.4830712089970686,0.48360000000000003,500,0
2022-05-17 00:00:00+00:00,2147.047448,2025.888698,-5.643040171881653,0,1.420071983134164,0.484,500,0
2022-05-18 00:00:00+00:00,2025.888698,2095.178885,3.420236613610835,0,1.4764856024000699,0.4848,500,0
2022-05-19 00:00:00+00:00,2095.178885,1915.177123,-8.591235969810754,0,1.3998820052013468,0.4822000000000001,500,0
2022-05-20 00:00:00+00:00,1915.177123,2023.848259,5.67420812910369,0,1.48409514750919,0.486,500,0
2022-05-21 00:00:00+00:00,2023.848259,1963.99094,-2.957599154670626,0,1.4414611592345299,0.48340000000000005,500,0
2022-05-22 00:00:00+00:00,1963.99094,1978.147133,0.7207870826532444,0,1.458644052012677,0.4858,500,0
2022-05-23 00:00:00+00:00,1978.147133,2046.64635,3.4627968697210174,0,1.4727131262757869,0.4862,500,0
2022-05-24 00:00:00+00:00,2046.64635,1974.581194,-3.5211337806358136,0,1.4293882703475145,0.4864000000000001,500,0
2022-05-25 00:00:00+00:00,1974.581194,1979.770545,0.26280767870009336,0,1.4689368967220648,0.48120000000000007,500,0
2022-05-26 00:00:00+00:00,1979.770545,1944.842845,-1.764229702690126,0,1.4469949885828177,0.48440000000000005,500,0
2022-05-27 00:00:00+00:00,1944.842845,1807.969474,-7.037759958440236,0,1.3967617379813784,0.48860000000000003,500,0
2022-05-28 00:00:00+00:00,1807.969474,1724.875734,-4.595970296786107,0,1.4297157743642726,0.48340000000000005,500,0
2022-05-29 00:00:00+00:00,1724.875734,1798.694855,4.279677633867159,0,1.4803026651519358,0.485,500,0
2022-05-30 00:00:00+00:00,1798.694855,1814.98316,0.9055624390497319,0,1.4597265216407462,0.48580000000000007,500,0
2022-05-31 00:00:00+00:00,1814.98316,1995.936484,9.969972613960785,0,1.5143023662644441,0.4816000000000001,500,0
2022-06-01 00:00:00+00:00,1995.936484,1944.078767,-2.598164691898086,0,1.4391398274813716,0.4852,500,0
2022-06-02 00:00:00+00:00,1944.078767,1828.892655,-5.924971454615957,0,1.4090380514471772,0.4872,500,0
2022-06-03 00:00:00+00:00,1828.892655,1833.089841,0.2294932941266514,0,1.4641961668253267,0.48280000000000006,500,0
2022-06-04 00:00:00+00:00,1833.089841,1776.979907,-3.0609483913451063,0,1.439160984738834,0.484,500,0
2022-06-05 00:00:00+00:00,1776.979907,1804.26167,1.5352882096488547,0,1.4616617941621652,0.48640000000000005,500,0
2022-06-06 00:00:00+00:00,1804.26167,1805.331395,0.0592887948453638,0,1.4637192871005773,0.4826000000000001,500,0
2022-06-07 00:00:00+00:00,1805.331395,1860.181307,3.0382184762260853,0,1.4750682980565275,0.48460000000000003,500,0
2022-06-08 00:00:00+00:00,1860.181307,1818.387712,-2.246748467083703,0,1.4393411329742025,0.486,500,0
2022-06-09 00:00:00+00:00,1818.387712,1794.539626,-1.311496214070323,0,1.4443536645075952,0.4864000000000001,500,0
2022-06-10 00:00:00+00:00,1794.539626,1788.418287,-0.3411091575416699,0,1.4629269559377194,0.48200000000000004,500,0
2022-06-11 00:00:00+00:00,1788.418287,1663.844367,-6.965591937050018,0,1.4033738213657507,0.4864,500,0
2022-06-12 00:00:00+00:00,1663.844367,1530.038617,-8.041963097862265,0,1.3968033022873347,0.4854000000000001,500,0
2022-06-13 00:00:00+00:00,1530.038617,1454.68676,-4.924833671698097,0,1.4197557645788936,0.4862,500,0
2022-06-14 00:00:00+00:00,1454.68676,1205.595286,-17.123375344393736,0,1.3050503454328823,0.4864000000000001,500,0
2022-06-15 00:00:00+00:00,1205.595286,1214.866265,0.7689959564092161,0,1.4577816683470526,0.4862,500,0
2022-06-16 00:00:00+00:00,1214.866265,1230.364335,1.2757017333097045,0,1.464720088469284,0.48480000000000006,500,0
2022-06-17 00:00:00+00:00,1230.364335,1068.603575,-13.147386948598433,0,1.3466629701054962,0.48640000000000005,500,0
2022-06-18 00:00:00+00:00,1068.603575,1087.813924,1.7977058517701432,0,1.463153300798691,0.4864000000000001,500,0
2022-06-19 00:00:00+00:00,1087.813924,995.2525693,-8.508932700515794,0,1.4020072196258602,0.48180000000000006,500,0
2022-06-20 00:00:00+00:00,995.2525693,1125.754092,13.112402492141943,0,1.5149138493148846,0.48480000000000006,500,0
2022-06-21 00:00:00+00:00,1125.754092,1132.054394,0.559651707666198,0,1.4667731066849536,0.48260000000000003,500,0
2022-06-22 00:00:00+00:00,1132.054394,1124.561392,-0.6618941668981263,0,1.454135236646384,0.4844000000000001,500,0
2022-06-23 00:00:00+00:00,1124.561392,1051.074068,-6.534754307126361,0,1.407713697910365,0.4860000000000001,500,0
2022-06-24 00:00:00+00:00,1051.074068,1144.480753,8.886784275606367,0,1.491699022735073,0.488,500,0
2022-06-25 00:00:00+00:00,1144.480753,1229.304085,7.411512319246485,0,1.4846765464649503,0.4884000000000001,500,0
2022-06-26 00:00:00+00:00,1229.304085,1244.286204,1.218748004079073,0,1.4644005199656345,0.48480000000000006,500,0
2022-06-27 00:00:00+00:00,1244.286204,1201.237791,-3.459687398414648,0,1.4309167392283908,0.4860000000000001,500,0
2022-06-28 00:00:00+00:00,1201.237791,1194.224508,-0.583838025455528,0,1.450698633413126,0.48580000000000007,500,0
2022-06-29 00:00:00+00:00,1194.224508,1143.533536,-4.244676914635895,0,1.4274511787692545,0.4852,500,0
2022-06-30 00:00:00+00:00,1143.533536,1098.905518,-3.90264181985476,0,1.4276565303700477,0.48600000000000004,500,0
2022-07-01 00:00:00+00:00,1098.905518,1057.630999,-3.7559661248329497,0,1.425413372359728,0.4872,500,0
2022-07-02 00:00:00+00:00,1057.630999,1068.81944,1.0578775594303484,0,1.4708655090509228,0.4822000000000001,500,0
2022-07-03 00:00:00+00:00,1068.81944,1068.541503,-0.026004111601868447,0,1.4524470908352278,0.48640000000000005,500,0
2022-07-04 00:00:00+00:00,1068.541503,1074.607318,0.5676723817437119,0,1.4634105446168042,0.48380000000000006,500,0
2022-07-05 00:00:00+00:00,1074.607318,1153.348315,7.327420508037139,0,1.4976677797222515,0.48380000000000006,500,0
2022-07-06 00:00:00+00:00,1153.348315,1134.01707,-1.6760977363546807,0,1.4553736028912176,0.48160000000000003,500,0
2022-07-07 00:00:00+00:00,1134.01707,1188.73,4.82470074282038,0,1.4818150516102953,0.48540000000000005,500,0
2022-07-08 00:00:00+00:00,1188.73,1240.378406,4.344839114012435,0,1.4858538889676325,0.4832,500,0
2022-07-09 00:00:00+00:00,1240.378406,1233.514679,-0.5533575049999825,0,1.4424264991502462,0.4888,500,0
2022-07-10 00:00:00+00:00,1233.514679,1216.849707,-1.3510152966732394,0,1.44858478254241,0.48480000000000006,500,0
2022-07-11 00:00:00+00:00,1216.849707,1169.012708,-3.9312167085889844,0,1.4344334660912006,0.4834000000000001,500,0
2022-07-12 00:00:00+00:00,1169.012708,1097.449438,-6.121684521499648,0,1.4087179880252843,0.48680000000000007,500,0
2022-07-13 00:00:00+00:00,1097.449438,1040.797146,-5.162177867915586,0,1.4122091507929835,0.4882,500,0
2022-07-14 00:00:00+00:00,1040.797146,1112.920783,6.929653609945613,0,1.5030811749769173,0.4814000000000001,500,0
2022-07-15 00:00:00+00:00,1112.920783,1191.130837,7.027459204165108,0,1.4802458275139572,0.48940000000000006,500,0
2022-07-16 00:00:00+00:00,1191.130837,1234.099139,3.60735367310451,0,1.47746619930571,0.48480000000000006,500,0
2022-07-17 00:00:00+00:00,1234.099139,1355.05,9.800741056995426,0,1.5053508116748349,0.48440000000000005,500,0
2022-07-18 00:00:00+00:00,1355.05,1344.720284,-0.7623125345928167,0,1.453491986452328,0.4844000000000001,500,0
2022-07-19 00:00:00+00:00,1344.720284,1570.658959,16.801908745506815,0,1.5203178460547646,0.4864000000000001,500,0
2022-07-20 00:00:00+00:00,1570.658959,1542.629821,-1.7845464057866238,0,1.436905634809297,0.488,500,0
2022-07-21 00:00:00+00:00,1542.629821,1527.413931,-0.9863604212017852,0,1.446439932328297,0.4864000000000001,500,0
2022-07-22 00:00:00+00:00,1527.413931,1576.825239,3.234965126162645,0,1.4663312353446103,0.488,500,0
2022-07-23 00:00:00+00:00,1576.825239,1536.124922,-2.581155856295882,0,1.4319828770264216,0.48780000000000007,500,0
2022-07-24 00:00:00+00:00,1536.124922,1552.496489,1.0657705480544337,0,1.4600871219346792,0.48600000000000004,500,0
2022-07-25 00:00:00+00:00,1552.496489,1601.207967,3.13762242588878,0,1.476753971832711,0.4842,500,0
2022-07-26 00:00:00+00:00,1601.207967,1450.482285,-9.413248316669161,0,1.3802165950330414,0.4872,500,0
2022-07-27 00:00:00+00:00,1450.482285,1438.988038,-0.7924431148774826,0,1.4493717448719399,0.48580000000000007,500,0
2022-07-28 00:00:00+00:00,1438.988038,1636.949181,13.756969326523338,0,1.5140271557625715,0.4858,500,0
2022-07-29 00:00:00+00:00,1636.949181,1723.548521,5.290288849840598,0,1.4880846377942045,0.484,500,0
2022-07-30 00:00:00+00:00,1723.548521,1739.042177,0.8989393574490556,0,1.4613935293705418,0.4852,500,0
2022-07-31 00:00:00+00:00,1739.042177,1696.785098,-2.4299053558837276,0,1.4386125306066648,0.48580000000000007,500,0
2022-08-01 00:00:00+00:00,1696.785098,1682.011374,-0.8706891649044957,0,1.4494395052621771,0.48560000000000003,500,0
2022-08-02 00:00:00+00:00,1682.011374,1636.018556,-2.734393994650832,0,1.4370723582384994,0.48560000000000003,500,0
2022-08-03 00:00:00+00:00,1636.018556,1638.378683,0.14426040532023895,0,1.4546163608262253,0.48600000000000004,500,0
2022-08-04 00:00:00+00:00,1638.378683,1621.341324,-1.0398913985381684,0,1.4522759140634367,0.4842,500,0
2022-08-05 00:00:00+00:00,1621.341324,1612.418907,-0.5503108363381229,0,1.4633006616877973,0.48140000000000005,500,0
2022-08-06 00:00:00+00:00,1612.418907,1725.382627,7.005854341547979,0,1.490622754504942,0.48580000000000007,500,0
2022-08-07 00:00:00+00:00,1725.382627,1693.296592,-1.8596475064658244,0,1.4334837993704304,0.489,500,0
2022-08-08 00:00:00+00:00,1693.296592,1699.006418,0.3372017653006663,0,1.4648558948369546,0.48280000000000006,500,0
2022-08-09 00:00:00+00:00,1699.006418,1775.701356,4.514105255133892,0,1.4953668914103122,0.48020000000000007,500,0
2022-08-10 00:00:00+00:00,1775.701356,1698.966129,-4.321403863364518,0,1.4262644543706426,0.48540000000000005,500,0
2022-08-11 00:00:00+00:00,1698.966129,1852.878555,9.059181544166035,0,1.4959009773589955,0.48680000000000007,500,0
2022-08-12 00:00:00+00:00,1852.878555,1881.427405,1.540783659185904,0,1.4576801642850337,0.48780000000000007,500,0
2022-08-13 00:00:00+00:00,1881.427405,1959.330925,4.140660425853639,0,1.4634417547051097,0.49060000000000004,500,0
2022-08-14 00:00:00+00:00,1959.330925,1982.411828,1.1779992192998248,0,1.4653152023767257,0.4844000000000001,500,0
2022-08-15 00:00:00+00:00,1982.411828,1936.701164,-2.305810697574185,0,1.4377964757574377,0.4864000000000001,500,0
2022-08-16 00:00:00+00:00,1936.701164,1908.277642,-1.467625595953845,0,1.4550536932406246,0.4822000000000001,500,0
2022-08-17 00:00:00+00:00,1908.277642,1880.600101,-1.4503938206283307,0,1.4462521223151543,0.4854000000000001,500,0
2022-08-18 00:00:00+00:00,1880.600101,1834.826453,-2.433991574054483,0,1.4524589647776638,0.48080000000000006,500,0
2022-08-19 00:00:00+00:00,1834.826453,1850.111291,0.8330399845178185,0,1.4587393099332373,0.48600000000000004,500,0
2022-08-20 00:00:00+00:00,1850.111291,1618.532504,-12.51701928022015,0,1.3573811498249502,0.48480000000000006,500,0
2022-08-21 00:00:00+00:00,1618.532504,1579.415723,-2.416805402630329,0,1.4381457973738454,0.48600000000000004,500,0
2022-08-22 00:00:00+00:00,1579.415723,1624.149983,2.8323296614415145,0,1.4762868069976087,0.48380000000000006,500,0
2022-08-23 00:00:00+00:00,1624.149983,1622.31,-0.11328898311481093,0,1.4490868402612205,0.48740000000000006,500,0
2022-08-24 00:00:00+00:00,1622.31,1665.791907,2.6802465003606026,0,1.4656923977763934,0.4872,500,0
2022-08-25 00:00:00+00:00,1665.791907,1657.793642,-0.48014790841458604,0,1.4552795378814098,0.48440000000000005,500,0
2022-08-26 00:00:00+00:00,1657.793642,1697.076972,2.369615192431772,0,1.4662775451580432,0.4864000000000001,500,0
2022-08-27 00:00:00+00:00,1697.076972,1510.189111,-11.012338514012914,0,1.3772592835638051,0.4826000000000001,500,0
2022-08-28 00:00:00+00:00,1510.189111,1496.055466,-0.9358857706662335,0,1.4523881364549511,0.4844000000000001,500,0
2022-08-29 00:00:00+00:00,1496.055466,1438.74705,-3.8306344452071324,0,1.430998538145574,0.48500000000000004,500,0
2022-08-30 00:00:00+00:00,1438.74705,1555.177456,8.092486167043745,0,1.4916773532723466,0.48700000000000004,500,0
2022-08-31 00:00:00+00:00,1555.177456,1525.400116,-1.9147229716529448,0,1.4442819026146567,0.48500000000000004,500,0
2022-09-01 00:00:00+00:00,1525.400116,1552.562966,1.780703286638529,0,1.4630503637333818,0.4864000000000001,500,0
2022-09-02 00:00:00+00:00,1552.562966,1588.980351,2.345630148181698,0,1.4718567291448434,0.4844000000000001,500,0
2022-09-03 00:00:00+00:00,1588.980351,1575.176631,-0.8687155880381233,0,1.4556575034990065,0.4834000000000001,500,0
2022-09-04 00:00:00+00:00,1575.176631,1555.674077,-1.2381185459575388,0,1.4611230376652347,0.4806,500,0
2022-09-05 00:00:00+00:00,1555.674077,1578.949301,1.4961504047740335,0,1.4694302365779035,0.48360000000000003,500,0
2022-09-06 00:00:00+00:00,1578.949301,1617.935455,2.469120064546008,0,1.4668666652163134,0.4864,500,0
2022-09-07 00:00:00+00:00,1617.935455,1564.558954,-3.299050084788454,0,1.4188778769362802,0.49080000000000007,500,0
2022-09-08 00:00:00+00:00,1564.558954,1629.883231,4.175251871013864,0,1.4895959594755555,0.48160000000000003,500,0
2022-09-09 00:00:00+00:00,1629.883231,1635.932176,0.3711275068637112,0,1.4548644350098607,0.4864000000000001,500,0
2022-09-10 00:00:00+00:00,1635.932176,1717.076957,4.960155573099992,0,1.48827133395518,0.48340000000000005,500,0
2022-09-11 00:00:00+00:00,1717.076957,1779.519029,3.6365331061862274,0,1.4689528390657087,0.48780000000000007,500,0
2022-09-12 00:00:00+00:00,1779.519029,1761.317356,-1.022842279479779,0,1.4456422562340658,0.48660000000000003,500,0
2022-09-13 00:00:00+00:00,1761.317356,1710.164291,-2.9042503229611034,0,1.4414162408899116,0.4836000000000001,500,0
2022-09-14 00:00:00+00:00,1710.164291,1573.205214,-8.008533315820472,0,1.3966711347548315,0.4854,500,0
2022-09-15 00:00:00+00:00,1573.205214,1635.368206,3.9513593933461264,0,1.4763613855866802,0.48580000000000007,500,0
2022-09-16 00:00:00+00:00,1635.368206,1471.999593,-9.989714389739095,0,1.3751926578315001,0.4868,500,0
2022-09-17 00:00:00+00:00,1471.999593,1432.215807,-2.702703600543724,0,1.4428163639352702,0.48360000000000003,500,0
2022-09-18 00:00:00+00:00,1432.215807,1471.203955,2.7222257853491145,0,1.4751411421069138,0.48400000000000004,500,0
2022-09-19 00:00:00+00:00,1471.203955,1335.852552,-9.200043443330731,0,1.3930930503659733,0.48280000000000006,500,0
2022-09-20 00:00:00+00:00,1335.852552,1379.920705,3.2988785277254116,0,1.472423915037675,0.486,500,0
2022-09-21 00:00:00+00:00,1379.920705,1324.190565,-4.038648003328561,0,1.4343528657530655,0.4832,500,0
2022-09-22 00:00:00+00:00,1324.190565,1252.774562,-5.393181683030647,0,1.4203429295677779,0.4846000000000001,500,0
2022-09-23 00:00:00+00:00,1252.774562,1330.792793,6.227635311771282,0,1.4837411248368708,0.487,500,0
2022-09-24 00:00:00+00:00,1330.792793,1329.558807,-0.09272562990203888,0,1.4514710532872956,0.4866000000000001,500,0
2022-09-25 00:00:00+00:00,1329.558807,1318.099347,-0.8618994466184458,0,1.4551124211562119,0.48360000000000003,500,0
2022-09-26 00:00:00+00:00,1318.099347,1294.075095,-1.8226434945650694,0,1.4393885402006217,0.487,500,0
2022-09-27 00:00:00+00:00,1294.075095,1335.121205,3.1718491576410406,0,1.4867397661765254,0.48080000000000006,500,0
2022-09-28 00:00:00+00:00,1335.121205,1331.150177,-0.2974282773075972,0,1.4609339452047416,0.48280000000000006,500,0
2022-09-29 00:00:00+00:00,1331.150177,1340.023059,0.6665575495018033,0,1.4486594484874602,0.4892,500,0
2022-09-30 00:00:00+00:00,1340.023059,1335.738971,-0.31970255819307586,0,1.452331220126631,0.48580000000000007,500,0
2022-10-01 00:00:00+00:00,1335.738971,1329.146032,-0.4935798942112236,0,1.4535114361962624,0.485,500,0
2022-10-02 00:00:00+00:00,1329.146032,1311.263324,-1.3454283855545597,0,1.4441543807326385,0.4864000000000001,500,0
2022-10-03 00:00:00+00:00,1311.263324,1277.901345,-2.5442623452800865,0,1.4433659858681913,0.48380000000000006,500,0
2022-10-04 00:00:00+00:00,1277.901345,1323.504018,3.5685597466837393,0,1.4645877699700536,0.4892,500,0
2022-10-05 00:00:00+00:00,1323.504018,1363.237182,3.0021188798536755,0,1.4616735523432245,0.48919999999999997,500,0
2022-10-06 00:00:00+00:00,1363.237182,1352.586524,-0.7812769590376403,0,1.4556329066378257,0.4836000000000001,500,0
2022-10-07 00:00:00+00:00,1352.586524,1351.427369,-0.085699138608308,0,1.459429852820854,0.48380000000000006,500,0
2022-10-08 00:00:00+00:00,1351.427369,1324.894738,-1.9633042521281094,0,1.4478754491863903,0.48360000000000003,500,0
2022-10-09 00:00:00+00:00,1324.894738,1315.8578,-0.6820872436735396,0,1.4573768023156408,0.4832,500,0
2022-10-10 00:00:00+00:00,1315.8578,1322.269755,0.4872832763540281,0,1.4572477522047151,0.48580000000000007,500,0
2022-10-11 00:00:00+00:00,1322.269755,1291.08166,-2.358678694877958,0,1.4435210746767635,0.4842,500,0
2022-10-12 00:00:00+00:00,1291.08166,1279.883308,-0.8673620226314819,0,1.4516954925546128,0.48480000000000006,500,0
2022-10-13 00:00:00+00:00,1279.883308,1294.271051,1.1241449052478776,0,1.4678410382811324,0.4834000000000001,500,0
2022-10-14 00:00:00+00:00,1294.271051,1288.164015,-0.47185139428726053,0,1.4581454102562015,0.4834000000000001,500,0
2022-10-15 00:00:00+00:00,1288.164015,1297.627605,0.7346572245305144,0,1.4609950050576468,0.48500000000000004,500,0
2022-10-16 00:00:00+00:00,1297.627605,1275.693777,-1.6903022034584374,0,1.4435161428898389,0.48580000000000007,500,0
2022-10-17 00:00:00+00:00,1275.693777,1306.943119,2.449595864102116,0,1.4753274353590555,0.4834000000000001,500,0
2022-10-18 00:00:00+00:00,1306.943119,1333.440878,2.027460768168296,0,1.471841118825942,0.48380000000000006,500,0
2022-10-19 00:00:00+00:00,1333.440878,1311.806726,-1.6224305371865229,0,1.446820472401788,0.48480000000000006,500,0
2022-10-20 00:00:00+00:00,1311.806726,1284.654934,-2.0698012490599256,0,1.4448957413641301,0.4844,500,0
2022-10-21 00:00:00+00:00,1284.654934,1282.042647,-0.20334542225016855,0,1.4620873886882881,0.48260000000000003,500,0
2022-10-22 00:00:00+00:00,1282.042647,1299.801905,1.385231454004825,0,1.4533890772036415,0.489,500,0
2022-10-23 00:00:00+00:00,1299.801905,1313.767779,1.0744617273045145,0,1.4521757449491102,0.48880000000000007,500,0
2022-10-24 00:00:00+00:00,1313.767779,1364.486871,3.8605827308845915,0,1.4764888575247734,0.48560000000000003,500,0
2022-10-25 00:00:00+00:00,1364.486871,1343.334492,-1.5502075871567773,0,1.4372289650246766,0.48840000000000006,500,0
2022-10-26 00:00:00+00:00,1343.334492,1462.048938,8.83729605001462,0,1.4942965169825493,0.487,500,0
2022-10-27 00:00:00+00:00,1462.048938,1568.747586,7.2978848537011185,0,1.4977381129336578,0.48380000000000006,500,0
2022-10-28 00:00:00+00:00,1568.747586,1514.863525,-3.4348458273898483,0,1.429343514195853,0.4866000000000001,500,0
2022-10-29 00:00:00+00:00,1514.863525,1555.029214,2.6514394423748455,0,1.4626637940731175,0.4882,500,0
2022-10-30 00:00:00+00:00,1555.029214,1619.429584,4.141425088364937,0,1.4755819971850956,0.4864000000000001,500,0
2022-10-31 00:00:00+00:00,1619.429584,1591.051773,-1.7523337402486323,0,1.459404158985602,0.48000000000000004,500,0
2022-11-01 00:00:00+00:00,1591.051773,1572.979515,-1.135868631472869,0,1.4522455068183686,0.48400000000000004,500,0
2022-11-02 00:00:00+00:00,1572.979515,1580.378733,0.47039506423578686,0,1.4560252786944674,0.4862,500,0
2022-11-03 00:00:00+00:00,1580.378733,1520.638364,-3.7801298987740872,0,1.4279884238621734,0.4862000000000001,500,0
2022-11-04 00:00:00+00:00,1520.638364,1531.112631,0.6888072304349712,0,1.4607189510193546,0.48500000000000004,500,0
2022-11-05 00:00:00+00:00,1531.112631,1644.192858,7.38549370637384,0,1.4886944427277427,0.48700000000000004,500,0
2022-11-06 00:00:00+00:00,1644.192858,1626.80643,-1.0574445640853036,0,1.4482324137838574,0.48560000000000003,500,0
2022-11-07 00:00:00+00:00,1626.80643,1572.947777,-3.310698310923199,0,1.4248790543505643,0.48860000000000003,500,0
2022-11-08 00:00:00+00:00,1572.947777,1569.988636,-0.1881270976232827,0,1.4508892018362975,0.48660000000000003,500,0
2022-11-09 00:00:00+00:00,1569.988636,1334.287933,-15.012892297138894,0,1.3212725832541024,0.48940000000000006,500,0
2022-11-10 00:00:00+00:00,1334.287933,1095.183977,-17.91996690417496,0,1.29956051995844,0.4842,500,0
2022-11-11 00:00:00+00:00,1095.183977,1301.55388,18.84340050018829,0,1.5205036117467106,0.4872,500,0
2022-11-12 00:00:00+00:00,1301.55388,1293.911595,-0.5871662416311111,0,1.4534688885123654,0.48480000000000006,500,0
2022-11-13 00:00:00+00:00,1293.911595,1255.601051,-2.960831647853031,0,1.4267828840186205,0.48880000000000007,500,0
2022-11-14 00:00:00+00:00,1255.601051,1223.006443,-2.5959366610947594,0,1.4313723507485234,0.488,500,0
2022-11-15 00:00:00+00:00,1223.006443,1241.997093,1.5527841336155546,0,1.4640075778923047,0.4856000000000001,500,0
2022-11-16 00:00:00+00:00,1241.997093,1252.706731,0.8622917123043573,0,1.4651625339748586,0.48380000000000006,500,0
2022-11-17 00:00:00+00:00,1252.706731,1217.702089,-2.7943205806882587,0,1.4316668298508788,0.4874000000000001,500,0
2022-11-18 00:00:00+00:00,1217.702089,1201.789842,-1.3067438369155973,0,1.4393364458651623,0.4882,500,0
2022-11-19 00:00:00+00:00,1201.789842,1213.5,0.9743931585003439,0,1.4612763433953533,0.4854000000000001,500,0
2022-11-20 00:00:00+00:00,1213.5,1218.893657,0.4444711166048682,0,1.4615376168275216,0.4842,500,0
2022-11-21 00:00:00+00:00,1218.893657,1144.253153,-6.123627239451617,0,1.4175150322997676,0.48340000000000005,500,0
2022-11-22 00:00:00+00:00,1144.253153,1110.288213,-2.9683064373430716,0,1.4370583376688213,0.48500000000000004,500,0
2022-11-23 00:00:00+00:00,1110.288213,1135.175812,2.241544016103133,0,1.4770914516657456,0.4824000000000001,500,0
2022-11-24 00:00:00+00:00,1135.175812,1184.461758,4.341701565431168,0,1.4892833644543975,0.48200000000000004,500,0
2022-11-25 00:00:00+00:00,1184.461758,1204.207803,1.6670901248295174,0,1.4680947758420537,0.48440000000000005,500,0
2022-11-26 00:00:00+00:00,1204.207803,1198.975588,-0.434494361103222,0,1.4555665217255693,0.48440000000000005,500,0
2022-11-27 00:00:00+00:00,1198.975588,1205.65796,0.5573401215905313,0,1.4684487484355713,0.482,500,0
2022-11-28 00:00:00+00:00,1205.65796,1196.19622,-0.7847781306067904,0,1.4511048090368637,0.4852,500,0
2022-11-29 00:00:00+00:00,1196.19622,1170.115741,-2.180284351676012,0,1.4458392541249918,0.48380000000000006,500,0
2022-11-30 00:00:00+00:00,1170.115741,1216.936421,4.0013716899480665,0,1.4893096949037026,0.4814000000000001,500,0
2022-12-01 00:00:00+00:00,1216.936421,1298.94,6.738526153454647,0,1.495231071075413,0.48380000000000006,500,0
2022-12-02 00:00:00+00:00,1298.94,1276.639371,-1.716832879116824,0,1.4495354900385873,0.48360000000000003,500,0
2022-12-03 00:00:00+00:00,1276.639371,1293.948023,1.3557980736910815,0,1.4629212781855365,0.4856000000000001,500,0
2022-12-04 00:00:00+00:00,1293.948023,1243.040842,-3.9342523884361476,0,1.4265022978224093,0.48640000000000005,500,0
2022-12-05 00:00:00+00:00,1243.040842,1282.416448,3.167684010820284,0,1.48037737553278,0.4830000000000001,500,0
2022-12-06 00:00:00+00:00,1282.416448,1259.757575,-1.766888832043416,0,1.447574205023565,0.4842,500,0
2022-12-07 00:00:00+00:00,1259.757575,1271.935476,0.9666860705322624,0,1.4578030077855468,0.48660000000000003,500,0
2022-12-08 00:00:00+00:00,1271.935476,1233.625048,-3.0119788875202342,0,1.43409176744986,0.48600000000000004,500,0
2022-12-09 00:00:00+00:00,1233.625048,1281.210637,3.8573786319552577,0,1.4839666086624186,0.48300000000000004,500,0
2022-12-10 00:00:00+00:00,1281.210637,1264.477347,-1.3060530030551016,0,1.45283787053478,0.48340000000000005,500,0
2022-12-11 00:00:00+00:00,1264.477347,1264.792279,0.024906100591456374,0,1.4691645467050383,0.4806000000000001,500,0
2022-12-12 00:00:00+00:00,1264.792279,1264.317986,-0.037499675470424716,0,1.4552046580762485,0.48540000000000005,500,0
2022-12-13 00:00:00+00:00,1264.317986,1275.332421,0.8711760112538689,0,1.4629438486486612,0.48460000000000003,500,0
2022-12-14 00:00:00+00:00,1275.332421,1319.413008,3.4563997804929887,0,1.4732189905079927,0.48600000000000004,500,0
2022-12-15 00:00:00+00:00,1319.413008,1308.400152,-0.8346784466445138,0,1.4507891257575343,0.4852000000000001,500,0
2022-12-16 00:00:00+00:00,1308.400152,1263.746424,-3.4128494965200833,0,1.4376101833598887,0.48360000000000014,500,0
2022-12-17 00:00:00+00:00,1263.746424,1165.973777,-7.736729864724825,0,1.3969857625403033,0.4864000000000001,500,0
2022-12-18 00:00:00+00:00,1165.973777,1189.427522,2.011515650064232,0,1.4723552200167065,0.4836000000000001,500,0
2022-12-19 00:00:00+00:00,1189.427522,1186.777921,-0.22276271155594196,0,1.4495405465267686,0.48700000000000004,500,0
2022-12-20 00:00:00+00:00,1186.777921,1166.989591,-1.6673995740775234,0,1.436510389629381,0.48840000000000006,500,0
2022-12-21 00:00:00+00:00,1166.989591,1217.888892,4.361589974113138,0,1.4900161897670747,0.48180000000000006,500,0
2022-12-22 00:00:00+00:00,1217.888892,1213.343161,-0.37324677397582606,0,1.4446714929489781,0.48840000000000006,500,0
2022-12-23 00:00:00+00:00,1213.343161,1217.85255,0.37164992929811846,0,1.4622291750418723,0.48380000000000006,500,0
2022-12-24 00:00:00+00:00,1217.85255,1220.701745,0.2339523778966517,0,1.4562999600762414,0.48560000000000003,500,0
2022-12-25 00:00:00+00:00,1220.701745,1221.35953,0.053885808117680394,0,1.4670826242273234,0.4814000000000001,500,0
2022-12-26 00:00:00+00:00,1221.35953,1219.286343,-0.1697442030030225,0,1.4538250202245422,0.48560000000000003,500,0
2022-12-27 00:00:00+00:00,1219.286343,1226.253415,0.5714057276207773,0,1.4554892620816529,0.48660000000000003,500,0
2022-12-28 00:00:00+00:00,1226.253415,1211.819562,-1.177069341739611,0,1.4356805095587386,0.4898,500,0
2022-12-29 00:00:00+00:00,1211.819562,1188.728664,-1.905473283653753,0,1.4426567910909873,0.48560000000000003,500,0
2022-12-30 00:00:00+00:00,1188.728664,1201.543106,1.077995541630188,0,1.4647261390943376,0.48440000000000005,500,0
2022-12-31 00:00:00+00:00,1201.543106,1199.110497,-0.20245707273028823,0,1.4609664859517417,0.483,500,0
2023-01-01 00:00:00+00:00,1199.110497,1196.613065,-0.20827371674654685,0,1.4581090083076915,0.48400000000000004,500,0
2023-01-02 00:00:00+00:00,1196.613065,1200.66,0.33819913206447194,0,1.4620245509283376,0.48380000000000006,500,0
2023-01-03 00:00:00+00:00,1200.66,1214.378946,1.1426170606166575,0,1.4690842290417594,0.483,500,0
2023-01-04 00:00:00+00:00,1214.378946,1214.760969,0.031458302308206364,0,1.461850284120115,0.4832,500,0
2023-01-05 00:00:00+00:00,1214.760969,1256.436604,3.430768362133642,0,1.481735363280065,0.48300000000000004,500,0
2023-01-06 00:00:00+00:00,1256.436604,1250.792252,-0.4492349221624577,0,1.4622357201257319,0.48200000000000004,500,0
2023-01-07 00:00:00+00:00,1250.792252,1270.02861,1.5379338950366404,0,1.463935747902274,0.48560000000000003,500,0
2023-01-08 00:00:00+00:00,1270.02861,1264.836943,-0.4087834682716362,0,1.4641880526268407,0.4814000000000001,500,0
2023-01-09 00:00:00+00:00,1264.836943,1284.575404,1.5605538017559244,0,1.4623752917017188,0.4862,500,0
2023-01-10 00:00:00+00:00,1284.575404,1321.676571,2.8882046849466247,0,1.476003022148549,0.48400000000000004,500,0
2023-01-11 00:00:00+00:00,1321.676571,1336.017072,1.0850234705416544,0,1.457946742717917,0.48680000000000007,500,0
2023-01-12 00:00:00+00:00,1336.017072,1389.771662,4.02349574167717,0,1.4818986520210666,0.48400000000000004,500,0
2023-01-13 00:00:00+00:00,1389.771662,1417.134909,1.9689023562778616,0,1.468089751104675,0.48500000000000004,500,0
2023-01-14 00:00:00+00:00,1417.134909,1453.37691,2.5574136075424168,0,1.471333433765375,0.485,500,0
2023-01-15 00:00:00+00:00,1453.37691,1549.111474,6.587043136663021,0,1.48652938996993,0.48660000000000003,500,0
2023-01-16 00:00:00+00:00,1549.111474,1551.324517,0.14285886052380828,0,1.4546104698444842,0.48600000000000004,500,0
2023-01-17 00:00:00+00:00,1551.324517,1577.72589,1.7018601015250971,0,1.4677640318069496,0.48460000000000003,500,0
2023-01-18 00:00:00+00:00,1577.72589,1569.530833,-0.5194221031639347,0,1.444886705829128,0.488,500,0
2023-01-19 00:00:00+00:00,1569.530833,1516.555475,-3.3752352541391675,0,1.4342221938643693,0.48500000000000004,500,0
2023-01-20 00:00:00+00:00,1516.555475,1550.508888,2.238850708708838,0,1.4673104189879664,0.48580000000000007,500,0
2023-01-21 00:00:00+00:00,1550.508888,1661.334919,7.14771981365126,0,1.493497577661421,0.4850000000000001,500,0
2023-01-22 00:00:00+00:00,1661.334919,1625.909311,-2.1323579968645694,0,1.4489531199438848,0.48280000000000006,500,0
2023-01-23 00:00:00+00:00,1625.909311,1630.844855,0.30355592200678183,0,1.4521790061895783,0.4872,500,0
2023-01-24 00:00:00+00:00,1630.844855,1632.961727,0.12980216931794272,0,1.4590580909976547,0.48440000000000005,500,0
2023-01-25 00:00:00+00:00,1632.961727,1557.059761,-4.6481166548492,0,1.4250216605517316,0.485,500,0
2023-01-26 00:00:00+00:00,1557.059761,1614.677185,3.7003990112104654,0,1.4756780481493306,0.48560000000000003,500,0
2023-01-27 00:00:00+00:00,1614.677185,1602.846949,-0.7326688027737268,0,1.4553617917263009,0.48380000000000006,500,0
2023-01-28 00:00:00+00:00,1602.846949,1598.470194,-0.2730613177216088,0,1.4503617153358697,0.48660000000000003,500,0
2023-01-29 00:00:00+00:00,1598.470194,1573.063439,-1.5894418985957004,0,1.4487037196083041,0.4842,500,0
2023-01-30 00:00:00+00:00,1573.063439,1646.51599,4.6693953453456425,0,1.4851190311650615,0.484,500,0
2023-01-31 00:00:00+00:00,1646.51599,1568.65,-4.729136581297337,0,1.422925634945666,0.4856000000000001,500,0
2023-02-01 00:00:00+00:00,1568.65,1586.539577,1.140444139865484,0,1.465085783408138,0.4844000000000001,500,0
2023-02-02 00:00:00+00:00,1586.539577,1642.857168,3.549712330939223,0,1.4685734841869158,0.4878,500,0
2023-02-03 00:00:00+00:00,1642.857168,1648.679684,0.35441401196722605,0,1.4632688684907025,0.48340000000000005,500,0
2023-02-04 00:00:00+00:00,1648.679684,1665.427871,1.0158545145267979,0,1.4615106933524271,0.48540000000000005,500,0
2023-02-05 00:00:00+00:00,1665.427871,1667.271693,0.11071160943720139,0,1.4504489510339196,0.4874000000000001,500,0
2023-02-06 00:00:00+00:00,1667.271693,1631.372523,-2.1531685657905495,0,1.4439012158763458,0.4846000000000001,500,0
2023-02-07 00:00:00+00:00,1631.372523,1617.144163,-0.8721711196799449,0,1.456171168239733,0.4832,500,0
2023-02-08 00:00:00+00:00,1617.144163,1672.822678,3.4430149317491656,0,1.4847106724186192,0.48200000000000004,500,0
2023-02-09 00:00:00+00:00,1672.822678,1651.408379,-1.2801296444404149,0,1.4412057515436836,0.48760000000000003,500,0
2023-02-10 00:00:00+00:00,1651.408379,1546.383769,-6.359699474432662,0,1.404208318883671,0.48780000000000007,500,0
2023-02-11 00:00:00+00:00,1546.383769,1515.534027,-1.9949602820747214,0,1.4431869339942116,0.4852,500,0
2023-02-12 00:00:00+00:00,1515.534027,1541.968877,1.7442597479865163,0,1.4600049160906325,0.4874000000000001,500,0
2023-02-13 00:00:00+00:00,1541.968877,1515.334631,-1.7272881701619502,0,1.4494511915575472,0.48360000000000003,500,0
2023-02-14 00:00:00+00:00,1515.334631,1506.916201,-0.5555492382857014,0,1.4497358253991297,0.4862,500,0
2023-02-15 00:00:00+00:00,1506.916201,1556.963484,3.321172270016633,0,1.4719688711177847,0.4862,500,0
2023-02-16 00:00:00+00:00,1556.963484,1674.858207,7.5720930009942276,0,1.5034973670893597,0.4822000000000001,500,0
2023-02-17 00:00:00+00:00,1674.858207,1646.143502,-1.7144558793089577,0,1.4472983238309498,0.4844000000000001,500,0
2023-02-18 00:00:00+00:00,1646.143502,1697.084867,3.0945883477417597,0,1.4713652588211361,0.486,500,0
2023-02-19 00:00:00+00:00,1697.084867,1692.518963,-0.269043940511435,0,1.4678946454871424,0.4804000000000001,500,0
2023-02-20 00:00:00+00:00,1692.518963,1680.378686,-0.7172904567332739,0,1.4515235112596898,0.4852,500,0
2023-02-21 00:00:00+00:00,1680.378686,1700.198681,1.179495738974165,0,1.4732900190358191,0.48160000000000003,500,0
2023-02-22 00:00:00+00:00,1700.198681,1656.58237,-2.5653655356529472,0,1.4349044600119856,0.48680000000000007,500,0
2023-02-23 00:00:00+00:00,1656.58237,1643.173394,-0.8094361163580513,0,1.4492709639977814,0.48580000000000007,500,0
2023-02-24 00:00:00+00:00,1643.173394,1651.850007,0.5280400127997744,0,1.4711146024091117,0.48100000000000004,500,0
2023-02-25 00:00:00+00:00,1651.850007,1608.103494,-2.6483344622463685,0,1.4403691875724098,0.48460000000000003,500,0
2023-02-26 00:00:00+00:00,1608.103494,1593.951974,-0.8800130123963211,0,1.457242350666033,0.48280000000000006,500,0
2023-02-27 00:00:00+00:00,1593.951974,1640.58271,2.9254793595180075,0,1.4738699567015223,0.48480000000000006,500,0
2023-02-28 00:00:00+00:00,1640.58271,1633.976629,-0.4026667451590968,0,1.4456095138928227,0.488,500,0
2023-03-01 00:00:00+00:00,1633.976629,1606.632639,-1.673462735922649,0,1.4532051153676648,0.4824000000000001,500,0
2023-03-02 00:00:00+00:00,1606.632639,1663.925777,3.566038471349641,0,1.4836046555091156,0.48260000000000003,500,0
2023-03-03 00:00:00+00:00,1663.925777,1647.664667,-0.9772737597297236,0,1.4459503225771257,0.48660000000000003,500,0
2023-03-04 00:00:00+00:00,1647.664667,1570.668211,-4.673065918212112,0,1.415509977562619,0.4884,500,0
2023-03-05 00:00:00+00:00,1570.668211,1568.495601,-0.13832393020908026,0,1.453453405197565,0.48580000000000007,500,0
2023-03-06 00:00:00+00:00,1568.495601,1563.225662,-0.33598685241068915,0,1.4556159803845545,0.4846000000000001,500,0
2023-03-07 00:00:00+00:00,1563.225662,1567.350147,0.2638445043643385,0,1.4542090959270577,0.48640000000000005,500,0
2023-03-08 00:00:00+00:00,1567.350147,1563.813182,-0.2256652737596616,0,1.4647802862380963,0.48160000000000003,500,0
2023-03-09 00:00:00+00:00,1563.813182,1535.260252,-1.8258530065262013,0,1.4460225107416222,0.4846000000000001,500,0
2023-03-10 00:00:00+00:00,1535.260252,1440.167662,-6.193906855604568,0,1.4074474683207132,0.4872,500,0
2023-03-11 00:00:00+00:00,1440.167662,1429.603169,-0.7335599374123486,0,1.4519876449228382,0.485,500,0
2023-03-12 00:00:00+00:00,1429.603169,1474.4,3.1335150880600846,0,1.479018846836276,0.48340000000000005,500,0
2023-03-13 00:00:00+00:00,1474.4,1588.196802,7.718177021161139,0,1.4895188125338283,0.4872,500,0
2023-03-14 00:00:00+00:00,1588.196802,1678.915634,5.712064895594723,0,1.4865495800701605,0.4852,500,0
2023-03-15 00:00:00+00:00,1678.915634,1708.300897,1.7502525085188483,0,1.4651496136227316,0.48560000000000003,500,0
2023-03-16 00:00:00+00:00,1708.300897,1658.070109,-2.9403946393877045,0,1.4345765813612767,0.48600000000000004,500,0
2023-03-17 00:00:00+00:00,1658.070109,1679.792476,1.3100994271648183,0,1.4649523744576787,0.48480000000000006,500,0
2023-03-18 00:00:00+00:00,1679.792476,1793.298802,6.757163615251241,0,1.4882947134019933,0.4862,500,0
2023-03-19 00:00:00+00:00,1793.298802,1769.425327,-1.331260299364216,0,1.4482035283106194,0.48500000000000004,500,0
2023-03-20 00:00:00+00:00,1769.425327,1801.367419,1.8052240754435636,0,1.4666217209568129,0.4852,500,0
2023-03-21 00:00:00+00:00,1801.367419,1744.44146,-3.1601525818426004,0,1.4340357350844228,0.48560000000000003,500,0
2023-03-22 00:00:00+00:00,1744.44146,1811.411244,3.8390387717567713,0,1.4936634024426412,0.4796,500,0
2023-03-23 00:00:00+00:00,1811.411244,1747.640028,-3.520526672848668,0,1.438074280770779,0.4832,500,0
2023-03-24 00:00:00+00:00,1747.640028,1824.956658,4.4240592319507135,0,1.4862543180881707,0.4832,500,0
2023-03-25 00:00:00+00:00,1824.956658,1751.219408,-4.040493218113464,0,1.44204186409623,0.48040000000000005,500,0
2023-03-26 00:00:00+00:00,1751.219408,1753.982637,0.1577888520066092,0,1.467722213616608,0.48140000000000005,500,0
2023-03-27 00:00:00+00:00,1753.982637,1776.86769,1.304747978528591,0,1.463225180168464,0.48540000000000005,500,0
2023-03-28 00:00:00+00:00,1776.86769,1719.170973,-3.2471026022202047,0,1.4472984555014827,0.4806000000000001,500,0
2023-03-29 00:00:00+00:00,1719.170973,1776.043639,3.30814484965132,0,1.4874748487185743,0.48080000000000006,500,0
2023-03-30 00:00:00+00:00,1776.043639,1795.536948,1.0975692585445505,0,1.4682532344311163,0.4832,500,0
2023-03-31 00:00:00+00:00,1795.536948,1792.908578,-0.1463835095639538,0,1.4511428496147967,0.48660000000000003,500,0
2023-04-01 00:00:00+00:00,1792.908578,1824.020006,1.7352489904814286,0,1.4633573276321004,0.4862,500,0
2023-04-02 00:00:00+00:00,1824.020006,1823.00038,-0.05589993512384845,0,1.453395356762103,0.486,500,0
2023-04-03 00:00:00+00:00,1823.00038,1797.736988,-1.385813863626284,0,1.4572673167464631,0.48160000000000003,500,0
2023-04-04 00:00:00+00:00,1797.736988,1810.466255,0.7080717082069591,0,1.45629115131599,0.48660000000000003,500,0
2023-04-05 00:00:00+00:00,1810.466255,1871.333526,3.36196661119209,0,1.4802423953517796,0.48340000000000005,500,0
2023-04-06 00:00:00+00:00,1871.333526,1911.33869,2.137789092333087,0,1.467344645999798,0.48560000000000003,500,0
2023-04-07 00:00:00+00:00,1911.33869,1872.246682,-2.0452684918966444,0,1.4378728806511076,0.48700000000000004,500,0
2023-04-08 00:00:00+00:00,1872.246682,1866.657545,-0.29852567259082674,0,1.4541600273699,0.4852,500,0
2023-04-09 00:00:00+00:00,1866.657545,1851.050671,-0.836086621341145,0,1.457526419100796,0.48280000000000006,500,0
2023-04-10 00:00:00+00:00,1851.050671,1859.940387,0.4802524392915517,0,1.4589098855756095,0.4852,500,0
2023-04-11 00:00:00+00:00,1859.940387,1909.882061,2.6851222947286817,0,1.4651449902049178,0.48740000000000006,500,0
2023-04-12 00:00:00+00:00,1909.882061,1892.938911,-0.8871306949251491,0,1.4560572223394137,0.4832,500,0
2023-04-13 00:00:00+00:00,1892.938911,1920.223031,1.441362943170015,0,1.4388615489274184,0.49420000000000003,500,0
2023-04-14 00:00:00+00:00,1920.223031,2012.785415,4.820397553079867,0,1.488180082594595,0.4832,500,0
2023-04-15 00:00:00+00:00,2012.785415,2102.946188,4.479403135977107,0,1.4836450518826505,0.4842,500,0
2023-04-16 00:00:00+00:00,2102.946188,2093.166331,-0.4650550287880212,0,1.4621393012761468,0.48200000000000004,500,0
2023-04-17 00:00:00+00:00,2093.166331,2118.598789,1.2150232699304881,0,1.4598000573833543,0.4864000000000001,500,0
2023-04-18 00:00:00+00:00,2118.598789,2077.535665,-1.9382208756657722,0,1.4480866166429065,0.48360000000000003,500,0
2023-04-19 00:00:00+00:00,2077.535665,2103.278814,1.2391194737925186,0,1.4622141543929146,0.48560000000000003,500,0
2023-04-20 00:00:00+00:00,2103.278814,1936.425921,-7.932989762906431,0,1.3942981865442632,0.48680000000000007,500,0
2023-04-21 00:00:00+00:00,1936.425921,1943.435598,0.36199045488815323,0,1.4689673134062153,0.48140000000000005,500,0
2023-04-22 00:00:00+00:00,1943.435598,1850.149738,-4.8000489491908525,0,1.425925935242318,0.4842,500,0
2023-04-23 00:00:00+00:00,1850.149738,1877.541328,1.4805066550780956,0,1.4739091900728771,0.48200000000000004,500,0
2023-04-24 00:00:00+00:00,1877.541328,1863.639142,-0.7404463375945475,0,1.4508064780441605,0.48540000000000005,500,0
2023-04-25 00:00:00+00:00,1863.639142,1842.630792,-1.127275636497662,0,1.447236623558072,0.48580000000000007,500,0
2023-04-26 00:00:00+00:00,1842.630792,1870.565223,1.5160080424836475,0,1.4609612258713958,0.48660000000000003,500,0
2023-04-27 00:00:00+00:00,1870.565223,1867.589325,-0.15909084395503822,0,1.4640591367770883,0.48200000000000004,500,0
2023-04-28 00:00:00+00:00,1867.589325,1910.456779,2.2953362083497764,0,1.472813428625439,0.484,500,0
2023-04-29 00:00:00+00:00,1910.456779,1894.428084,-0.8389980436191902,0,1.4518659248904575,0.48480000000000006,500,0
2023-04-30 00:00:00+00:00,1894.428084,1905.273852,0.572508826890899,0,1.4594575268893726,0.4852,500,0
2023-05-01 00:00:00+00:00,1905.273852,1885.391935,-1.0435201731829535,0,1.4612025457865117,0.48100000000000004,500,0
2023-05-02 00:00:00+00:00,1885.391935,1832.725799,-2.7933786616096903,0,1.4504775146880862,0.4806000000000001,500,0
2023-05-03 00:00:00+00:00,1832.725799,1870.828573,2.079022078523158,0,1.47902198771659,0.48140000000000005,500,0
2023-05-04 00:00:00+00:00,1870.828573,1903.728211,1.7585597352323579,0,1.4732173665796695,0.4828,500,0
2023-05-05 00:00:00+00:00,1903.728211,1877.401195,-1.3829188351508956,0,1.444984366427651,0.486,500,0
2023-05-06 00:00:00+00:00,1877.401195,1993.612966,6.190033931452782,0,1.4946542771570064,0.4832,500,0
2023-05-07 00:00:00+00:00,1993.612966,1900.410599,-4.675048195889386,0,1.4231669317357631,0.48560000000000003,500,0
2023-05-08 00:00:00+00:00,1900.410599,1895.230148,-0.2725964064147986,0,1.4565713509700897,0.4844000000000001,500,0
2023-05-09 00:00:00+00:00,1895.230148,1849.28863,-2.4240601094532654,0,1.4552966200943092,0.47980000000000006,500,0
2023-05-10 00:00:00+00:00,1849.28863,1846.064264,-0.1743570985995798,0,1.4571871994078693,0.4844000000000001,500,0
2023-05-11 00:00:00+00:00,1846.064264,1842.865559,-0.1732715952731328,0,1.4532380728223715,0.48580000000000007,500,0
2023-05-12 00:00:00+00:00,1842.865559,1798.071946,-2.430650070008718,0,1.438567108112722,0.48580000000000007,500,0
2023-05-13 00:00:00+00:00,1798.071946,1808.695,0.5908024995124367,0,1.4561539430418675,0.48640000000000005,500,0
2023-05-14 00:00:00+00:00,1808.695,1797.19947,-0.6355703974412444,0,1.4368387427327889,0.49060000000000004,500,0
2023-05-15 00:00:00+00:00,1797.19947,1799.008659,0.10066712294323457,0,1.4605785958855735,0.4838,500,0
2023-05-16 00:00:00+00:00,1799.008659,1820.04476,1.169316272868474,0,1.4538609086348784,0.4884000000000001,500,0
2023-05-17 00:00:00+00:00,1820.04476,1823.663018,0.19880049543396774,0,1.467978061771324,0.48140000000000005,500,0
2023-05-18 00:00:00+00:00,1823.663018,1821.050635,-0.14324921732880744,0,1.4624683252218047,0.48260000000000003,500,0
2023-05-19 00:00:00+00:00,1821.050635,1802.390955,-1.0246656321008878,0,1.4512249992059931,0.48460000000000003,500,0
2023-05-20 00:00:00+00:00,1802.390955,1812.131704,0.5404348580965789,0,1.4507565156363078,0.4882,500,0
2023-05-21 00:00:00+00:00,1812.131704,1818.96953,0.3773360393677091,0,1.4645336076380768,0.48300000000000004,500,0
2023-05-22 00:00:00+00:00,1818.96953,1804.929067,-0.7718910497637663,0,1.4511921137398738,0.4852,500,0
2023-05-23 00:00:00+00:00,1804.929067,1818.401464,0.7464225185531904,0,1.4769801843129078,0.4794000000000001,500,0
2023-05-24 00:00:00+00:00,1818.401464,1854.193118,1.968303188739617,0,1.4589536524024793,0.4882,500,0
2023-05-25 00:00:00+00:00,1854.193118,1800.73601,-2.883038852914124,0,1.431666522115135,0.4872,500,0
2023-05-26 00:00:00+00:00,1800.73601,1805.80576,0.2815376585932707,0,1.455447744146537,0.486,500,0
2023-05-27 00:00:00+00:00,1805.80576,1828.956537,1.2820192244818216,0,1.4778631541742162,0.48020000000000007,500,0
2023-05-28 00:00:00+00:00,1828.956537,1830.306651,0.0738188126774538,0,1.4592829069529953,0.4842,500,0
2023-05-29 00:00:00+00:00,1830.306651,1913.816249,4.5626014610379,0,1.482874628904991,0.4846000000000001,500,0
2023-05-30 00:00:00+00:00,1913.816249,1893.714274,-1.050360765329673,0,1.4527768317441083,0.48400000000000004,500,0
2023-05-31 00:00:00+00:00,1893.714274,1901.07831,0.38886732286415504,0,1.460069344235678,0.48460000000000003,500,0
2023-06-01 00:00:00+00:00,1901.07831,1874.694885,-1.38781368769601,0,1.4438218429883969,0.4864000000000001,500,0
2023-06-02 00:00:00+00:00,1874.694885,1861.725387,-0.691819138344753,0,1.4556240333141546,0.48380000000000006,500,0
2023-06-03 00:00:00+00:00,1861.725387,1907.212322,2.4432676976757652,0,1.4672552808986288,0.4862,500,0
2023-06-04 00:00:00+00:00,1907.212322,1892.078176,-0.7935218237332728,0,1.4555528098365598,0.48360000000000003,500,0
2023-06-05 00:00:00+00:00,1892.078176,1893.17828,0.05814262930328843,0,1.4529601230891052,0.48640000000000005,500,0
2023-06-06 00:00:00+00:00,1893.17828,1813.681655,-4.199109288323337,0,1.4259615991399508,0.48580000000000007,500,0
2023-06-07 00:00:00+00:00,1813.681655,1883.242585,3.8353439705492236,0,1.4792316865693058,0.4846000000000001,500,0
2023-06-08 00:00:00+00:00,1883.242585,1832.320403,-2.703962962902096,0,1.4394118308779453,0.48480000000000006,500,0
2023-06-09 00:00:00+00:00,1832.320403,1846.030002,0.7482097005280155,0,1.4513977845514232,0.4884000000000001,500,0
2023-06-10 00:00:00+00:00,1846.030002,1839.208013,-0.36954919435811157,0,1.451456592542922,0.48600000000000004,500,0
2023-06-11 00:00:00+00:00,1839.208013,1754.673228,-4.596260151243689,0,1.4280920831230957,0.48400000000000004,500,0
2023-06-12 00:00:00+00:00,1754.673228,1751.724597,-0.16804445140825985,0,1.4527080780031314,0.48600000000000004,500,0
2023-06-13 00:00:00+00:00,1751.724597,1742.596053,-0.5211175327236626,0,1.443180442003624,0.48860000000000003,500,0
2023-06-14 00:00:00+00:00,1742.596053,1736.789437,-0.33321640950601167,0,1.4528092710348455,0.48560000000000003,500,0
2023-06-15 00:00:00+00:00,1736.789437,1650.676668,-4.9581582640636395,0,1.4254740745748053,0.48380000000000006,500,0
2023-06-16 00:00:00+00:00,1650.676668,1664.977462,0.8663594922758063,0,1.46177013306397,0.4850000000000001,500,0
2023-06-17 00:00:00+00:00,1664.977462,1716.377281,3.0871180044838336,0,1.4684526669618128,0.48700000000000004,500,0
2023-06-18 00:00:00+00:00,1716.377281,1726.37281,0.5823619964356795,0,1.4708830415570393,0.48120000000000007,500,0
2023-06-19 00:00:00+00:00,1726.37281,1719.273162,-0.41124651401339646,0,1.440474913967876,0.48980000000000007,500,0
2023-06-20 00:00:00+00:00,1719.273162,1734.793103,0.9027036158667158,0,1.4591554705664884,0.486,500,0
2023-06-21 00:00:00+00:00,1734.793103,1790.190441,3.1933109432012765,0,1.4672889054471177,0.48760000000000003,500,0
2023-06-22 00:00:00+00:00,1790.190441,1892.899572,5.737329875509042,0,1.4739392795505182,0.48960000000000004,500,0
2023-06-23 00:00:00+00:00,1892.899572,1874.177947,-0.9890448113007514,0,1.4514897339215018,0.48460000000000003,500,0
2023-06-24 00:00:00+00:00,1874.177947,1891.345008,0.9159781773912903,0,1.4563835277258246,0.4870000000000001,500,0
2023-06-25 00:00:00+00:00,1891.345008,1875.059962,-0.8610298983589759,0,1.4556843055856517,0.4834000000000001,500,0
2023-06-26 00:00:00+00:00,1875.059962,1899.147312,1.2846175849388657,0,1.4716400845369266,0.4824000000000001,500,0
2023-06-27 00:00:00+00:00,1899.147312,1859.80242,-2.0717135396182513,0,1.443867284322926,0.48480000000000006,500,0
2023-06-28 00:00:00+00:00,1859.80242,1890.012904,1.624392122255651,0,1.469010734397582,0.484,500,0
2023-06-29 00:00:00+00:00,1890.012904,1828.458336,-3.256833213663605,0,1.4503559234507106,0.47940000000000005,500,0
2023-06-30 00:00:00+00:00,1828.458336,1853.445246,1.36655615870703,0,1.4664078497648287,0.48440000000000005,500,0
2023-07-01 00:00:00+00:00,1853.445246,1934.045714,4.348683521887006,0,1.4707915596160714,0.4884000000000001,500,0
2023-07-02 00:00:00+00:00,1934.045714,1924.567241,-0.49008526175923267,0,1.4563509019401681,0.484,500,0
2023-07-03 00:00:00+00:00,1924.567241,1933.959881,0.48803906664854374,0,1.4583951459027578,0.4854000000000001,500,0
2023-07-04 00:00:00+00:00,1933.959881,1953.781128,1.0249047663672857,0,1.450154032660092,0.48940000000000006,500,0
2023-07-05 00:00:00+00:00,1953.781128,1937.000426,-0.8588834112231233,0,1.436584055685525,0.4902,500,0
2023-07-06 00:00:00+00:00,1937.000426,1910.505261,-1.3678450786257104,0,1.4462253446233972,0.48560000000000003,500,0
2023-07-07 00:00:00+00:00,1910.505261,1855.474784,-2.880414837025671,0,1.4371384753322338,0.4852,500,0
2023-07-08 00:00:00+00:00,1855.474784,1869.317187,0.7460302408507484,0,1.4542337095550666,0.4874000000000001,500,0
2023-07-09 00:00:00+00:00,1869.317187,1864.868592,-0.23797967680056795,0,1.4618816203498928,0.48260000000000003,500,0
2023-07-10 00:00:00+00:00,1864.868592,1866.916742,0.10982811382991418,0,1.4532754351570198,0.4864000000000001,500,0
2023-07-11 00:00:00+00:00,1866.916742,1875.274273,0.44766490181273866,0,1.4683657502731384,0.48180000000000006,500,0
2023-07-12 00:00:00+00:00,1875.274273,1875.865872,0.03154733195660321,0,1.4454441808156961,0.489,500,0
2023-07-13 00:00:00+00:00,1875.865872,1873.506815,-0.12575829835237393,0,1.4484453478015913,0.48760000000000003,500,0
2023-07-14 00:00:00+00:00,1873.506815,2003.253616,6.925344490940644,0,1.500733504809933,0.4822000000000001,500,0
2023-07-15 00:00:00+00:00,2003.253616,1935.940241,-3.3602023459420005,0,1.4327347022993695,0.48560000000000003,500,0
2023-07-16 00:00:00+00:00,1935.940241,1931.389384,-0.23507218371829644,0,1.4551159476769189,0.48500000000000004,500,0
2023-07-17 00:00:00+00:00,1931.389384,1923.03599,-0.4325069853443898,0,1.4550170569607306,0.4846000000000001,500,0
2023-07-18 00:00:00+00:00,1923.03599,1912.122836,-0.5674960872677207,0,1.4417769652365884,0.489,500,0
2023-07-19 00:00:00+00:00,1912.122836,1897.199113,-0.7804793038934299,0,1.4471772429190661,0.48660000000000003,500,0
2023-07-20 00:00:00+00:00,1897.199113,1889.223806,-0.4203726928476553,0,1.452281269902147,0.48560000000000003,500,0
2023-07-21 00:00:00+00:00,1889.223806,1891.014505,0.09478490554232046,0,1.4486560393772807,0.488,500,0
2023-07-22 00:00:00+00:00,1891.014505,1891.472403,0.024214409714423974,0,1.456148682113417,0.4852,500,0
2023-07-23 00:00:00+00:00,1891.472403,1858.311196,-1.753195391452924,0,1.4481432619628256,0.484,500,0
2023-07-24 00:00:00+00:00,1858.311196,1887.826981,1.5883122839453538,0,1.4619425968915587,0.48640000000000005,500,0
2023-07-25 00:00:00+00:00,1887.826981,1850.431151,-1.980892866579913,0,1.4405123868967085,0.4862,500,0
2023-07-26 00:00:00+00:00,1850.431151,1857.596593,0.3872309432386974,0,1.447014100712181,0.4892,500,0
2023-07-27 00:00:00+00:00,1857.596593,1871.533106,0.7502443239031127,0,1.4616670275919095,0.48480000000000006,500,0
2023-07-28 00:00:00+00:00,1871.533106,1858.78,-0.6814256162028114,0,1.4478260611043077,0.48660000000000003,500,0
2023-07-29 00:00:00+00:00,1858.78,1874.693995,0.8561526915503779,0,1.456608357068346,0.4868,500,0
2023-07-30 00:00:00+00:00,1874.693995,1880.918077,0.33200522413792405,0,1.4648295684222867,0.48280000000000006,500,0
2023-07-31 00:00:00+00:00,1880.918077,1861.86991,-1.0127058287610975,0,1.4552441471655757,0.4832,500,0
2023-08-01 00:00:00+00:00,1861.86991,1857.276196,-0.24672583059252856,0,1.45561179858063,0.48480000000000006,500,0
2023-08-02 00:00:00+00:00,1857.276196,1869.745109,0.6713548058632379,0,1.4583418737125469,0.48580000000000007,500,0
2023-08-03 00:00:00+00:00,1869.745109,1838.011952,-1.6971916036711447,0,1.4491068226308461,0.48380000000000006,500,0
2023-08-04 00:00:00+00:00,1838.011952,1835.701303,-0.12571457968408314,0,1.4512684389186483,0.48660000000000003,500,0
2023-08-05 00:00:00+00:00,1835.701303,1828.461194,-0.3944056142558654,0,1.4569483315163487,0.4840000000000001,500,0
2023-08-06 00:00:00+00:00,1828.461194,1835.070578,0.3614724786989431,0,1.4530912714719253,0.48700000000000004,500,0
2023-08-07 00:00:00+00:00,1835.070578,1826.706779,-0.4557753309475147,0,1.4667163419333658,0.4804000000000001,500,0
2023-08-08 00:00:00+00:00,1826.706779,1826.933486,0.01241069462302607,0,1.4651273205327233,0.482,500,0
2023-08-09 00:00:00+00:00,1826.933486,1856.844145,1.6372056908042314,0,1.4668157646856188,0.4848,500,0
2023-08-10 00:00:00+00:00,1856.844145,1855.890727,-0.05134615107936568,0,1.4551201521499952,0.4854000000000001,500,0
2023-08-11 00:00:00+00:00,1855.890727,1850.876989,-0.2701526510725367,0,1.4594130504046552,0.4834000000000001,500,0
2023-08-12 00:00:00+00:00,1850.876989,1847.541835,-0.1801931743612002,0,1.452632362008821,0.48600000000000004,500,0
2023-08-13 00:00:00+00:00,1847.541835,1848.505239,0.05214517916451307,0,1.4585833274999034,0.4844000000000001,500,0
2023-08-14 00:00:00+00:00,1848.505239,1839.51281,-0.4864703009911312,0,1.4574895345902101,0.48360000000000003,500,0
2023-08-15 00:00:00+00:00,1839.51281,1843.513391,0.2174804642975012,0,1.4601549910364242,0.4842,500,0
2023-08-16 00:00:00+00:00,1843.513391,1826.913128,-0.9004688048940807,0,1.4565393574988652,0.48300000000000004,500,0
2023-08-17 00:00:00+00:00,1826.913128,1809.460474,-0.9553083686637092,0,1.4500082050232561,0.4852,500,0
2023-08-18 00:00:00+00:00,1809.460474,1675.862171,-7.383322538384444,0,1.399815533001896,0.48640000000000005,500,0
2023-08-19 00:00:00+00:00,1675.862171,1660.67911,-0.9059850662384784,0,1.4548179439877331,0.48360000000000003,500,0
2023-08-20 00:00:00+00:00,1660.67911,1669.233455,0.5151112546962797,0,1.453450080503789,0.4872,500,0
2023-08-21 00:00:00+00:00,1669.233455,1682.461825,0.7924817202995754,0,1.4584955300177975,0.486,500,0
2023-08-22 00:00:00+00:00,1682.461825,1666.840465,-0.9284822851775608,0,1.4383927638863279,0.4894,500,0
2023-08-23 00:00:00+00:00,1666.840465,1635.191294,-1.8987522600130795,0,1.4494553586175518,0.4832,500,0
2023-08-24 00:00:00+00:00,1635.191294,1679.123993,2.6867008869972593,0,1.4571049697504572,0.4902,500,0
2023-08-25 00:00:00+00:00,1679.123993,1658.399654,-1.2342351777710483,0,1.4442842225595205,0.48660000000000003,500,0
2023-08-26 00:00:00+00:00,1658.399654,1653.42932,-0.29970664718916384,0,1.4377830569689405,0.491,500,0
2023-08-27 00:00:00+00:00,1653.42932,1645.905,-0.45507358004271925,0,1.4560052471106215,0.4842,500,0
2023-08-28 00:00:00+00:00,1645.905,1656.931058,0.6699085305652466,0,1.4583384427198753,0.48580000000000007,500,0
2023-08-29 00:00:00+00:00,1656.931058,1653.198566,-0.2252653773359269,0,1.4512224047270317,0.4864000000000001,500,0
2023-08-30 00:00:00+00:00,1653.198566,1730.190258,4.6571351792474305,0,1.4815829984197362,0.4852,500,0
2023-08-31 00:00:00+00:00,1730.190258,1705.108103,-1.4496761199542054,0,1.450204233244289,0.484,500,0
2023-09-01 00:00:00+00:00,1705.108103,1645.181525,-3.5145324741911725,0,1.4382124105198437,0.4832,500,0
2023-09-02 00:00:00+00:00,1645.181525,1630.60589,-0.8859590737259173,0,1.4470787536038496,0.48640000000000005,500,0
2023-09-03 00:00:00+00:00,1630.60589,1636.162199,0.3407511915708863,0,1.456936326603052,0.48560000000000003,500,0
2023-09-04 00:00:00+00:00,1636.162199,1635.403043,-0.04639857836002208,0,1.468156371126624,0.48080000000000006,500,0
2023-09-05 00:00:00+00:00,1635.403043,1630.627547,-0.292007283491399,0,1.4553220973357033,0.48480000000000006,500,0
2023-09-06 00:00:00+00:00,1630.627547,1633.077004,0.15021560285219066,0,1.458050726201329,0.48480000000000006,500,0
2023-09-07 00:00:00+00:00,1633.077004,1632.902416,-0.010690738989799971,0,1.4581972156393421,0.4844000000000001,500,0
2023-09-08 00:00:00+00:00,1632.902416,1646.305083,0.8207879949636908,0,1.4649150153164956,0.4838,500,0
2023-09-09 00:00:00+00:00,1646.305083,1636.354259,-0.6044337773571712,0,1.4544966838622468,0.48440000000000005,500,0
2023-09-10 00:00:00+00:00,1636.354259,1634.445946,-0.11661979608047131,0,1.4581094885434696,0.4842,500,0
2023-09-11 00:00:00+00:00,1634.445946,1617.48618,-1.037646184721238,0,1.4478120297270247,0.48580000000000007,500,0
2023-09-12 00:00:00+00:00,1617.48618,1549.893423,-4.178876941007317,0,1.4268215216193403,0.48560000000000003,500,0
2023-09-13 00:00:00+00:00,1549.893423,1594.974501,2.908656642515473,0,1.4709474203464776,0.48580000000000007,500,0
2023-09-14 00:00:00+00:00,1594.974501,1607.736697,0.8001504721234494,0,1.4625225015573438,0.48460000000000003,500,0
2023-09-15 00:00:00+00:00,1607.736697,1626.436341,1.1631036372369394,0,1.4618077335830295,0.48560000000000003,500,0
2023-09-16 00:00:00+00:00,1626.436341,1641.934758,0.9529064623870216,0,1.4605875519761689,0.48560000000000003,500,0
2023-09-17 00:00:00+00:00,1641.934758,1634.419885,-0.4576840196229087,0,1.455992965741041,0.4842,500,0
2023-09-18 00:00:00+00:00,1634.419885,1622.48,-0.7305273944338975,0,1.4463728599023142,0.4870000000000001,500,0
2023-09-19 00:00:00+00:00,1622.48,1636.634609,0.8724057615502154,0,1.4544133381854845,0.48760000000000003,500,0
2023-09-20 00:00:00+00:00,1636.634609,1643.7,0.4317024069481895,0,1.4586174427244172,0.4852,500,0
2023-09-21 00:00:00+00:00,1643.7,1621.532955,-1.3486064975360554,0,1.439072521924858,0.4882,500,0
2023-09-22 00:00:00+00:00,1621.532955,1583.824247,-2.325497479636477,0,1.4337179783266438,0.48780000000000007,500,0
2023-09-23 00:00:00+00:00,1583.824247,1593.47,0.6090166265777602,0,1.4642356875734779,0.48360000000000003,500,0
2023-09-24 00:00:00+00:00,1593.47,1593.179974,-0.018200907453552646,0,1.4621097883602256,0.483,500,0
2023-09-25 00:00:00+00:00,1593.179974,1580.477795,-0.7972846261749388,0,1.451575868287514,0.485,500,0
2023-09-26 00:00:00+00:00,1580.477795,1588.471183,0.5057576908253935,0,1.4567926521821009,0.48600000000000004,500,0
2023-09-27 00:00:00+00:00,1588.471183,1592.486126,0.252755167545265,0,1.4643390739574251,0.48280000000000006,500,0
2023-09-28 00:00:00+00:00,1592.486126,1597.41681,0.30962178693416936,0,1.4590194746927345,0.48480000000000006,500,0
2023-09-29 00:00:00+00:00,1597.41681,1652.196397,3.429260707479346,0,1.4725294180105075,0.4862,500,0
2023-09-30 00:00:00+00:00,1652.196397,1667.988849,0.9558459290115581,0,1.4588651571245124,0.4862,500,0
2023-10-01 00:00:00+00:00,1667.988849,1670.998956,0.1804632568020144,0,1.4667297467545186,0.48180000000000006,500,0
2023-10-02 00:00:00+00:00,1670.998956,1733.818035,3.759372725784043,0,1.4678983667547887,0.48840000000000006,500,0
2023-10-03 00:00:00+00:00,1733.818035,1665.276425,-3.9532181933959403,0,1.4335721715445446,0.48380000000000006,500,0
2023-10-04 00:00:00+00:00,1665.276425,1656.322003,-0.5377138513205111,0,1.4481551396151013,0.48680000000000007,500,0
2023-10-05 00:00:00+00:00,1656.322003,1648.193373,-0.49076387231933244,0,1.4557772910063287,0.4842,500,0
2023-10-06 00:00:00+00:00,1648.193373,1612.994889,-2.135579755179613,0,1.4445043180329533,0.48440000000000005,500,0
2023-10-07 00:00:00+00:00,1612.994889,1646.393402,2.070590131919498,0,1.472650690392433,0.48360000000000003,500,0
2023-10-08 00:00:00+00:00,1646.393402,1635.082855,-0.686989329904993,0,1.4449735641636066,0.48760000000000003,500,0
2023-10-09 00:00:00+00:00,1635.082855,1634.221655,-0.05267011377231115,0,1.4602004814783853,0.4836000000000001,500,0
2023-10-10 00:00:00+00:00,1634.221655,1580.17776,-3.3070113123669276,0,1.436911916296961,0.4842,500,0
2023-10-11 00:00:00+00:00,1580.17776,1567.458226,-0.8049432362597021,0,1.4464913193405886,0.48680000000000007,500,0
2023-10-12 00:00:00+00:00,1567.458226,1564.916203,-0.16217484828842718,0,1.4459579452473035,0.4884,500,0
2023-10-13 00:00:00+00:00,1564.916203,1536.812805,-1.7958404383649909,0,1.4467565146886767,0.4844000000000001,500,0
2023-10-14 00:00:00+00:00,1536.812805,1550.966873,0.9210014358254942,0,1.4666502263071866,0.48340000000000005,500,0
2023-10-15 00:00:00+00:00,1550.966873,1555.456208,0.289453957924734,0,1.4651318511736893,0.48260000000000003,500,0
2023-10-16 00:00:00+00:00,1555.456208,1557.760809,0.14816238400972376,0,1.4586026485890458,0.48460000000000003,500,0
2023-10-17 00:00:00+00:00,1557.760809,1601.23219,2.790632602184039,0,1.477194366772787,0.4834000000000001,500,0
2023-10-18 00:00:00+00:00,1601.23219,1565.060588,-2.258985437958245,0,1.4475724451752359,0.48300000000000004,500,0
2023-10-19 00:00:00+00:00,1565.060588,1564.071187,-0.06321806373415899,0,1.4584372225558189,0.4842,500,0
2023-10-20 00:00:00+00:00,1564.071187,1568.374683,0.27514706720314996,0,1.4497429575823657,0.488,500,0
2023-10-21 00:00:00+00:00,1568.374683,1603.909936,2.2657374787527105,0,1.469184643706225,0.4852,500,0
2023-10-22 00:00:00+00:00,1603.909936,1629.295529,1.582731824912142,0,1.456803096656364,0.4882,500,0
2023-10-23 00:00:00+00:00,1629.295529,1664.570638,2.1650528324748097,0,1.46575778587255,0.4862,500,0
2023-10-24 00:00:00+00:00,1664.570638,1764.930309,6.029162638635956,0,1.4845686514595873,0.48640000000000005,500,0
2023-10-25 00:00:00+00:00,1764.930309,1784.773411,1.1242994637699213,0,1.466143076905426,0.484,500,0
2023-10-26 00:00:00+00:00,1784.773411,1785.555149,0.043800405988910836,0,1.4585315629326108,0.4844000000000001,500,0
2023-10-27 00:00:00+00:00,1785.555149,1804.161769,1.0420635851220086,0,1.45881759954465,0.4864000000000001,500,0
2023-10-28 00:00:00+00:00,1804.161769,1780.570412,-1.3076076328275203,0,1.4415687929515142,0.4874000000000001,500,0
2023-10-29 00:00:00+00:00,1780.570412,1776.353566,-0.2368255684572182,0,1.452848370135776,0.48580000000000007,500,0
2023-10-30 00:00:00+00:00,1776.353566,1798.165414,1.2279001442891835,0,1.4513519792054288,0.48940000000000006,500,0
2023-10-31 00:00:00+00:00,1798.165414,1809.639301,0.638088515698694,0,1.4666650935268686,0.48280000000000006,500,0
2023-11-01 00:00:00+00:00,1809.639301,1816.803149,0.3958715969553396,0,1.460112187479841,0.48460000000000003,500,0
2023-11-02 00:00:00+00:00,1816.803149,1846.482231,1.633588207744783,0,1.4576241734091866,0.48800000000000004,500,0
2023-11-03 00:00:00+00:00,1846.482231,1800.90718,-2.468209562748835,0,1.444467466133215,0.4836000000000001,500,0
2023-11-04 00:00:00+00:00,1800.90718,1834.173057,1.847173322947163,0,1.4811505591995278,0.48020000000000007,500,0
2023-11-05 00:00:00+00:00,1834.173057,1855.454385,1.1602682701493872,0,1.4589315569690084,0.48660000000000003,500,0
2023-11-06 00:00:00+00:00,1855.454385,1895.938066,2.181874225919056,0,1.4658276331881097,0.4862,500,0
2023-11-07 00:00:00+00:00,1895.938066,1898.518226,0.13608883361066385,0,1.4562642724275305,0.48540000000000005,500,0
2023-11-08 00:00:00+00:00,1898.518226,1887.315322,-0.5900867237710674,0,1.4455850872624891,0.48760000000000003,500,0
2023-11-09 00:00:00+00:00,1887.315322,1891.491779,0.22129089672065025,0,1.4630117417512871,0.4832,500,0
2023-11-10 00:00:00+00:00,1891.491779,2128.609504,12.536016684426734,0,1.5100800134522037,0.4860000000000001,500,0
2023-11-11 00:00:00+00:00,2128.609504,2078.853466,-2.3374901740549583,0,1.439707763148744,0.48560000000000003,500,0
2023-11-12 00:00:00+00:00,2078.853466,2052.994586,-1.2439010455968438,0,1.4503871978658536,0.48440000000000005,500,0
2023-11-13 00:00:00+00:00,2052.994586,2046.08708,-0.3364600202603645,0,1.4556179575163173,0.48460000000000003,500,0
2023-11-14 00:00:00+00:00,2046.08708,2060.532856,0.7060196089014841,0,1.4602613262146702,0.4852,500,0
2023-11-15 00:00:00+00:00,2060.532856,1980.515431,-3.883336524676109,0,1.435571169307916,0.4832,500,0
2023-11-16 00:00:00+00:00,1980.515431,2061.635532,4.095908556442838,0,1.479405011250627,0.48500000000000004,500,0
2023-11-17 00:00:00+00:00,2061.635532,1962.24384,-4.821011786869014,0,1.4274357122122563,0.48360000000000003,500,0
2023-11-18 00:00:00+00:00,1962.24384,1956.517432,-0.29182958219912114,0,1.456466329650329,0.4844000000000001,500,0
2023-11-19 00:00:00+00:00,1956.517432,1962.630566,0.312449758944951,0,1.465838053459551,0.4824000000000001,500,0
2023-11-20 00:00:00+00:00,1962.630566,2011.126721,2.470977260832085,0,1.4748947056167476,0.48360000000000003,500,0
2023-11-21 00:00:00+00:00,2011.126721,2022.388148,0.5599561122831858,0,1.4565617293665456,0.4862,500,0
2023-11-22 00:00:00+00:00,2022.388148,1940.44,-4.052048469579933,0,1.4359793919793575,0.48260000000000003,500,0
2023-11-23 00:00:00+00:00,1940.44,2065.941441,6.467679546906881,0,1.4946569752302399,0.4836000000000001,500,0
2023-11-24 00:00:00+00:00,2065.941441,2062.269552,-0.17773441817510535,0,1.4571665429025467,0.48440000000000005,500,0
2023-11-25 00:00:00+00:00,2062.269552,2080.851758,0.901056119554229,0,1.4636938605103706,0.4844000000000001,500,0
2023-11-26 00:00:00+00:00,2080.851758,2085.426622,0.2198553540593045,0,1.4545087105167915,0.4862,500,0
2023-11-27 00:00:00+00:00,2085.426622,2064.074218,-1.0238866126836925,0,1.4461818581492019,0.4864000000000001,500,0
2023-11-28 00:00:00+00:00,2064.074218,2030.000506,-1.6507987795621075,0,1.4489043901529741,0.48400000000000004,500,0
2023-11-29 00:00:00+00:00,2030.000506,2048.535257,0.9130416935964997,0,1.4700140603242702,0.4822000000000001,500,0
2023-11-30 00:00:00+00:00,2048.535257,2025.94,-1.1029957586910082,0,1.4445746689075742,0.48680000000000007,500,0
2023-12-01 00:00:00+00:00,2025.94,2051.756718,1.2743081236364373,0,1.4613187539358239,0.48600000000000004,500,0
2023-12-02 00:00:00+00:00,2051.756718,2085.712361,1.6549546397049877,0,1.4697553340903269,0.48380000000000006,500,0
2023-12-03 00:00:00+00:00,2085.712361,2165.297881,3.815747630792322,0,1.4779412575125093,0.48500000000000004,500,0
2023-12-04 00:00:00+00:00,2165.297881,2190.70404,1.17333320384846,0,1.4675628493836126,0.48360000000000003,500,0
2023-12-05 00:00:00+00:00,2190.70404,2242.961543,2.385420487926786,0,1.4681259271144775,0.48580000000000007,500,0
2023-12-06 00:00:00+00:00,2242.961543,2294.09517,2.2797371252120553,0,1.487015590758419,0.47900000000000004,500,0
2023-12-07 00:00:00+00:00,2294.09517,2232.02544,-2.705630124316079,0,1.4389752507833364,0.48500000000000004,500,0
2023-12-08 00:00:00+00:00,2232.02544,2354.386931,5.482083170163155,0,1.4860997605747455,0.48500000000000004,500,0
2023-12-09 00:00:00+00:00,2354.386931,2359.889056,0.23369671856201696,0,1.4545921369537067,0.4862,500,0
2023-12-10 00:00:00+00:00,2359.889056,2341.07,-0.7974551156187835,0,1.4566293072868934,0.4832,500,0
2023-12-11 00:00:00+00:00,2341.07,2352.098728,0.47109774590250497,0,1.4560268883329754,0.4862,500,0
2023-12-12 00:00:00+00:00,2352.098728,2222.346838,-5.516430431061395,0,1.4142980485710415,0.48660000000000003,500,0
2023-12-13 00:00:00+00:00,2222.346838,2200.333716,-0.9905349436729028,0,1.4570946241208431,0.4826000000000001,500,0
2023-12-14 00:00:00+00:00,2200.333716,2260.882353,2.751793355694772,0,1.467751111538563,0.48660000000000003,500,0
2023-12-15 00:00:00+00:00,2260.882353,2317.465074,2.5026831194873864,0,1.4727859576853293,0.4844000000000001,500,0
2023-12-16 00:00:00+00:00,2317.465074,2219.951618,-4.207763780089664,0,1.4308346516158,0.48400000000000004,500,0
2023-12-17 00:00:00+00:00,2219.951618,2227.936447,0.35968482084279324,0,1.4604437761232834,0.4844000000000001,500,0
2023-12-18 00:00:00+00:00,2227.936447,2199.540121,-1.2745572719651301,0,1.446281832439875,0.48580000000000007,500,0
2023-12-19 00:00:00+00:00,2199.540121,2216.929014,0.7905694846836496,0,1.4544909862320634,0.4874000000000001,500,0
2023-12-20 00:00:00+00:00,2216.929014,2176.839413,-1.8083394076595218,0,1.4494527243517832,0.4834000000000001,500,0
2023-12-21 00:00:00+00:00,2176.839413,2198.421404,0.9914369829539657,0,1.4602347933910036,0.48580000000000007,500,0
2023-12-22 00:00:00+00:00,2198.421404,2236.186962,1.7178489042767733,0,1.4701328272281904,0.48380000000000006,500,0
2023-12-23 00:00:00+00:00,2236.186962,2327.048963,4.06325600426249,0,1.4814952574842697,0.4842,500,0
2023-12-24 00:00:00+00:00,2327.048963,2310.955663,-0.6915754784657704,0,1.4488704683348135,0.4862,500,0
2023-12-25 00:00:00+00:00,2310.955663,2264.911144,-1.9924449325101585,0,1.44823539613855,0.48340000000000005,500,0
2023-12-26 00:00:00+00:00,2264.911144,2273.632612,0.385068881095131,0,1.4662721321832695,0.48240000000000005,500,0
2023-12-27 00:00:00+00:00,2273.632612,2230.876184,-1.880533722745515,0,1.4478796086741628,0.48380000000000006,500,0
2023-12-28 00:00:00+00:00,2230.876184,2376.771249,6.5398100551868055,0,1.4966597681536022,0.48300000000000004,500,0
2023-12-29 00:00:00+00:00,2376.771249,2345.260709,-1.3257708335733813,0,1.4487038698880064,0.4848,500,0
2023-12-30 00:00:00+00:00,2345.260709,2299.526207,-1.950081789393089,0,1.4395684903979464,0.48660000000000003,500,0
2023-12-31 00:00:00+00:00,2299.526207,2294.34,-0.22553372012949366,0,1.4444460145403801,0.4888,500,0
2024-01-01 00:00:00+00:00,2294.34,2279.941009,-0.6275874979296888,0,1.458286881221311,0.483,500,0
2024-01-02 00:00:00+00:00,2279.941009,2350.026286,3.0739951921273447,0,1.4787178300209034,0.48340000000000005,500,0
2024-01-03 00:00:00+00:00,2350.026286,2360.78212,0.45768994432431,0,1.4644493232330846,0.4832,500,0
2024-01-04 00:00:00+00:00,2360.78212,2211.170828,-6.337361280930069,0,1.4148272874734888,0.48380000000000006,500,0
2024-01-05 00:00:00+00:00,2211.170828,2270.977439,2.7047485541447265,0,1.4704381108810982,0.48560000000000014,500,0
2024-01-06 00:00:00+00:00,2270.977439,2267.087035,-0.171309671914348,0,1.4425166265686398,0.48960000000000004,500,0
2024-01-07 00:00:00+00:00,2267.087035,2241.510827,-1.1281528942271044,0,1.4483482853527325,0.4854000000000001,500,0
2024-01-08 00:00:00+00:00,2241.510827,2220.151562,-0.9528959103261138,0,1.4612669887690366,0.48120000000000007,500,0
2024-01-09 00:00:00+00:00,2220.151562,2331.660329,5.022574535386598,0,1.4891399037977762,0.4832,500,0
2024-01-10 00:00:00+00:00,2331.660329,2341.160624,0.40744764071509315,0,1.4652773134779402,0.48280000000000006,500,0
2024-01-11 00:00:00+00:00,2341.160624,2588.769164,10.576315758162167,0,1.4892247922482447,0.491,500,0
2024-01-12 00:00:00+00:00,2588.769164,2618.329862,1.1418823435892962,0,1.4679495696810063,0.4834000000000001,500,0
2024-01-13 00:00:00+00:00,2618.329862,2524.501694,-3.5835121220490436,0,1.4321279872627162,0.4852,500,0
2024-01-14 00:00:00+00:00,2524.501694,2575.924735,2.036958070664698,0,1.477088570621377,0.482,500,0
2024-01-15 00:00:00+00:00,2575.924735,2477.937478,-3.803964287799745,0,1.4236419214347198,0.48780000000000007,500,0
2024-01-16 00:00:00+00:00,2477.937478,2515.31998,1.5086136083696777,0,1.462640074349345,0.48600000000000004,500,0
2024-01-17 00:00:00+00:00,2515.31998,2589.482632,2.948438075063514,0,1.46422083434043,0.4882,500,0
2024-01-18 00:00:00+00:00,2589.482632,2528.328785,-2.361624142378107,0,1.4362773428049722,0.48680000000000007,500,0
2024-01-19 00:00:00+00:00,2528.328785,2467.328979,-2.4126532261902898,0,1.42762046103497,0.48979999999999996,500,0
2024-01-20 00:00:00+00:00,2467.328979,2489.618065,0.9033690354917291,0,1.4665480681583105,0.48340000000000005,500,0
2024-01-21 00:00:00+00:00,2489.618065,2470.263615,-0.7774063930565297,0,1.445525852750331,0.4872,500,0
2024-01-22 00:00:00+00:00,2470.263615,2454.909543,-0.6215560115433119,0,1.4577786487065536,0.4832,500,0
2024-01-23 00:00:00+00:00,2454.909543,2307.587003,-6.001139244420629,0,1.4141279287067032,0.4852,500,0
2024-01-24 00:00:00+00:00,2307.587003,2241.942776,-2.8447129800375386,0,1.4408332087733546,0.48400000000000004,500,0
2024-01-25 00:00:00+00:00,2241.942776,2236.739313,-0.23209615587440083,0,1.4483562585265966,0.48740000000000006,500,0
2024-01-26 00:00:00+00:00,2236.739313,2219.614527,-0.7656138513983305,0,1.4568586734399491,0.4832,500,0
2024-01-27 00:00:00+00:00,2219.614527,2268.870732,2.2191332954814307,0,1.4694924241460685,0.48500000000000004,500,0
2024-01-28 00:00:00+00:00,2268.870732,2267.907852,-0.04243873334957547,0,1.4557391996405782,0.4852,500,0
2024-01-29 00:00:00+00:00,2267.907852,2257.054465,-0.4785638442244636,0,1.4564256169734835,0.484,500,0
2024-01-30 00:00:00+00:00,2257.054465,2314.59,2.5491425170371325,0,1.4701778353468462,0.4854000000000001,500,0
2024-01-31 00:00:00+00:00,2314.59,2344.0014,1.2706958899848333,0,1.4527329410198322,0.48900000000000005,500,0
2024-02-01 00:00:00+00:00,2344.0014,2282.485867,-2.6243812397040474,0,1.4384409327255516,0.4854000000000001,500,0
2024-02-02 00:00:00+00:00,2282.485867,2301.737299,0.8434414547023359,0,1.4553881746493849,0.4872,500,0
2024-02-03 00:00:00+00:00,2301.737299,2307.432998,0.24745217460197796,0,1.455242576687493,0.4860000000000001,500,0
2024-02-04 00:00:00+00:00,2307.432998,2294.715925,-0.5511350930242809,0,1.4576596495765466,0.48340000000000005,500,0
2024-02-05 00:00:00+00:00,2294.715925,2290.084493,-0.20183029844969294,0,1.473963443491183,0.4784000000000001,500,0
2024-02-06 00:00:00+00:00,2290.084493,2298.669907,0.3748950759783224,0,1.456572365514336,0.48580000000000007,500,0
2024-02-07 00:00:00+00:00,2298.669907,2372.760879,3.223210595587266,0,1.4737434621323149,0.48540000000000005,500,0
2024-02-08 00:00:00+00:00,2372.760879,2424.07304,2.162550868658362,0,1.460603828871087,0.48800000000000004,500,0
2024-02-09 00:00:00+00:00,2424.07304,2420.968561,-0.1280687070386329,0,1.4557779464187868,0.48500000000000004,500,0
2024-02-10 00:00:00+00:00,2420.968561,2487.850897,2.762627201254253,0,1.4673019525969198,0.48680000000000007,500,0
2024-02-11 00:00:00+00:00,2487.850897,2499.492184,0.4679254296966968,0,1.4588341034111298,0.4852,500,0
2024-02-12 00:00:00+00:00,2499.492184,2505.076808,0.22343034460153452,0,1.4573625576564118,0.4852,500,0
2024-02-13 00:00:00+00:00,2505.076808,2657.990408,6.104148164705707,0,1.4906721859313392,0.4844000000000001,500,0
2024-02-14 00:00:00+00:00,2657.990408,2641.536097,-0.6190508043398463,0,1.4566492255335215,0.48360000000000003,500,0
2024-02-15 00:00:00+00:00,2641.536097,2780.372975,5.2559144717983415,0,1.4774963088932414,0.4876000000000001,500,0
2024-02-16 00:00:00+00:00,2780.372975,2826.821476,1.6705852566416866,0,1.4686919697671224,0.4842,500,0
2024-02-17 00:00:00+00:00,2826.821476,2807.371703,-0.6880439095687795,0,1.4517104147520152,0.4852,500,0
2024-02-18 00:00:00+00:00,2807.371703,2788.561332,-0.6700349291081951,0,1.4619583390381958,0.48160000000000003,500,0
2024-02-19 00:00:00+00:00,2788.561332,2874.945276,3.097796093229327,0,1.4857230730085749,0.48100000000000004,500,0
2024-02-20 00:00:00+00:00,2874.945276,2943.723085,2.3923171537961534,0,1.4692930196003642,0.4854000000000001,500,0
2024-02-21 00:00:00+00:00,2943.723085,3015.438952,2.436230070872984,0,1.47985313131459,0.48180000000000006,500,0
2024-02-22 00:00:00+00:00,3015.438952,2977.082017,-1.2720182902246928,0,1.4524608366371594,0.48360000000000003,500,0
2024-02-23 00:00:00+00:00,2977.082017,2974.131586,-0.0991047939946697,0,1.4633026237191697,0.48240000000000005,500,0
2024-02-24 00:00:00+00:00,2974.131586,2926.285913,-1.608727509745085,0,1.4497417674309208,0.48380000000000006,500,0
2024-02-25 00:00:00+00:00,2926.285913,2988.317384,2.119802126115753,0,1.4695108590494819,0.48480000000000006,500,0
2024-02-26 00:00:00+00:00,2988.317384,3113.408298,4.185998270122163,0,1.4844866521391873,0.48340000000000005,500,0
2024-02-27 00:00:00+00:00,3113.408298,3173.63,1.9342693355923046,0,1.4604715476976677,0.48760000000000003,500,0
2024-02-28 00:00:00+00:00,3173.63,3242.047654,2.1558169666911344,0,1.4645741038656965,0.4866000000000001,500,0
2024-02-29 00:00:00+00:00,3242.047654,3380.803956,4.279897052987619,0,1.4704990736363388,0.48840000000000006,500,0
2024-03-01 00:00:00+00:00,3380.803956,3347.690472,-0.9794559054875872,0,1.458831198892803,0.4820000000000001,500,0
2024-03-02 00:00:00+00:00,3347.690472,3431.75,2.510970733497364,0,1.4705426589617427,0.48519999999999996,500,0
2024-03-03 00:00:00+00:00,3431.75,3421.89,-0.2873169665622533,0,1.457047451445939,0.4842,500,0
2024-03-04 00:00:00+00:00,3421.89,3487.190932,1.9083293735333426,0,1.4677486510227011,0.48500000000000004,500,0
2024-03-05 00:00:00+00:00,3487.190932,3634.311068,4.218872406726022,0,1.4857857620734338,0.48300000000000004,500,0
2024-03-06 00:00:00+00:00,3634.311068,3581.534885,-1.4521647160225952,0,1.455197238274628,0.4822000000000001,500,0
2024-03-07 00:00:00+00:00,3581.534885,3822.365818,6.72423809156895,0,1.493481152709359,0.48440000000000005,500,0
2024-03-08 00:00:00+00:00,3822.365818,3861.900999,1.0343118079861329,0,1.4587862023213654,0.4864000000000001,500,0
2024-03-09 00:00:00+00:00,3861.900999,3893.613884,0.8211729147953727,0,1.4580937433423617,0.4862,500,0
2024-03-10 00:00:00+00:00,3893.613884,3916.041188,0.5760022608343534,0,1.464023301011965,0.4836000000000001,500,0
2024-03-11 00:00:00+00:00,3916.041188,3887.473105,-0.7295143648524902,0,1.4497605541373457,0.48580000000000007,500,0
2024-03-12 00:00:00+00:00,3887.473105,4070.604075,4.710797092447027,0,1.4841503193041867,0.48440000000000005,500,0
2024-03-13 00:00:00+00:00,4070.604075,3978.685771,-2.258099837430155,0,1.4414157919172803,0.4852,500,0
2024-03-14 00:00:00+00:00,3978.685771,4007.912126,0.7345730897631182,0,1.46271194600994,0.48440000000000005,500,0
2024-03-15 00:00:00+00:00,4007.912126,3879.038367,-3.215483647058385,0,1.4327331368687963,0.48600000000000004,500,0
2024-03-16 00:00:00+00:00,3879.038367,3738.381184,-3.6260838303794034,0,1.434632277070351,0.4842,500,0
2024-03-17 00:00:00+00:00,3738.381184,3514.222472,-5.996143811106876,0,1.4113633097913403,0.4862,500,0
2024-03-18 00:00:00+00:00,3514.222472,3643.280347,3.6724446453884028,0,1.4870711332188242,0.48160000000000003,500,0
2024-03-19 00:00:00+00:00,3643.280347,3525.893641,-3.2220058524088038,0,1.4407618742543182,0.4830000000000001,500,0
2024-03-20 00:00:00+00:00,3525.893641,3171.293837,-10.057019300770223,0,1.3813831999376325,0.48440000000000005,500,0
2024-03-21 00:00:00+00:00,3171.293837,3515.688432,10.859750395308442,0,1.5129674513386193,0.4832,500,0
2024-03-22 00:00:00+00:00,3515.688432,3493.430439,-0.6331048222989891,0,1.449793984080727,0.48600000000000004,500,0
2024-03-23 00:00:00+00:00,3493.430439,3322.891277,-4.881710541481889,0,1.4296860955331405,0.48260000000000003,500,0
2024-03-24 00:00:00+00:00,3322.891277,3353.371242,0.9172724130630648,0,1.4637716836384358,0.4844000000000001,500,0
2024-03-25 00:00:00+00:00,3353.371242,3454.257071,3.008489717345761,0,1.471440265281609,0.48580000000000007,500,0
2024-03-26 00:00:00+00:00,3454.257071,3588.493402,3.886112939507972,0,1.4835331074931815,0.4832,500,0
2024-03-27 00:00:00+00:00,3588.493402,3591.548528,0.08513673170743496,0,1.4638778214195822,0.4826000000000001,500,0
2024-03-28 00:00:00+00:00,3591.548528,3505.218116,-2.4037100244354486,0,1.4414718190780174,0.48480000000000006,500,0
2024-03-29 00:00:00+00:00,3505.218116,3560.26,1.570284135779019,0,1.473291749123521,0.4824000000000001,500,0
2024-03-30 00:00:00+00:00,3560.26,3516.096058,-1.2404695724469597,0,1.4464872163625728,0.48580000000000007,500,0
2024-03-31 00:00:00+00:00,3516.096058,3507.660656,-0.23990817829926497,0,1.4477465598302992,0.48760000000000003,500,0
2024-04-01 00:00:00+00:00,3507.660656,3644.767599,3.9087858389457555,0,1.466865760673891,0.48900000000000005,500,0
2024-04-02 00:00:00+00:00,3644.767599,3508.24772,-3.745640162008035,0,1.424573644039127,0.48760000000000003,500,0
2024-04-03 00:00:00+00:00,3508.24772,3274.901204,-6.651369419260966,0,1.4105811190532533,0.48460000000000003,500,0
2024-04-04 00:00:00+00:00,3274.901204,3316.682955,1.275817143703992,0,1.4693016070148117,0.4832,500,0
2024-04-05 00:00:00+00:00,3316.682955,3332.089837,0.46452682421072017,0,1.4582577539602617,0.4854000000000001,500,0
2024-04-06 00:00:00+00:00,3332.089837,3320.281589,-0.3543796409352279,0,1.4504308429898147,0.48640000000000005,500,0
2024-04-07 00:00:00+00:00,3320.281589,3362.838908,1.2817382459665834,0,1.4630442854779973,0.48540000000000005,500,0
2024-04-08 00:00:00+00:00,3362.838908,3453.436126,2.694069519193272,0,1.4813004256946,0.48180000000000006,500,0
2024-04-09 00:00:00+00:00,3453.436126,3695.239391,7.0018166306748135,0,1.4899859119593861,0.48600000000000004,500,0
2024-04-10 00:00:00+00:00,3695.239391,3503.6536,-5.184665206444265,0,1.4126080450582152,0.48800000000000004,500,0
2024-04-11 00:00:00+00:00,3503.6536,3539.763064,1.030623118678174,0,1.4650209069233937,0.4842,500,0
2024-04-12 00:00:00+00:00,3539.763064,3508.578498,-0.8809789083668554,0,1.4549786561865157,0.4836000000000001,500,0
2024-04-13 00:00:00+00:00,3508.578498,3245.500593,-7.498133650136725,0,1.4010131597457525,0.48560000000000003,500,0
2024-04-14 00:00:00+00:00,3245.500593,3022.005785,-6.886296939277754,0,1.4119659833195017,0.48340000000000005,500,0
2024-04-15 00:00:00+00:00,3022.005785,3157.683766,4.489666488179813,0,1.4732396049235903,0.48780000000000007,500,0
2024-04-16 00:00:00+00:00,3157.683766,3101.190736,-1.7890654728723105,0,1.4495974223670929,0.48340000000000005,500,0
2024-04-17 00:00:00+00:00,3101.190736,3083.706015,-0.5638066951841884,0,1.4497061435561,0.4862,500,0
2024-04-18 00:00:00+00:00,3083.706015,2982.615735,-3.278207439628461,0,1.431056937096371,0.48640000000000005,500,0
2024-04-19 00:00:00+00:00,2982.615735,3064.911592,2.759184028780029,0,1.473593477995877,0.4846000000000001,500,0
2024-04-20 00:00:00+00:00,3064.911592,3065.682562,0.025154722309524744,0,1.4555881168095703,0.48540000000000005,500,0
2024-04-21 00:00:00+00:00,3065.682562,3152.191507,2.8218494005968786,0,1.4802602853816407,0.4824000000000001,500,0
2024-04-22 00:00:00+00:00,3152.191507,3147.14,-0.16025381036597436,0,1.4600995238217436,0.4834000000000001,500,0
2024-04-23 00:00:00+00:00,3147.14,3199.76959,1.6722989762133242,0,1.4675710483905435,0.48460000000000003,500,0
2024-04-24 00:00:00+00:00,3199.76959,3218.967269,0.5999706685130518,0,1.4601861427933684,0.48500000000000004,500,0
2024-04-25 00:00:00+00:00,3218.967269,3138.814357,-2.4900194783558707,0,1.4392689684036148,0.4854,500,0
2024-04-26 00:00:00+00:00,3138.814357,3157.619317,0.599110296474279,0,1.4607592887146692,0.48480000000000006,500,0
2024-04-27 00:00:00+00:00,3157.619317,3131.41922,-0.8297421053558849,0,1.444058145368822,0.48760000000000003,500,0
2024-04-28 00:00:00+00:00,3131.41922,3259.252223,4.082270498422748,0,1.4816341153065067,0.4842,500,0
2024-04-29 00:00:00+00:00,3259.252223,3259.503404,0.007706706410370616,0,1.4594413705052114,0.4840000000000001,500,0
2024-04-30 00:00:00+00:00,3259.503404,3213.689,-1.4055639255899424,0,1.4493349544785317,0.4844000000000001,500,0
2024-05-01 00:00:00+00:00,3213.689,3018.549636,-6.072129692698941,0,1.4145194023267986,0.48480000000000006,500,0
2024-05-02 00:00:00+00:00,3018.549636,2976.090208,-1.406616856440525,0,1.462752979740538,0.4796000000000001,500,0
2024-05-03 00:00:00+00:00,2976.090208,2988.548649,0.4186177208778937,0,1.4602410735940168,0.48460000000000003,500,0
2024-05-04 00:00:00+00:00,2988.548649,3102.151292,3.8012646385399425,0,1.4836900498157353,0.48300000000000004,500,0
2024-05-05 00:00:00+00:00,3102.151292,3115.023322,0.4149388211076327,0,1.4562500749911886,0.48600000000000004,500,0
2024-05-06 00:00:00+00:00,3115.023322,3136.58,0.6920230050206964,0,1.4544961040256943,0.4872,500,0
2024-05-07 00:00:00+00:00,3136.58,3064.5914,-2.295130364919758,0,1.4535253476252001,0.48080000000000006,500,0
2024-05-08 00:00:00+00:00,3064.5914,3015.15977,-1.6129925183500675,0,1.4368022425543,0.48840000000000006,500,0
2024-05-09 00:00:00+00:00,3015.15977,2975.73,-1.3077174348210472,0,1.4332178722251931,0.4904000000000001,500,0
2024-05-10 00:00:00+00:00,2975.73,3038.344705,2.104179646674932,0,1.4700177824017988,0.4846000000000001,500,0
2024-05-11 00:00:00+00:00,3038.344705,2910.6845,-4.20163666057766,0,1.4268264683729643,0.4856000000000001,500,0
2024-05-12 00:00:00+00:00,2910.6845,2908.982785,-0.058464426494856954,0,1.4562068326120334,0.48500000000000004,500,0
2024-05-13 00:00:00+00:00,2908.982785,2931.310667,0.7675494717649229,0,1.460046213374162,0.48540000000000005,500,0
2024-05-14 00:00:00+00:00,2931.310667,2948.303455,0.579699319874239,0,1.4651850892164513,0.4832,500,0
2024-05-15 00:00:00+00:00,2948.303455,2881.795992,-2.2557875746206175,0,1.436440181560472,0.487,500,0
2024-05-16 00:00:00+00:00,2881.795992,3035.758955,5.342604522575794,0,1.484893016195173,0.4852,500,0
2024-05-17 00:00:00+00:00,3035.758955,2943.585128,-3.036269623719174,0,1.4465158660281694,0.48140000000000005,500,0
2024-05-18 00:00:00+00:00,2943.585128,3095.996844,5.177758052594687,0,1.4857987413149494,0.48460000000000003,500,0
2024-05-19 00:00:00+00:00,3095.996844,3120.549378,0.7930413122863113,0,1.464739037026558,0.4838,500,0
2024-05-20 00:00:00+00:00,3120.549378,3071.324418,-1.5774453161048492,0,1.4381252130154853,0.48800000000000004,500,0
2024-05-21 00:00:00+00:00,3071.324418,3656.39009,19.0492957556397,0,1.5424791257684625,0.48000000000000004,500,0
2024-05-22 00:00:00+00:00,3656.39009,3792.48622,3.722144701469747,0,1.4843875922199676,0.4826000000000001,500,0
2024-05-23 00:00:00+00:00,3792.48622,3741.897741,-1.3339133240146501,0,1.4497915425210413,0.4844000000000001,500,0
2024-05-24 00:00:00+00:00,3741.897741,3766.398091,0.654757336940272,0,1.4627897820984692,0.4842,500,0
2024-05-25 00:00:00+00:00,3766.398091,3727.065982,-1.0442897444639754,0,1.4505491077112092,0.48480000000000006,500,0
2024-05-26 00:00:00+00:00,3727.065982,3750.077159,0.6174072879614467,0,1.4597240701059904,0.4852,500,0
2024-05-27 00:00:00+00:00,3750.077159,3825.277958,2.0053133792066644,0,1.4677420278869917,0.4852,500,0
2024-05-28 00:00:00+00:00,3825.277958,3893.392106,1.7806326428527646,0,1.4635722560974138,0.4862,500,0
2024-05-29 00:00:00+00:00,3893.392106,3840.69,-1.3536295488651646,0,1.4525359803640527,0.48340000000000005,500,0
2024-05-30 00:00:00+00:00,3840.69,3765.302557,-1.9628619596999515,0,1.4384316479106365,0.487,500,0
2024-05-31 00:00:00+00:00,3765.302557,3748.639152,-0.44255155456289097,0,1.4634041392287698,0.4816000000000001,500,0
2024-06-01 00:00:00+00:00,3748.639152,3761.069246,0.33158950477716786,0,1.4444062500795358,0.49000000000000005,500,0
2024-06-02 00:00:00+00:00,3761.069246,3813.452442,1.3927740377476625,0,1.4551164927798619,0.4884000000000001,500,0
2024-06-03 00:00:00+00:00,3813.452442,3780.711985,-0.8585516011530184,0,1.4573872906472967,0.48280000000000006,500,0
2024-06-04 00:00:00+00:00,3780.711985,3766.63765,-0.3722667861460966,0,1.453137005370946,0.48540000000000005,500,0
2024-06-05 00:00:00+00:00,3766.63765,3814.93203,1.2821615585985506,0,1.4544892516159766,0.4884000000000001,500,0
2024-06-06 00:00:00+00:00,3814.93203,3871.082091,1.4718495784052088,0,1.4595865420788554,0.48700000000000004,500,0
2024-06-07 00:00:00+00:00,3871.082091,3812.701857,-1.5081114951225196,0,1.450353877742414,0.48380000000000006,500,0
2024-06-08 00:00:00+00:00,3812.701857,3679.376652,-3.496869411785221,0,1.4307042417753584,0.48600000000000004,500,0
2024-06-09 00:00:00+00:00,3679.376652,3683.02538,0.09916701509797261,0,1.4509465940683068,0.4872,500,0
2024-06-10 00:00:00+00:00,3683.02538,3705.899884,0.6210791846348853,0,1.4501094649356923,0.48860000000000003,500,0
2024-06-11 00:00:00+00:00,3705.899884,3666.827665,-1.054324731455701,0,1.4505077610142405,0.48480000000000006,500,0
2024-06-12 00:00:00+00:00,3666.827665,3498.555954,-4.589026983901079,0,1.4286360279815231,0.48380000000000006,500,0
2024-06-13 00:00:00+00:00,3498.555954,3559.447534,1.7404775227442306,0,1.471393939875751,0.4834000000000001,500,0
2024-06-14 00:00:00+00:00,3559.447534,3465.316584,-2.6445382071475074,0,1.4437114700094045,0.4834000000000001,500,0
2024-06-15 00:00:00+00:00,3465.316584,3478.774835,0.388370028358714,0,1.4623297999545617,0.48380000000000006,500,0
2024-06-16 00:00:00+00:00,3478.774835,3565.123259,2.4821504148888036,0,1.470928318081434,0.48500000000000004,500,0
2024-06-17 00:00:00+00:00,3565.123259,3618.508653,1.497434734275478,0,1.461997503298448,0.4862,500,0
2024-06-18 00:00:00+00:00,3618.508653,3510.358694,-2.988799236678234,0,1.4331428494364855,0.4864000000000001,500,0
2024-06-19 00:00:00+00:00,3510.358694,3480.471338,-0.8514046171715859,0,1.4557262787582776,0.4834000000000001,500,0
2024-06-20 00:00:00+00:00,3480.471338,3555.96584,2.1690884558004084,0,1.4709312894932465,0.4844000000000001,500,0
2024-06-21 00:00:00+00:00,3555.96584,3511.28,-1.2566442426792166,0,1.440210895311076,0.4880000000000001,500,0
2024-06-22 00:00:00+00:00,3511.28,3516.88,0.15948599940762084,0,1.4637689162571814,0.48280000000000006,500,0
2024-06-23 00:00:00+00:00,3516.88,3494.798562,-0.6278701007711427,0,1.4633539653636538,0.48120000000000007,500,0
2024-06-24 00:00:00+00:00,3494.798562,3417.797137,-2.2033151162776496,0,1.4451906591046737,0.48400000000000004,500,0
2024-06-25 00:00:00+00:00,3417.797137,3357.10064,-1.7758952496893003,0,1.4396627329470773,0.4870000000000001,500,0
2024-06-26 00:00:00+00:00,3357.10064,3395.304687,1.1380072001654296,0,1.4610907377282751,0.48580000000000007,500,0
2024-06-27 00:00:00+00:00,3395.304687,3365.94467,-0.8647240735835608,0,1.4533938753284479,0.4842,500,0
2024-06-28 00:00:00+00:00,3365.94467,3442.910158,2.286593974225972,0,1.471036436708131,0.48460000000000003,500,0
2024-06-29 00:00:00+00:00,3442.910158,3374.60513,-1.9839329191116295,0,1.4527853815115896,0.4818,500,0
2024-06-30 00:00:00+00:00,3374.60513,3371.278228,-0.09858640853781288,0,1.4536958002281732,0.48580000000000007,500,0
2024-07-01 00:00:00+00:00,3371.278228,3435.318328,1.8995792002012037,0,1.4700382411034256,0.4842,500,0
2024-07-02 00:00:00+00:00,3435.318328,3438.009079,0.07832610381602143,0,1.459875826504126,0.48400000000000004,500,0
2024-07-03 00:00:00+00:00,3438.009079,3417.898426,-0.5849505495153967,0,1.4585747360996528,0.48300000000000004,500,0
2024-07-04 00:00:00+00:00,3417.898426,3295.808464,-3.57207695440157,0,1.4328979622681344,0.4850000000000001,500,0
2024-07-05 00:00:00+00:00,3295.808464,3069.043401,-6.880407811222863,0,1.4137044264778273,0.48260000000000003,500,0
2024-07-06 00:00:00+00:00,3069.043401,2984.398102,-2.75803525529875,0,1.4370394081959932,0.48560000000000003,500,0
2024-07-07 00:00:00+00:00,2984.398102,3066.247438,2.7425743216077065,0,1.4717587794789875,0.4852,500,0
2024-07-08 00:00:00+00:00,3066.247438,2928.601231,-4.48907695100371,0,1.4212663897979452,0.4868,500,0
2024-07-09 00:00:00+00:00,2928.601231,3016.083354,2.9871640452096693,0,1.4690487759579964,0.48660000000000003,500,0
2024-07-10 00:00:00+00:00,3016.083354,3064.092361,1.591766584843534,0,1.472848629073962,0.48260000000000003,500,0
2024-07-11 00:00:00+00:00,3064.092361,3099.710186,1.1624266113301998,0,1.474353577651716,0.48119999999999996,500,0
2024-07-12 00:00:00+00:00,3099.710186,3102.09023,0.07678279120253206,0,1.460996965932736,0.48360000000000003,500,0
2024-07-13 00:00:00+00:00,3102.09023,3132.980839,0.9957998223668705,0,1.4659544180135646,0.48380000000000006,500,0
2024-07-14 00:00:00+00:00,3132.980839,3173.504234,1.29344535068828,0,1.4585654721826804,0.48700000000000004,500,0
2024-07-15 00:00:00+00:00,3173.504234,3252.654185,2.4940868252832424,0,1.459543213820784,0.48900000000000005,500,0
2024-07-16 00:00:00+00:00,3252.654185,3488.538758,7.252064301449872,0,1.4851662931053509,0.48800000000000004,500,0
2024-07-17 00:00:00+00:00,3488.538758,3446.765889,-1.1974317012877045,0,1.4546170832446736,0.483,500,0
2024-07-18 00:00:00+00:00,3446.765889,3389.441287,-1.6631417347765127,0,1.4537711850827966,0.4822000000000001,500,0
2024-07-19 00:00:00+00:00,3389.441287,3428.552019,1.153899085079508,0,1.4777051774094425,0.48000000000000004,500,0
2024-07-20 00:00:00+00:00,3428.552019,3505.222536,2.236236072111934,0,1.4787652659985289,0.48180000000000006,500,0
2024-07-21 00:00:00+00:00,3505.222536,3522.801303,0.5015021676786335,0,1.4641482552124154,0.4834000000000001,500,0
2024-07-22 00:00:00+00:00,3522.801303,3533.11835,0.29286485704470633,0,1.475352943056214,0.479,500,0
2024-07-23 00:00:00+00:00,3533.11835,3443.073351,-2.5485984357133176,0,1.4416630074074446,0.4844000000000001,500,0
2024-07-24 00:00:00+00:00,3443.073351,3482.983771,1.1591510238493365,0,1.4549351138316238,0.48800000000000004,500,0
2024-07-25 00:00:00+00:00,3482.983771,3336.380253,-4.209135834069907,0,1.4282256285520216,0.485,500,0
2024-07-26 00:00:00+00:00,3336.380253,3173.763398,-4.874050397995799,0,1.4209707904853504,0.48580000000000007,500,0
2024-07-27 00:00:00+00:00,3173.763398,3278.186958,3.2902124986948924,0,1.4689224266198435,0.4872,500,0
2024-07-28 00:00:00+00:00,3278.186958,3254.611673,-0.7191562074416591,0,1.4520781440952306,0.48500000000000004,500,0
2024-07-29 00:00:00+00:00,3254.611673,3272.850131,0.5603881455752483,0,1.450296369712235,0.4884000000000001,500,0
2024-07-30 00:00:00+00:00,3272.850131,3316.942189,1.3472067535988168,0,1.4645811670378428,0.48500000000000004,500,0
2024-07-31 00:00:00+00:00,3316.942189,3276.98178,-1.204736372328731,0,1.4517938323477266,0.48400000000000004,500,0
2024-08-01 00:00:00+00:00,3276.98178,3233.076805,-1.3397991794754478,0,1.4536832397143924,0.48300000000000004,500,0
2024-08-02 00:00:00+00:00,3233.076805,3204.246524,-0.8917289238354489,0,1.4526800583352448,0.48440000000000005,500,0
2024-08-03 00:00:00+00:00,3204.246524,2983.300977,-6.895397883561853,0,1.4137464422723574,0.4826000000000001,500,0
2024-08-04 00:00:00+00:00,2983.300977,2906.715024,-2.5671547587871753,0,1.4376258861085685,0.48580000000000007,500,0
2024-08-05 00:00:00+00:00,2906.715024,2682.437393,-7.715845177397752,0,1.3998972628964599,0.4852,500,0
2024-08-06 00:00:00+00:00,2682.437393,2415.631139,-9.94641122645579,0,1.382571880472232,0.4842,500,0
2024-08-07 00:00:00+00:00,2415.631139,2455.51,1.6508671525284613,0,1.4577358567983463,0.48800000000000004,500,0
2024-08-08 00:00:00+00:00,2455.51,2341.590346,-4.6393479969538,0,1.4315930162172323,0.48260000000000003,500,0
2024-08-09 00:00:00+00:00,2341.590346,2685.012751,14.666203488011828,0,1.5090903783207597,0.48840000000000006,500,0
2024-08-10 00:00:00+00:00,2685.012751,2602.184071,-3.0848523892168314,0,1.4456521653557726,0.48160000000000003,500,0
2024-08-11 00:00:00+00:00,2602.184071,2608.035744,0.2248754446395066,0,1.451142584758574,0.48740000000000006,500,0
2024-08-12 00:00:00+00:00,2608.035744,2558.790871,-1.8881977792402391,0,1.4249609823903626,0.49200000000000005,500,0
2024-08-13 00:00:00+00:00,2558.790871,2726.777989,6.5650975976144945,0,1.4991284468163084,0.4822000000000001,500,0
2024-08-14 00:00:00+00:00,2726.777989,2703.550559,-0.8518269581792625,0,1.4534729131474,0.4842,500,0
2024-08-15 00:00:00+00:00,2703.550559,2662.780395,-1.5080229908879454,0,1.442487833823191,0.48660000000000003,500,0
2024-08-16 00:00:00+00:00,2662.780395,2569.860481,-3.489582324343351,0,1.4333792526534492,0.485,500,0
2024-08-17 00:00:00+00:00,2569.860481,2592.249006,0.8711961277869794,0,1.4498378595315087,0.4892,500,0
2024-08-18 00:00:00+00:00,2592.249006,2613.139261,0.8058737780069497,0,1.4676810523999093,0.48280000000000006,500,0
2024-08-19 00:00:00+00:00,2613.139261,2614.601281,0.05594879774761432,0,1.464264793718057,0.4824000000000001,500,0
2024-08-20 00:00:00+00:00,2614.601281,2640.590421,0.9940001249467635,0,1.4619692495171253,0.4852,500,0
2024-08-21 00:00:00+00:00,2640.590421,2575.643436,-2.4595630008914604,0,1.4284503262728279,0.4894000000000001,500,0
2024-08-22 00:00:00+00:00,2575.643436,2630.298802,2.122008242137751,0,1.4660800208521678,0.486,500,0
2024-08-23 00:00:00+00:00,2630.298802,2623.289171,-0.2664956161889283,0,1.4492748369783317,0.487,500,0
2024-08-24 00:00:00+00:00,2623.289171,2763.255407,5.335524483816055,0,1.4859842018781455,0.48480000000000006,500,0
2024-08-25 00:00:00+00:00,2763.255407,2767.840734,0.16593931159544742,0,1.458713240614579,0.4846000000000001,500,0
2024-08-26 00:00:00+00:00,2767.840734,2745.164672,-0.8192690324066892,0,1.4587425424405205,0.4824000000000001,500,0
2024-08-27 00:00:00+00:00,2745.164672,2683.080115,-2.2615968227060033,0,1.4303370072119206,0.4892,500,0
2024-08-28 00:00:00+00:00,2683.080115,2457.277352,-8.41580397609559,0,1.4010472788362671,0.4826000000000001,500,0
2024-08-29 00:00:00+00:00,2457.277352,2527.026981,2.8384923233525132,0,1.4757305011175195,0.484,500,0
2024-08-30 00:00:00+00:00,2527.026981,2526.738355,-0.011421563844395773,0,1.4536674544845916,0.48600000000000004,500,0
2024-08-31 00:00:00+00:00,2526.738355,2527.690205,0.037671094758045184,0,1.4550991379600287,0.4856000000000001,500,0
2024-09-01 00:00:00+00:00,2527.690205,2513.36435,-0.5667567556998168,0,1.4485447549994601,0.48660000000000003,500,0
2024-09-02 00:00:00+00:00,2513.36435,2430.020266,-3.316036690024661,0,1.440189234284852,0.48300000000000004,500,0
2024-09-03 00:00:00+00:00,2430.020266,2534.904817,4.316200669908326,0,1.4868501525218243,0.48280000000000006,500,0
2024-09-04 00:00:00+00:00,2534.904817,2437.147156,-3.85646278883536,0,1.4279345063521238,0.48600000000000004,500,0
2024-09-05 00:00:00+00:00,2437.147156,2448.31,0.4580291334693599,0,1.4576415673936125,0.48560000000000003,500,0
2024-09-06 00:00:00+00:00,2448.31,2367.770051,-3.2896140194664887,0,1.42941076732409,0.48700000000000004,500,0
2024-09-07 00:00:00+00:00,2367.770051,2223.780428,-6.0812333925411215,0,1.4085762355376115,0.48700000000000004,500,0
2024-09-08 00:00:00+00:00,2223.780428,2272.697285,2.199716140320314,0,1.4739971669884488,0.4834000000000001,500,0
2024-09-09 00:00:00+00:00,2272.697285,2296.402952,1.0430631108005093,0,1.4554090790518868,0.48760000000000003,500,0
2024-09-10 00:00:00+00:00,2296.402952,2359.565767,2.7505109652027717,0,1.473525006165715,0.4846000000000001,500,0
2024-09-11 00:00:00+00:00,2359.565767,2389.474011,1.2675316966488155,0,1.4686832614199423,0.4834000000000001,500,0
2024-09-12 00:00:00+00:00,2389.474011,2342.963924,-1.9464571192609494,0,1.4485658196093159,0.4834000000000001,500,0
2024-09-13 00:00:00+00:00,2342.963924,2362.300238,0.8252928609753394,0,1.463819085209746,0.4842,500,0
2024-09-14 00:00:00+00:00,2362.300238,2445.09,3.5046248850270127,0,1.4746467301375155,0.48560000000000003,500,0
2024-09-15 00:00:00+00:00,2445.09,2418.082808,-1.1045479716493065,0,1.4468113937725346,0.48600000000000004,500,0
2024-09-16 00:00:00+00:00,2418.082808,2322.643332,-3.9469068505117963,0,1.4291851464765548,0.4854000000000001,500,0
2024-09-17 00:00:00+00:00,2322.643332,2295.134839,-1.1843614824973165,0,1.4580506546167153,0.48180000000000006,500,0
2024-09-18 00:00:00+00:00,2295.134839,2341.092413,2.0023910237894316,0,1.4803275981556137,0.48080000000000006,500,0
2024-09-19 00:00:00+00:00,2341.092413,2361.960992,0.8914034697698179,0,1.465326365848563,0.48380000000000006,500,0
2024-09-20 00:00:00+00:00,2361.960992,2465.234783,4.372374960881661,0,1.4767009109480878,0.48640000000000005,500,0
2024-09-21 00:00:00+00:00,2465.234783,2557.621856,3.7475973338155,0,1.4660542334015036,0.48900000000000005,500,0
2024-09-22 00:00:00+00:00,2557.621856,2614.599605,2.2277628284390008,0,1.4735407749740868,0.4836000000000001,500,0
2024-09-23 00:00:00+00:00,2614.599605,2582.847684,-1.2144085442099666,0,1.4489032037144747,0.48500000000000004,500,0
2024-09-24 00:00:00+00:00,2582.847684,2647.993162,2.522234601891467,0,1.4797756708714345,0.48200000000000004,500,0
2024-09-25 00:00:00+00:00,2647.993162,2653.844345,0.22096669598574153,0,1.4613140805064817,0.48380000000000006,500,0
2024-09-26 00:00:00+00:00,2653.844345,2578.56636,-2.83656368700856,0,1.4346808345419029,0.4862,500,0
2024-09-27 00:00:00+00:00,2578.56636,2630.95,2.0315024973799787,0,1.4672862465190875,0.4854000000000001,500,0
2024-09-28 00:00:00+00:00,2630.95,2698.192821,2.5558380432923573,0,1.4690196149987387,0.48580000000000007,500,0
2024-09-29 00:00:00+00:00,2698.192821,2680.218702,-0.6661539849972039,0,1.4495984390299976,0.486,500,0
2024-09-30 00:00:00+00:00,2680.218702,2659.611212,-0.7688734499398446,0,1.45401904652256,0.4842,500,0
2024-10-01 00:00:00+00:00,2659.611212,2597.341152,-2.3413219089708,0,1.4436376056553655,0.4842,500,0
2024-10-02 00:00:00+00:00,2597.341152,2451.631523,-5.609953428251075,0,1.4190119103055696,0.4844000000000001,500,0
2024-10-03 00:00:00+00:00,2451.631523,2365.23104,-3.5242034616308815,0,1.4309037869283023,0.48580000000000007,500,0
2024-10-04 00:00:00+00:00,2365.23104,2348.004837,-0.7283095270050307,0,1.4525820387669828,0.48480000000000006,500,0
2024-10-05 00:00:00+00:00,2348.004837,2416.918406,2.934984115622579,0,1.468770600973587,0.48660000000000003,500,0
2024-10-06 00:00:00+00:00,2416.918406,2415.403814,-0.06266624459642571,0,1.464662074278245,0.48200000000000004,500,0
2024-10-07 00:00:00+00:00,2415.403814,2438.030913,0.9367832769349214,0,1.4627698165263332,0.4848,500,0
2024-10-08 00:00:00+00:00,2438.030913,2422.750641,-0.6267464419143716,0,1.4430957798008452,0.48840000000000006,500,0
2024-10-09 00:00:00+00:00,2422.750641,2441.46517,0.7724496563243239,0,1.4720324425206088,0.48120000000000007,500,0
2024-10-10 00:00:00+00:00,2441.46517,2367.615097,-3.0248259900426953,0,1.4284311049535472,0.48800000000000004,500,0
2024-10-11 00:00:00+00:00,2367.615097,2381.781709,0.5983494537583609,0,1.4664309219449856,0.48280000000000006,500,0
2024-10-12 00:00:00+00:00,2381.781709,2435.713784,2.2643584336972578,0,1.4720410717993513,0.4842,500,0
2024-10-13 00:00:00+00:00,2435.713784,2477.613028,1.7202039203141524,0,1.4730058226262377,0.48280000000000006,500,0
2024-10-14 00:00:00+00:00,2477.613028,2466.860727,-0.4339782233337525,0,1.4640196780520054,0.48140000000000005,500,0
2024-10-15 00:00:00+00:00,2466.860727,2628.504376,6.55260539157303,0,1.492744110605029,0.48440000000000005,500,0
2024-10-16 00:00:00+00:00,2628.504376,2602.076044,-1.005451322101963,0,1.4541649506955168,0.48360000000000003,500,0
2024-10-17 00:00:00+00:00,2602.076044,2611.700159,0.3698629416381528,0,1.4486078281970816,0.48860000000000003,500,0
2024-10-18 00:00:00+00:00,2611.700159,2603.120292,-0.3285165400949046,0,1.4550965328689145,0.48480000000000006,500,0
2024-10-19 00:00:00+00:00,2603.120292,2643.156521,1.5380091777948393,0,1.4628229293323143,0.486,500,0
2024-10-20 00:00:00+00:00,2643.156521,2649.97929,0.2581295865679207,0,1.4570084767519924,0.48540000000000005,500,0
2024-10-21 00:00:00+00:00,2649.97929,2742.959141,3.508701043471158,0,1.4723637274917645,0.48640000000000005,500,0
2024-10-22 00:00:00+00:00,2742.959141,2665.731939,-2.8154703745184237,0,1.43975910515021,0.4844000000000001,500,0
2024-10-23 00:00:00+00:00,2665.731939,2619.565313,-1.731855529979443,0,1.4449412885264337,0.4852,500,0
2024-10-24 00:00:00+00:00,2619.565313,2524.103856,-3.6441716694849164,0,1.4307198303257627,0.48560000000000003,500,0
2024-10-25 00:00:00+00:00,2524.103856,2536.234041,0.4805739261150268,0,1.445852858417335,0.48980000000000007,500,0
2024-10-26 00:00:00+00:00,2536.234041,2422.09,-4.500532646229868,0,1.4260296218483712,0.485,500,0
2024-10-27 00:00:00+00:00,2422.09,2479.373603,2.3650484911790994,0,1.4731685162253947,0.484,500,0
2024-10-28 00:00:00+00:00,2479.373603,2505.502947,1.0538687662232058,0,1.4594499560366962,0.4862,500,0
2024-10-29 00:00:00+00:00,2505.502947,2564.813856,2.367225673033713,0,1.4743061898730712,0.48360000000000003,500,0
2024-10-30 00:00:00+00:00,2564.813856,2638.637351,2.87831784857605,0,1.4742149605264199,0.48460000000000003,500,0
2024-10-31 00:00:00+00:00,2638.637351,2657.614182,0.7191905698146827,0,1.4643007320516408,0.48380000000000006,500,0
2024-11-01 00:00:00+00:00,2657.614182,2514.750787,-5.375625851472818,0,1.4108147936967033,0.4882,500,0
2024-11-02 00:00:00+00:00,2514.750787,2513.837287,-0.03632566712862561,0,1.4444670095504364,0.4892,500,0
2024-11-03 00:00:00+00:00,2513.837287,2491.35215,-0.8944547491708705,0,1.4515228204314172,0.4848,500,0
2024-11-04 00:00:00+00:00,2491.35215,2456.979687,-1.3796709951260864,0,1.449491353123532,0.4844000000000001,500,0
2024-11-05 00:00:00+00:00,2456.979687,2395.947214,-2.4840446717132427,0,1.431019419831326,0.4884000000000001,500,0
2024-11-06 00:00:00+00:00,2395.947214,2422.36848,1.1027482511140285,0,1.4569075786490975,0.4872,500,0
2024-11-07 00:00:00+00:00,2422.36848,2720.621745,12.312464741119808,0,1.5201467787748375,0.48240000000000005,500,0
2024-11-08 00:00:00+00:00,2720.621745,2894.971873,6.408466311806239,0,1.4874356427219713,0.48600000000000004,500,0
2024-11-09 00:00:00+00:00,2894.971873,2960.959337,2.279381869490095,0,1.4784420622547068,0.482,500,0
2024-11-10 00:00:00+00:00,2960.959337,3130.035524,5.710182672461339,0,1.501609906814299,0.4800000000000001,500,0
2024-11-11 00:00:00+00:00,3130.035524,3191.904456,1.976620761189812,0,1.4601226868726176,0.48780000000000007,500,0
2024-11-12 00:00:00+00:00,3191.904456,3372.791486,5.667056532972861,0,1.4776874382707892,0.4882,500,0
2024-11-13 00:00:00+00:00,3372.791486,3260.934386,-3.31645464785783,0,1.4324413797834015,0.48580000000000007,500,0
2024-11-14 00:00:00+00:00,3260.934386,3191.899184,-2.1170374447393137,0,1.442378823059179,0.4852000000000001,500,0
2024-11-15 00:00:00+00:00,3191.899184,3059.812297,-4.138191070135,0,1.4232790904783803,0.48700000000000004,500,0
2024-11-16 00:00:00+00:00,3059.812297,3093.913043,1.1144718267010767,0,1.4620870596551223,0.48540000000000005,500,0
2024-11-17 00:00:00+00:00,3093.913043,3133.880223,1.2918003655734966,0,1.4722236361486443,0.4822000000000001,500,0
2024-11-18 00:00:00+00:00,3133.880223,3075.534533,-1.8617715371440378,0,1.4395748007946398,0.48680000000000007,500,0
2024-11-19 00:00:00+00:00,3075.534533,3209.423907,4.353369229426235,0,1.4754752540831997,0.48680000000000007,500,0
2024-11-20 00:00:00+00:00,3209.423907,3112.909801,-3.0072096674264626,0,1.4312405541897293,0.48700000000000004,500,0
2024-11-21 00:00:00+00:00,3112.909801,3075.193857,-1.211597714391969,0,1.4472483616810186,0.48560000000000003,500,0
2024-11-22 00:00:00+00:00,3075.193857,3365.936972,9.454464613285671,0,1.5109794986613891,0.4822000000000001,500,0
2024-11-23 00:00:00+00:00,3365.936972,3327.757195,-1.1342986311866041,0,1.4483434628793392,0.48540000000000005,500,0
2024-11-24 00:00:00+00:00,3327.757195,3394.036962,1.991724849985637,0,1.4670885508242404,0.4854000000000001,500,0
2024-11-25 00:00:00+00:00,3394.036962,3368.702762,-0.746432648897011,0,1.455839839921024,0.48360000000000003,500,0
2024-11-26 00:00:00+00:00,3368.702762,3417.291224,1.4423493383890353,0,1.4696676410672977,0.48340000000000005,500,0
2024-11-27 00:00:00+00:00,3417.291224,3325.636533,-2.6820860439490652,0,1.4435209141303484,0.4834000000000001,500,0
2024-11-28 00:00:00+00:00,3325.636533,3666.18849,10.24020375109345,0,1.4949123181432606,0.48860000000000003,500,0
2024-11-29 00:00:00+00:00,3666.18849,3579.240786,-2.371610304193611,0,1.4490215198565988,0.4822000000000001,500,0
2024-11-30 00:00:00+00:00,3579.240786,3598.193321,0.5295127132584131,0,1.4665834941701177,0.48260000000000003,500,0
2024-12-01 00:00:00+00:00,3598.193321,3709.909439,3.1047836520621406,0,1.477710247880923,0.48380000000000006,500,0
2024-12-02 00:00:00+00:00,3709.909439,3708.807239,-0.029709620089726715,0,1.4597768242634974,0.48380000000000006,500,0
2024-12-03 00:00:00+00:00,3708.807239,3643.855376,-1.7512871069975882,0,1.4442972474510336,0.4854000000000001,500,0
2024-12-04 00:00:00+00:00,3643.855376,3625.710458,-0.49795933503591283,0,1.460252699734722,0.48260000000000003,500,0
2024-12-05 00:00:00+00:00,3625.710458,3839.443461,5.894927503888393,0,1.4879802634567105,0.48500000000000004,500,0
2024-12-06 00:00:00+00:00,3839.443461,3796.868867,-1.1088740967919075,0,1.4568690604196548,0.4824000000000001,500,0
2024-12-07 00:00:00+00:00,3796.868867,4013.726145,5.711476629724751,0,1.4830842229556391,0.48640000000000005,500,0
2024-12-08 00:00:00+00:00,4013.726145,4000.992077,-0.3172630005129612,0,1.4455759725034085,0.4882,500,0
2024-12-09 00:00:00+00:00,4000.992077,4015.782021,0.3696569179684508,0,1.452012478799079,0.48740000000000006,500,0
2024-12-10 00:00:00+00:00,4015.782021,3713.313898,-7.531985586326229,0,1.3971332021154432,0.4870000000000001,500,0
2024-12-11 00:00:00+00:00,3713.313898,3626.588642,-2.3355218110354246,0,1.447506429491003,0.48280000000000006,500,0
2024-12-12 00:00:00+00:00,3626.588642,3828.107588,5.556708132435597,0,1.4829562526572995,0.4862,500,0
2024-12-13 00:00:00+00:00,3828.107588,3878.850012,1.3255224111010548,0,1.4604519585083464,0.4864000000000001,500,0
2024-12-14 00:00:00+00:00,3878.850012,3907.42966,0.7368072472919303,0,1.4575880609252996,0.4862,500,0
2024-12-15 00:00:00+00:00,3907.42966,3866.995802,-1.0347942642171548,0,1.445601917059424,0.48660000000000003,500,0
2024-12-16 00:00:00+00:00,3866.995802,3961.315466,2.4390940365442915,0,1.4735905959089435,0.48400000000000004,500,0
2024-12-17 00:00:00+00:00,3961.315466,3992.857196,0.7962438303821753,0,1.465906542495482,0.4834000000000001,500,0
2024-12-18 00:00:00+00:00,3992.857196,3879.406224,-2.8413480981401995,0,1.4374713223723448,0.4852,500,0
2024-12-19 00:00:00+00:00,3879.406224,3628.262478,-6.4737676721322845,0,1.4142988648783448,0.48360000000000003,500,0
2024-12-20 00:00:00+00:00,3628.262478,3434.67547,-5.3355293111735005,0,1.4272102886396651,0.4822000000000001,500,0
2024-12-21 00:00:00+00:00,3434.67547,3468.65892,0.9894224446189007,0,1.4528296496610988,0.48840000000000006,500,0
2024-12-22 00:00:00+00:00,3468.65892,3337.597223,-3.7784544408303957,0,1.4335200321416754,0.4842,500,0
2024-12-23 00:00:00+00:00,3337.597223,3275.889427,-1.8488688681414374,0,1.4425196311560777,0.4858,500,0
2024-12-24 00:00:00+00:00,3275.889427,3414.641442,4.23555245352303,0,1.473140439017648,0.48740000000000006,500,0
2024-12-25 00:00:00+00:00,3414.641442,3497.555288,2.428186016258158,0,1.4706703278593114,0.48500000000000004,500,0
2024-12-26 00:00:00+00:00,3497.555288,3494.510927,-0.08704254112709278,0,1.4492456681335106,0.4874000000000001,500,0
2024-12-27 00:00:00+00:00,3494.510927,3327.789776,-4.770943759592935,0,1.4327056031818715,0.48180000000000006,500,0
2024-12-28 00:00:00+00:00,3327.789776,3328.611155,0.024682418520657747,0,1.453322857723435,0.4862,500,0
2024-12-29 00:00:00+00:00,3328.611155,3397.834121,2.0796351023464563,0,1.479613568365652,0.48120000000000007,500,0
2024-12-30 00:00:00+00:00,3397.834121,3357.330743,-1.1920351776348497,0,1.4372856936507608,0.4892,500,0
2024-12-31 00:00:00+00:00,3357.330743,3359.513942,0.06502782022748298,0,1.4546992934539855,0.4858,500,0
2025-01-01 00:00:00+00:00,3359.513942,3336.617514,-0.6815399011670484,0,1.4534396826416327,0.48460000000000003,500,0
2025-01-02 00:00:00+00:00,3336.617514,3348.967247,0.37012732050294017,0,1.4452049390393296,0.48980000000000007,500,0
2025-01-03 00:00:00+00:00,3348.967247,3448.140437,2.961306656218844,0,1.4815619504014048,0.4822000000000001,500,0
2025-01-04 00:00:00+00:00,3448.140437,3604.29138,4.52855519817101,0,1.485575390167864,0.48360000000000003,500,0
2025-01-05 00:00:00+00:00,3604.29138,3660.38,1.5561621990728172,0,1.4669316195458857,0.48460000000000003,500,0
2025-01-06 00:00:00+00:00,3660.38,3635.854996,-0.6700125123621067,0,1.4529380592167596,0.48480000000000006,500,0
2025-01-07 00:00:00+00:00,3635.854996,3687.144714,1.4106645632575165,0,1.472383820962137,0.48240000000000005,500,0
2025-01-08 00:00:00+00:00,3687.144714,3380.021126,-8.329577812171545,0,1.3978625949185821,0.48400000000000004,500,0
2025-01-09 00:00:00+00:00,3380.021126,3325.130029,-1.6239868022647435,0,1.43785112726842,0.488,500,0
2025-01-10 00:00:00+00:00,3325.130029,3219.09,-3.1890490920708525,0,1.4422428862893049,0.48260000000000003,500,0
2025-01-11 00:00:00+00:00,3219.09,3269.175995,1.5559053956242264,0,1.47146397969339,0.4830000000000001,500,0
2025-01-12 00:00:00+00:00,3269.175995,3283.591323,0.4409468325366204,0,1.4609329442111327,0.48440000000000005,500,0
2025-01-13 00:00:00+00:00,3283.591323,3264.070969,-0.5944818364961986,0,1.4539921362955697,0.48460000000000003,500,0
2025-01-14 00:00:00+00:00,3264.070969,3134.552039,-3.968018196604344,0,1.4350017322570994,0.4832,500,0
2025-01-15 00:00:00+00:00,3134.552039,3224.800648,2.87915491199793,0,1.4787954987832916,0.48300000000000004,500,0
2025-01-16 00:00:00+00:00,3224.800648,3447.034048,6.891384127506541,0,1.478379533481626,0.48980000000000007,500,0
2025-01-17 00:00:00+00:00,3447.034048,3309.446614,-3.9914730195319508,0,1.430421695099327,0.48480000000000006,500,0
2025-01-18 00:00:00+00:00,3309.446614,3477.284285,5.0714723812130424,0,1.487642043313755,0.48380000000000006,500,0
2025-01-19 00:00:00+00:00,3477.284285,3309.099568,-4.836668595820606,0,1.4267645941679568,0.48380000000000006,500,0
2025-01-20 00:00:00+00:00,3309.099568,3208.136544,-3.051072411853161,0,1.4393113625269385,0.484,500,0
2025-01-21 00:00:00+00:00,3208.136544,3263.06987,1.7123125916426036,0,1.4729333676212297,0.48280000000000006,500,0
2025-01-22 00:00:00+00:00,3263.06987,3326.02854,1.9294306437882065,0,1.465588084643497,0.4858,500,0
2025-01-23 00:00:00+00:00,3326.02854,3237.299667,-2.66771231614265,0,1.4435356158317603,0.48340000000000005,500,0
2025-01-24 00:00:00+00:00,3237.299667,3332.580893,2.943231575725473,0,1.4774143563794977,0.48360000000000003,500,0
2025-01-25 00:00:00+00:00,3332.580893,3311.85,-0.6220672105377736,0,1.4431202204099072,0.4884000000000001,500,0
2025-01-26 00:00:00+00:00,3311.85,3320.13141,0.2500538973685418,0,1.455255591421599,0.48600000000000004,500,0
2025-01-27 00:00:00+00:00,3320.13141,3232.276774,-2.646119238997231,0,1.431563805498869,0.4878,500,0
2025-01-28 00:00:00+00:00,3232.276774,3173.534608,-1.8173618816468344,0,1.4454995675327322,0.48480000000000006,500,0
2025-01-29 00:00:00+00:00,3173.534608,3076.493769,-3.0578156846115534,0,1.4337813804848296,0.48600000000000004,500,0
2025-01-30 00:00:00+00:00,3076.493769,3114.435885,1.2332908449976359,0,1.4696130796216365,0.4830000000000001,500,0
2025-01-31 00:00:00+00:00,3114.435885,3248.249484,4.296559760452415,0,1.4798300157474236,0.4852,500,0
2025-02-01 00:00:00+00:00,3248.249484,3296.390635,1.4820644546279642,0,1.4664954899406153,0.48460000000000003,500,0
2025-02-02 00:00:00+00:00,3296.390635,3125.03868,-5.198168966403464,0,1.420306863977962,0.4852,500,0
2025-02-03 00:00:00+00:00,3125.03868,2862.697619,-8.394810044399197,0,1.3900754665216741,0.48680000000000007,500,0
2025-02-04 00:00:00+00:00,2862.697619,2877.813824,0.52804057612205,0,1.4586325832216216,0.48540000000000005,500,0
2025-02-05 00:00:00+00:00,2877.813824,2740.380976,-4.775598993022278,0,1.427336124689225,0.48380000000000006,500,0
2025-02-06 00:00:00+00:00,2740.380976,2790.552161,1.8308105858052106,0,1.469632859127275,0.4842,500,0
2025-02-07 00:00:00+00:00,2790.552161,2686.662317,-3.7229135313052573,0,1.4361709377434713,0.4834000000000001,500,0
2025-02-08 00:00:00+00:00,2686.662317,2623.450702,-2.352793449330228,0,1.448582598423788,0.48240000000000005,500,0
2025-02-09 00:00:00+00:00,2623.450702,2635.601142,0.46314725833182013,0,1.4554120216736597,0.48640000000000005,500,0
2025-02-10 00:00:00+00:00,2635.601142,2632.535822,-0.11630439641083432,0,1.456413677873272,0.48480000000000006,500,0
2025-02-11 00:00:00+00:00,2632.535822,2660.2968,1.0545337225044702,0,1.465156318389133,0.4842,500,0
2025-02-12 00:00:00+00:00,2660.2968,2603.03337,-2.152520350360906,0,1.4370883580020677,0.48700000000000004,500,0
2025-02-13 00:00:00+00:00,2603.03337,2736.270314,5.118526160116025,0,1.479758929860691,0.48660000000000003,500,0
2025-02-14 00:00:00+00:00,2736.270314,2675.709001,-2.2132796124030785,0,1.4450686284680865,0.48400000000000004,500,0
2025-02-15 00:00:00+00:00,2675.709001,2724.669834,1.8298265237999114,0,1.4730285660832183,0.483,500,0
2025-02-16 00:00:00+00:00,2724.669834,2692.821386,-1.1688920104218299,0,1.445301572513113,0.4864,500,0
2025-02-17 00:00:00+00:00,2692.821386,2659.901747,-1.2224961956685896,0,1.453348856129388,0.4834000000000001,500,0
2025-02-18 00:00:00+00:00,2659.901747,2741.90508,3.0829459431156994,0,1.4787317865125797,0.4834000000000001,500,0
2025-02-19 00:00:00+00:00,2741.90508,2669.494501,-2.6408856939715752,0,1.4500116379595918,0.48120000000000007,500,0
2025-02-20 00:00:00+00:00,2669.494501,2714.801836,1.6972252605513032,0,1.469443930078658,0.4840000000000001,500,0
2025-02-21 00:00:00+00:00,2714.801836,2741.593363,0.9868686047256622,0,1.4556480984448807,0.48740000000000006,500,0
2025-02-22 00:00:00+00:00,2741.593363,2658.347094,-3.036419263464629,0,1.4311966686935196,0.487,500,0
2025-02-23 00:00:00+00:00,2658.347094,2764.355233,3.9877463420508485,0,1.4770969196488413,0.4856000000000001,500,0
2025-02-24 00:00:00+00:00,2764.355233,2827.184408,2.2728328924577057,0,1.4703517307465868,0.48480000000000006,500,0
2025-02-25 00:00:00+00:00,2827.184408,2503.10342,-11.463029687167126,0,1.3657152825970014,0.4854000000000001,500,0
2025-02-26 00:00:00+00:00,2503.10342,2495.315452,-0.31113249008305427,0,1.45690684872589,0.4842,500,0
2025-02-27 00:00:00+00:00,2495.315452,2325.853935,-6.791186134970471,0,1.4129700692597587,0.4832,500,0
2025-02-28 00:00:00+00:00,2325.853935,2305.322938,-0.8827294221294382,0,1.447667640786889,0.4862,500,0
2025-03-01 00:00:00+00:00,2305.322938,2235.204209,-3.0416011502853406,0,1.4343875753187862,0.4858,500,0
2025-03-02 00:00:00+00:00,2235.204209,2212.824351,-1.0012444460281429,0,1.4452421763183223,0.48680000000000007,500,0
2025-03-03 00:00:00+00:00,2212.824351,2517.338239,13.761322170121035,0,1.516344780412263,0.4850000000000001,500,0
2025-03-04 00:00:00+00:00,2517.338239,2148.199533,-14.663850104888512,0,1.3321032546023377,0.48640000000000005,500,0
2025-03-05 00:00:00+00:00,2148.199533,2171.496944,1.0845087079720546,0,1.4607714346617686,0.48580000000000007,500,0
2025-03-06 00:00:00+00:00,2171.496944,2241.384115,3.2183867996270066,0,1.4788943273102473,0.48360000000000003,500,0
2025-03-07 00:00:00+00:00,2241.384115,2202.320736,-1.74282394251731,0,1.4560243744668642,0.48120000000000007,500,0
2025-03-08 00:00:00+00:00,2202.320736,2140.749809,-2.795729341032741,0,1.4411802042717605,0.48400000000000004,500,0
2025-03-09 00:00:00+00:00,2140.749809,2199.9995,2.7677074056438693,0,1.4747777754143099,0.4842,500,0
2025-03-10 00:00:00+00:00,2199.9995,2017.26546,-8.306094615021497,0,1.3881708720617665,0.48780000000000007,500,0
2025-03-11 00:00:00+00:00,2017.26546,1879.123105,-6.848000807984893,0,1.4010980474456864,0.48760000000000003,500,0
2025-03-12 00:00:00+00:00,1879.123105,1921.309923,2.2450268365999433,0,1.4759375977398677,0.48280000000000006,500,0
2025-03-13 00:00:00+00:00,1921.309923,1910.655138,-0.5545583704352703,0,1.4598867284033217,0.4826000000000001,500,0
2025-03-14 00:00:00+00:00,1910.655138,1862.794937,-2.5049104910736744,0,1.4386036110918927,0.48560000000000003,500,0
2025-03-15 00:00:00+00:00,1862.794937,1910.66627,2.5698659605064225,0,1.465679026066678,0.487,500,0
2025-03-16 00:00:00+00:00,1910.66627,1939.785688,1.5240452221936172,0,1.4535852634512434,0.4892,500,0
2025-03-17 00:00:00+00:00,1939.785688,1887.764343,-2.6818088885703686,0,1.4396744870940463,0.48480000000000006,500,0
2025-03-18 00:00:00+00:00,1887.764343,1929.183358,2.1940776216896656,0,1.4733786970383105,0.48360000000000003,500,0
2025-03-19 00:00:00+00:00,1929.183358,1932.796406,0.18728380508867812,0,1.4571428050380755,0.4852,500,0
2025-03-20 00:00:00+00:00,1932.796406,2060.728601,6.619020741287526,0,1.48589800697155,0.48680000000000007,500,0
2025-03-21 00:00:00+00:00,2060.728601,1980.831781,-3.8771151116759652,0,1.4315435816924171,0.48460000000000003,500,0
2025-03-22 00:00:00+00:00,1980.831781,1964.529383,-0.8230076958766261,0,1.4491742068382147,0.48580000000000007,500,0
2025-03-23 00:00:00+00:00,1964.529383,1979.544926,0.7643328285103068,0,1.4697005517643416,0.48200000000000004,500,0
2025-03-24 00:00:00+00:00,1979.544926,2001.047023,1.0862141453616116,0,1.45224565851881,0.48880000000000007,500,0
2025-03-25 00:00:00+00:00,2001.047023,2077.739326,3.8326087352520855,0,1.4699684605484087,0.48780000000000007,500,0
2025-03-26 00:00:00+00:00,2077.739326,2068.598435,-0.43994407217568404,0,1.4577846548443245,0.4836000000000001,500,0
2025-03-27 00:00:00+00:00,2068.598435,2009.883543,-2.838390042579722,0,1.433094422579517,0.48680000000000007,500,0
2025-03-28 00:00:00+00:00,2009.883543,2003.303424,-0.32738807295164607,0,1.4494632605354023,0.48680000000000007,500,0
2025-03-29 00:00:00+00:00,2003.303424,1896.91736,-5.310531731013506,0,1.4230202205244635,0.48380000000000006,500,0
2025-03-30 00:00:00+00:00,1896.91736,1829.274521,-3.5659349440504813,0,1.4361775652254876,0.48380000000000006,500,0
2025-03-31 00:00:00+00:00,1829.274521,1805.337878,-1.3085320286927018,0,1.4432822020518605,0.48680000000000007,500,0
2025-04-01 00:00:00+00:00,1805.337878,1824.207137,1.045192660606219,0,1.463958503398717,0.48460000000000003,500,0
2025-04-02 00:00:00+00:00,1824.207137,1907.167152,4.547729987310091,0,1.4769770782408553,0.48660000000000003,500,0
2025-04-03 00:00:00+00:00,1907.167152,1795.761851,-5.841402044030172,0,1.4200298560411686,0.4834000000000001,500,0
2025-04-04 00:00:00+00:00,1795.761851,1818.28442,1.254206897616068,0,1.4549257850525192,0.4882,500,0
2025-04-05 00:00:00+00:00,1818.28442,1814.480775,-0.2091886702741456,0,1.4524546511721623,0.486,500,0
2025-04-06 00:00:00+00:00,1814.480775,1809.935827,-0.2504820146137937,0,1.456714017918651,0.48440000000000005,500,0
2025-04-07 00:00:00+00:00,1809.935827,1574.632161,-13.00066347600953,0,1.3561762998860531,0.4832,500,0
2025-04-08 00:00:00+00:00,1574.632161,1555.909813,-1.1889981967667946,0,1.4518700223846164,0.4840000000000001,500,0
2025-04-09 00:00:00+00:00,1555.909813,1471.360885,-5.434050694556544,0,1.4155180068660047,0.4862,500,0
2025-04-10 00:00:00+00:00,1471.360885,1662.53316,12.992888213145607,0,1.513246888635772,0.4854000000000001,500,0
2025-04-11 00:00:00+00:00,1662.53316,1523.928624,-8.336948659718766,0,1.395140613855239,0.485,500,0
2025-04-12 00:00:00+00:00,1523.928624,1568.13169,2.900599496843629,0,1.4651403548599775,0.4878,500,0
2025-04-13 00:00:00+00:00,1568.13169,1645.862573,4.95691041101275,0,1.4749583655872234,0.488,500,0
2025-04-14 00:00:00+00:00,1645.862573,1595.422746,-3.064643903291441,0,1.4364829901941871,0.48500000000000004,500,0
2025-04-15 00:00:00+00:00,1595.422746,1621.543196,1.6372118340100512,0,1.461665636252836,0.48660000000000003,500,0
2025-04-16 00:00:00+00:00,1621.543196,1587.822224,-2.07956051267598,0,1.441560590469937,0.48560000000000003,500,0
2025-04-17 00:00:00+00:00,1587.822224,1577.707352,-0.6370279901057806,0,1.4480882944261324,0.48660000000000003,500,0
2025-04-18 00:00:00+00:00,1577.707352,1583.47645,0.3656633781091877,0,1.4536812237653123,0.48680000000000007,500,0
2025-04-19 00:00:00+00:00,1583.47645,1589.151621,0.358399457093275,0,1.4502426418983525,0.48800000000000004,500,0
2025-04-20 00:00:00+00:00,1589.151621,1615.050255,1.6297144751803474,0,1.4518857524527322,0.49000000000000005,500,0
2025-04-21 00:00:00+00:00,1615.050255,1585.460025,-1.8321553715367214,0,1.4353802471332047,0.48840000000000006,500,0
2025-04-22 00:00:00+00:00,1585.460025,1577.44656,-0.5054346923694903,0,1.4573850580686711,0.48360000000000003,500,0
2025-04-23 00:00:00+00:00,1577.44656,1759.70646,11.55410931955755,0,1.5113617989175618,0.48440000000000005,500,0
2025-04-24 00:00:00+00:00,1759.70646,1793.969849,1.9471082125822257,0,1.457116339616415,0.48880000000000007,500,0
2025-04-25 00:00:00+00:00,1793.969849,1769.392511,-1.3699972724569494,0,1.4495589006229128,0.48440000000000005,500,0
2025-04-26 00:00:00+00:00,1769.392511,1788.79818,1.096741897535927,0,1.4596937747531575,0.4862,500,0
2025-04-27 00:00:00+00:00,1788.79818,1821.26953,1.8152606796592352,0,1.4661152672620246,0.4854000000000001,500,0
2025-04-28 00:00:00+00:00,1821.26953,1793.691844,-1.5142012505968891,0,1.4435777187866086,0.4862,500,0
2025-04-29 00:00:00+00:00,1793.691844,1799.5,0.32381013602914355,0,1.4494616124891202,0.4882,500,0
2025-04-30 00:00:00+00:00,1799.5,1796.972046,-0.14048091136426277,0,1.4596551452920516,0.48360000000000003,500,0
2025-05-01 00:00:00+00:00,1796.972046,1794.049541,-0.16263497289818168,0,1.4583912035099396,0.484,500,0
2025-05-02 00:00:00+00:00,1794.049541,1838.854329,2.497410856058401,0,1.4658732573785056,0.48680000000000007,500,0
2025-05-03 00:00:00+00:00,1838.854329,1841.427591,0.13993832787174987,0,1.4608194625522033,0.4838,500,0
2025-05-04 00:00:00+00:00,1841.427591,1834.501912,-0.37610379218000684,0,1.4491603382104878,0.48680000000000007,500,0
2025-05-05 00:00:00+00:00,1834.501912,1808.156094,-1.4361292200168614,0,1.439664802561477,0.48780000000000007,500,0
2025-05-06 00:00:00+00:00,1808.156094,1820.00446,0.6552734047307406,0,1.4622347552668984,0.48440000000000005,500,0
2025-05-07 00:00:00+00:00,1820.00446,1816.168694,-0.2107558571587318,0,1.4501857839767027,0.48680000000000007,500,0
2025-05-08 00:00:00+00:00,1816.168694,1810.316927,-0.32220393509326073,0,1.4489223267925286,0.4870000000000001,500,0
2025-05-09 00:00:00+00:00,1810.316927,2197.561189,21.390965097019166,0,1.5434877070402895,0.48100000000000004,500,0
2025-05-10 00:00:00+00:00,2197.561189,2341.407963,6.54574601699521,0,1.4787650660701765,0.4892,500,0
2025-05-11 00:00:00+00:00,2341.407963,2583.682905,10.347404033322663,0,1.5099475715656439,0.4836000000000001,500,0
2025-05-12 00:00:00+00:00,2583.682905,2507.469311,-2.9498044768771763,0,1.4206282586445644,0.491,500,0
2025-05-13 00:00:00+00:00,2507.469311,2492.426391,-0.5999243912580778,0,1.4472095525465807,0.48700000000000004,500,0
2025-05-14 00:00:00+00:00,2492.426391,2676.639163,7.390901198333519,0,1.4898161401445544,0.48660000000000003,500,0
2025-05-15 00:00:00+00:00,2676.639163,2603.718089,-2.724352053426182,0,1.4348707330363442,0.4864000000000001,500,0
2025-05-16 00:00:00+00:00,2603.718089,2542.296692,-2.3589879895019648,0,1.4418678230490023,0.48480000000000006,500,0
2025-05-17 00:00:00+00:00,2542.296692,2544.387038,0.08222274003572334,0,1.4582008610050967,0.48460000000000003,500,0
2025-05-18 00:00:00+00:00,2544.387038,2475.054393,-2.7249252556520833,0,1.4348350148437434,0.48640000000000005,500,0
2025-05-19 00:00:00+00:00,2475.054393,2465.340986,-0.3924522639773652,0,1.462026512635317,0.4822000000000001,500,0
2025-05-20 00:00:00+00:00,2465.340986,2526.989644,2.5006138440923995,0,1.473353968761975,0.4842,500,0
2025-05-21 00:00:00+00:00,2526.989644,2524.274343,-0.10745200347169215,0,1.4536445229637973,0.4858,500,0
2025-05-22 00:00:00+00:00,2524.274343,2558.950234,1.3736973992608483,0,1.4618948195522756,0.486,500,0
2025-05-23 00:00:00+00:00,2558.950234,2657.167445,3.8381837088903756,0,1.4734877449538868,0.48660000000000003,500,0
2025-05-24 00:00:00+00:00,2657.167445,2519.813809,-5.169175027281724,0,1.4111509063304857,0.4886000000000001,500,0
2025-05-25 00:00:00+00:00,2519.813809,2529.442984,0.3821383534611615,0,1.4583188544777552,0.4852,500,0
2025-05-26 00:00:00+00:00,2529.442984,2546.620116,0.6790875346332874,0,1.4612385152845957,0.48480000000000006,500,0
2025-05-27 00:00:00+00:00,2546.620116,2562.172929,0.6107237158099864,0,1.4630948350342354,0.4840000000000001,500,0
2025-05-28 00:00:00+00:00,2562.172929,2662.094057,3.8998588607755895,0,1.4789563290583831,0.48480000000000006,500,0
2025-05-29 00:00:00+00:00,2662.094057,2676.27,0.5325109743107844,0,1.4711539896625438,0.481,500,0
2025-05-30 00:00:00+00:00,2676.27,2633.139207,-1.6116009595444336,0,1.45586234421519,0.48160000000000014,500,0
2025-05-31 00:00:00+00:00,2633.139207,2524.476235,-4.1267461937115915,0,1.4368788778060666,0.482,500,0
2025-06-01 00:00:00+00:00,2524.476235,2532.362785,0.3124034162278305,0,1.468102804935127,0.4816000000000001,500,0
2025-06-02 00:00:00+00:00,2532.362785,2538.330058,0.23564052652117162,0,1.4483741056899424,0.4884,500,0
2025-06-03 00:00:00+00:00,2538.330058,2609.737254,2.813156459891715,0,1.4623686563061902,0.4886000000000001,500,0
2025-06-04 00:00:00+00:00,2609.737254,2595.468957,-0.5467330850310985,0,1.4430304775603728,0.48860000000000003,500,0
2025-06-05 00:00:00+00:00,2595.468957,2610.34319,0.5730846042247618,0,1.4731000337752838,0.4804000000000001,500,0
2025-06-06 00:00:00+00:00,2610.34319,2421.601104,-7.230546800246607,0,1.4105303000280116,0.48280000000000006,500,0
2025-06-07 00:00:00+00:00,2421.601104,2481.403984,2.4695594952123954,0,1.4702788110449334,0.4852,500,0
2025-06-08 00:00:00+00:00,2481.403984,2526.291996,1.808976381493546,0,1.467768585453976,0.4848,500,0
2025-06-09 00:00:00+00:00,2526.291996,2508.784124,-0.6930264604297997,0,1.4516926373488312,0.4852,500,0
2025-06-10 00:00:00+00:00,2508.784124,2685.000185,7.023962696281798,0,1.489620253399286,0.4862,500,0
2025-06-11 00:00:00+00:00,2685.000185,2808.503208,4.599739832047729,0,1.4923371855493337,0.4814000000000001,500,0
2025-06-12 00:00:00+00:00,2808.503208,2776.137192,-1.1524293761817894,0,1.4487388188479884,0.4852,500,0
2025-06-13 00:00:00+00:00,2776.137192,2653.158968,-4.429832371195002,0,1.4350385847268876,0.4818,500,0
2025-06-14 00:00:00+00:00,2653.158968,2577.05,-2.8686169550319986,0,1.4306176226321055,0.4876000000000001,500,0
2025-06-15 00:00:00+00:00,2577.05,2534.07022,-1.6677899148250952,0,1.4610161082899535,0.4796,500,0
2025-06-16 00:00:00+00:00,2534.07022,2547.845604,0.5436070354830195,0,1.4609993591154797,0.48460000000000003,500,0
2025-06-17 00:00:00+00:00,2547.845604,2561.329844,0.5292408605462645,0,1.469997511159873,0.4814000000000001,500,0
2025-06-18 00:00:00+00:00,2561.329844,2514.986701,-1.8093391254765723,0,1.4394008350863357,0.487,500,0
2025-06-19 00:00:00+00:00,2514.986701,2521.333423,0.2523560859179362,0,1.4541367016933882,0.4864000000000001,500,0
2025-06-20 00:00:00+00:00,2521.333423,2522.17919,0.03354443296886388,0,1.457337484857995,0.48480000000000006,500,0
2025-06-21 00:00:00+00:00,2522.17919,2405.695434,-4.6183774912519056,0,1.4273630816896399,0.4842000000000001,500,0
2025-06-22 00:00:00+00:00,2405.695434,2270.581996,-5.616398322515181,0,1.4132617472990292,0.48660000000000003,500,0
2025-06-23 00:00:00+00:00,2270.581996,2227.428727,-1.9005377949803806,0,1.439929169773895,0.48660000000000003,500,0
2025-06-24 00:00:00+00:00,2227.428727,2423.899644,8.820525416524365,0,1.5007355753889051,0.48480000000000006,500,0
2025-06-25 00:00:00+00:00,2423.899644,2446.539302,0.9340179596973468,0,1.4604588143782435,0.4856000000000001,500,0
2025-06-26 00:00:00+00:00,2446.539302,2417.226786,-1.198121606958757,0,1.45015513828071,0.48460000000000003,500,0
2025-06-27 00:00:00+00:00,2417.226786,2415.031865,-0.09080327144778914,0,1.4599656612730814,0.48360000000000003,500,0
2025-06-28 00:00:00+00:00,2415.031865,2423.03029,0.33119335259786414,0,1.4625508877237083,0.48360000000000003,500,0
2025-06-29 00:00:00+00:00,2423.03029,2437.133002,0.582027887071931,0,1.4589470272333482,0.48540000000000005,500,0
2025-06-30 00:00:00+00:00,2437.133002,2502.667272,2.688990299102277,0,1.4743687332655708,0.4842,500,0
2025-07-01 00:00:00+00:00,2502.667272,2488.190782,-0.5784424546548356,0,1.45072165763027,0.48580000000000007,500,0
2025-07-02 00:00:00+00:00,2488.190782,2405.104559,-3.3392223619290076,0,1.4355096758639438,0.48460000000000003,500,0
2025-07-03 00:00:00+00:00,2405.104559,2574.067718,7.025189751843961,0,1.5016176781270911,0.48200000000000004,500,0
2025-07-04 00:00:00+00:00,2574.067718,2590.132232,0.6240905741392833,0,1.4665959579657815,0.48280000000000006,500,0
2025-07-05 00:00:00+00:00,2590.132232,2509.236346,-3.12323382569295,0,1.441553016880019,0.48300000000000004,500,0
2025-07-06 00:00:00+00:00,2509.236346,2517.38,0.32454710824597505,0,1.4636465683725,0.4832,500,0
2025-07-07 00:00:00+00:00,2517.38,2571.358192,2.1442210552240835,0,1.4719367272720436,0.48400000000000004,500,0
2025-07-08 00:00:00+00:00,2571.358192,2543.631703,-1.0782818623349588,0,1.4554177837970526,0.48300000000000004,500,0
2025-07-09 00:00:00+00:00,2543.631703,2615.775989,2.836270908045063,0,1.4671073436790498,0.48700000000000004,500,0
2025-07-10 00:00:00+00:00,2615.775989,2772.579563,5.994533731458591,0,1.4825731651188265,0.48700000000000004,500,0
2025-07-11 00:00:00+00:00,2772.579563,2948.446203,6.343069188958031,0,1.4935532353573018,0.48380000000000006,500,0
2025-07-12 00:00:00+00:00,2948.446203,2958.851445,0.3529059471871197,0,1.4570065865962953,0.4856000000000001,500,0
2025-07-13 00:00:00+00:00,2958.851445,2942.961606,-0.5370272653211875,0,1.4560495220029899,0.48400000000000004,500,0
2025-07-14 00:00:00+00:00,2942.961606,2974.265495,1.0636866256147908,0,1.4566546235272768,0.4872,500,0
2025-07-15 00:00:00+00:00,2974.265495,3012.179707,1.2747420182810438,0,1.459038753831634,0.48680000000000007,500,0
2025-07-16 00:00:00+00:00,3012.179707,3133.069858,4.013377778193766,0,1.4789700461340975,0.485,500,0
2025-07-17 00:00:00+00:00,3133.069858,3368.126522,7.502439289689154,0,1.4902760497845573,0.48660000000000003,500,0
2025-07-18 00:00:00+00:00,3368.126522,3481.882815,3.3774352672610175,0,1.4820540205369717,0.48280000000000006,500,0
2025-07-19 00:00:00+00:00,3481.882815,3547.317079,1.8792781801302518,0,1.467609818793551,0.48500000000000004,500,0
2025-07-20 00:00:00+00:00,3547.317079,3594.318501,1.3249850789557873,0,1.4741571980598587,0.4816000000000001,500,0
2025-07-21 00:00:00+00:00,3594.318501,3758.605582,4.57074354858348,0,1.4892658961451601,0.48240000000000005,500,0
2025-07-22 00:00:00+00:00,3758.605582,3765.453624,0.18219634517639785,0,1.451445310989577,0.4872,500,0
2025-07-23 00:00:00+00:00,3765.453624,3746.940669,-0.49165271567822516,0,1.4512572913959438,0.48580000000000007,500,0
2025-07-24 00:00:00+00:00,3746.940669,3630.053531,-3.1195353309716376,0,1.4349951215275956,0.48540000000000005,500,0
2025-07-25 00:00:00+00:00,3630.053531,3708.429935,2.1590977469252115,0,1.4777263029249474,0.48200000000000004,500,0
2025-07-26 00:00:00+00:00,3708.429935,3723.052909,0.39431711684745324,0,1.4572568244237014,0.48560000000000003,500,0
2025-07-27 00:00:00+00:00,3723.052909,3742.431426,0.5205007146998915,0,1.4580161941703063,0.4856000000000001,500,0
2025-07-28 00:00:00+00:00,3742.431426,3864.124837,3.251720529988937,0,1.4744754060140968,0.48519999999999996,500,0
2025-07-29 00:00:00+00:00,3864.124837,3786.303846,-2.013935736621235,0,1.452617015246905,0.48180000000000006,500,0
2025-07-30 00:00:00+00:00,3786.303846,3788.598372,0.06060068323423542,0,1.4490145246435395,0.48780000000000007,500,0
2025-07-31 00:00:00+00:00,3788.598372,3807.416601,0.49670688608953384,0,1.4624163942380173,0.48400000000000004,500,0
2025-08-01 00:00:00+00:00,3807.416601,3696.662853,-2.9088949176434,0,1.4419341362705869,0.4834000000000001,500,0
2025-08-02 00:00:00+00:00,3696.662853,3483.178955,-5.775043775678614,0,1.429290468742955,0.48020000000000007,500,0
2025-08-03 00:00:00+00:00,3483.178955,3397.485548,-2.4602068428608703,0,1.4439215883001562,0.48380000000000006,500,0
2025-08-04 00:00:00+00:00,3397.485548,3497.573128,2.9459310006165738,0,1.474014669724673,0.48480000000000006,500,0
2025-08-05 00:00:00+00:00,3497.573128,3715.709015,6.236778446566333,0,1.4814753740332611,0.48780000000000007,500,0
2025-08-06 00:00:00+00:00,3715.709015,3612.442432,-2.779189182552286,0,1.4373286835815473,0.4854000000000001,500,0
2025-08-07 00:00:00+00:00,3612.442432,3684.04592,1.982135060913829,0,1.4675900463547156,0.4852,500,0
2025-08-08 00:00:00+00:00,3684.04592,3911.260946,6.1675405500917275,0,1.4933229766189238,0.48360000000000003,500,0
2025-08-09 00:00:00+00:00,3911.260946,4012.98,2.6006716351673496,0,1.4710294824154722,0.48519999999999996,500,0
2025-08-10 00:00:00+00:00,4012.98,4265.563258,6.294156910824378,0,1.4996313857611465,0.48160000000000003,500,0
2025-08-11 00:00:00+00:00,4265.563258,4253.591619,-0.280657870389044,0,1.461611691616362,0.4826000000000001,500,0
2025-08-12 00:00:00+00:00,4253.591619,4228.824213,-0.5822704250537019,0,1.4552039359999558,0.4842000000000001,500,0
2025-08-13 00:00:00+00:00,4228.824213,4606.809428,8.938305211127481,0,1.5088845031065938,0.4822000000000001,500,0
2025-08-14 00:00:00+00:00,4606.809428,4763.652535,3.4045929064639533,0,1.471246246355347,0.48660000000000003,500,0
2025-08-15 00:00:00+00:00,4763.652535,4554.291502,-4.394968597347542,0,1.4340028792411386,0.4824000000000001,500,0
2025-08-16 00:00:00+00:00,4554.291502,4430.532465,-2.717415803218821,0,1.4321558058913544,0.48740000000000006,500,0
2025-08-17 00:00:00+00:00,4430.532465,4426.826913,-0.08363671927185286,0,1.4622692442010143,0.48280000000000006,500,0
2025-08-18 00:00:00+00:00,4426.826913,4487.118014,1.3619484607122656,0,1.4703690457190701,0.48300000000000004,500,0
2025-08-19 00:00:00+00:00,4487.118014,4317.275757,-3.7851078681256936,0,1.4388652041433712,0.4822000000000001,500,0
2025-08-20 00:00:00+00:00,4317.275757,4074.495786,-5.623452951930593,0,1.4202774985065676,0.484,500,0
2025-08-21 00:00:00+00:00,4074.495786,4330.491599,6.2828832436053474,0,1.4827692608374319,0.48740000000000006,500,0
2025-08-22 00:00:00+00:00,4330.491599,4224.438593,-2.4489830675226325,0,1.4473222217670363,0.4826000000000001,500,0
2025-08-23 00:00:00+00:00,4224.438593,4829.225542,14.316386324141329,0,1.5228719550485394,0.4834000000000001,500,0
2025-08-24 00:00:00+00:00,4829.225542,4773.884089,-1.145969524899858,0,1.452707605040447,0.48380000000000006,500,0
2025-08-25 00:00:00+00:00,4773.884089,4778.11,0.08852144126701568,0,1.4548420411155654,0.4858,500,0
2025-08-26 00:00:00+00:00,4778.11,4381.626176,-8.297921646843626,0,1.3898390069850999,0.48740000000000006,500,0
2025-08-27 00:00:00+00:00,4381.626176,4602.369685,5.037935691755369,0,1.4805264740011963,0.4862,500,0
2025-08-28 00:00:00+00:00,4602.369685,4500.145148,-2.2211283316324915,0,1.4500227383151976,0.4822000000000001,500,0
2025-08-29 00:00:00+00:00,4500.145148,4507.560431,0.16477875170972758,0,1.4643658986107626,0.4826000000000001,500,0
2025-08-30 00:00:00+00:00,4507.560431,4364.358521,-3.176927124817947,0,1.4390594854931247,0.48380000000000006,500,0
2025-08-31 00:00:00+00:00,4364.358521,4373.360358,0.20625796337962665,0,1.4589540825655298,0.48460000000000003,500,0
2025-09-01 00:00:00+00:00,4373.360358,4388.931465,0.3560444538149298,0,1.4660997488123748,0.4824000000000001,500,0
2025-09-02 00:00:00+00:00,4388.931465,4303.202223,-1.953305552471174,0,1.4429313085745328,0.4854,500,0
2025-09-03 00:00:00+00:00,4303.202223,4325.856306,0.5264470927932834,0,1.4495503866729456,0.48860000000000003,500,0
2025-09-04 00:00:00+00:00,4325.856306,4449.867098,2.8667339649723456,0,1.4735972475301056,0.48480000000000006,500,0
2025-09-05 00:00:00+00:00,4449.867098,4298.094661,-3.4107184250112548,0,1.434523569788079,0.48480000000000006,500,0
2025-09-06 00:00:00+00:00,4298.094661,4306.613513,0.19820066033673966,0,1.460611535387416,0.48400000000000004,500,0
2025-09-07 00:00:00+00:00,4306.613513,4273.110024,-0.7779543926769039,0,1.442141195229397,0.4884000000000001,500,0
2025-09-08 00:00:00+00:00,4273.110024,4304.032421,0.7236508497633825,0,1.4632099577972486,0.4842,500,0
2025-09-09 00:00:00+00:00,4304.032421,4309.685703,0.13134849943083682,0,1.4568029442730956,0.4852,500,0
2025-09-10 00:00:00+00:00,4309.685703,4309.342746,-0.007957819285084003,0,1.4610419282401859,0.4834000000000001,500,0
2025-09-11 00:00:00+00:00,4309.342746,4347.476804,0.884915873433281,0,1.4670144405802594,0.4832,500,0
2025-09-12 00:00:00+00:00,4347.476804,4459.32,2.5726001780411063,0,1.474875614044394,0.48380000000000006,500,0
2025-09-13 00:00:00+00:00,4459.32,4708.841744,5.5955110644672414,0,1.480874890940453,0.48700000000000004,500,0
2025-09-14 00:00:00+00:00,4708.841744,4667.699653,-0.8737199769438804,0,1.459524232442336,0.482,500,0
2025-09-15 00:00:00+00:00,4667.699653,4609.786111,-1.2407298306517522,0,1.4537783851914974,0.4832,500,0
2025-09-16 00:00:00+00:00,4609.786111,4524.244939,-1.8556429721517762,0,1.4402850986239581,0.4866000000000001,500,0
2025-09-17 00:00:00+00:00,4524.244939,4504.266636,-0.4415831430297339,0,1.4555169766679001,0.4844000000000001,500,0
2025-09-18 00:00:00+00:00,4504.266636,4591.768794,1.942650492771568,0,1.473673990629768,0.48300000000000004,500,0
2025-09-19 00:00:00+00:00,4591.768794,4590.636737,-0.024654050558448142,0,1.4569796387148668,0.48480000000000006,500,0
2025-09-20 00:00:00+00:00,4590.636737,4470.479474,-2.6174421955792417,0,1.4406521888333494,0.48460000000000003,500,0
2025-09-21 00:00:00+00:00,4470.479474,4481.799472,0.25321664188005494,0,1.4530114875768176,0.48680000000000007,500,0
2025-09-22 00:00:00+00:00,4481.799472,4452.87,-0.6454878711271312,0,1.455366948144468,0.4840000000000001,500,0
2025-09-23 00:00:00+00:00,4452.87,4199.951774,-5.679892428927856,0,1.4153814772266322,0.48560000000000003,500,0
2025-09-24 00:00:00+00:00,4199.951774,4166.19055,-0.8038478967544416,0,1.4493118306621864,0.48580000000000007,500,0
2025-09-25 00:00:00+00:00,4166.19055,4148.66,-0.4207812818355224,0,1.4556541163433008,0.4844000000000001,500,0
2025-09-26 00:00:00+00:00,4148.66,3863.063288,-6.884071290488978,0,1.4176036122971944,0.48120000000000007,500,0
2025-09-27 00:00:00+00:00,3863.063288,4037.097921,4.5050940154310055,0,1.4796558630253875,0.48560000000000003,500,0
2025-09-28 00:00:00+00:00,4037.097921,4018.167453,-0.46891277770421014,0,1.451403837160368,0.48580000000000007,500,0
2025-09-29 00:00:00+00:00,4018.167453,4141.839664,3.0778262092503206,0,1.478150652757537,0.4836000000000001,500,0
2025-09-30 00:00:00+00:00,4141.839664,4215.61,1.781100718146959,0,1.4630429730000605,0.4864,500,0
2025-10-01 00:00:00+00:00,4215.61,4144.230463,-1.6932196526718506,0,1.4396595614934817,0.4872,500,0
2025-10-02 00:00:00+00:00,4144.230463,4343.951983,4.819266731981456,0,1.4812381512206252,0.4856000000000001,500,0
2025-10-03 00:00:00+00:00,4343.951983,4484.006246,3.2241208822772567,0,1.4771825441912945,0.4842,500,0
2025-10-04 00:00:00+00:00,4484.006246,4515.759068,0.7081350974549998,0,1.455140061130661,0.48700000000000004,500,0
2025-10-05 00:00:00+00:00,4515.759068,4487.706652,-0.6212115300567769,0,1.4583492293132798,0.48300000000000004,500,0
2025-10-06 00:00:00+00:00,4487.706652,4515.321392,0.6153419138412968,0,1.463692495592913,0.48380000000000006,500,0
2025-10-07 00:00:00+00:00,4515.321392,4689.131735,3.84934599136061,0,1.4740742917974277,0.4864000000000001,500,0
2025-10-08 00:00:00+00:00,4689.131735,4454.33,-5.0073606004161455,0,1.435312295536225,0.48020000000000007,500,0
2025-10-09 00:00:00+00:00,4454.33,4527.578005,1.6444225057416126,0,1.4623015367752075,0.48640000000000005,500,0
2025-10-10 00:00:00+00:00,4527.578005,4368.649439,-3.5102336353893584,0,1.4260767575985176,0.48760000000000003,500,0
2025-10-11 00:00:00+00:00,4368.649439,3835.632842,-12.200946870253093,0,1.363488888671474,0.4834,500,0
2025-10-12 00:00:00+00:00,3835.632842,3749.218186,-2.2529438963438704,0,1.4431385471580722,0.48460000000000003,500,0
2025-10-13 00:00:00+00:00,3749.218186,4159.729308,10.949245993015138,0,1.4946077274444545,0.48960000000000004,500,0
2025-10-14 00:00:00+00:00,4159.729308,4246.217462,2.07917745593843,0,1.4750320590150117,0.48280000000000006,500,0
2025-10-15 00:00:00+00:00,4246.217462,4128.888447,-2.763141926903021,0,1.4407972225377756,0.4842,500,0
2025-10-16 00:00:00+00:00,4128.888447,3983.154436,-3.5296185128442743,0,1.4442111053526638,0.48100000000000004,500,0
2025-10-17 00:00:00+00:00,3983.154436,3890.199301,-2.333706525658793,0,1.4515383384754919,0.48140000000000005,500,0
2025-10-18 00:00:00+00:00,3890.199301,3831.244176,-1.5154782682945105,0,1.447519646790253,0.48480000000000006,500,0
2025-10-19 00:00:00+00:00,3831.244176,3889.49903,1.520520523461405,0,1.476420813808303,0.48120000000000007,500,0
2025-10-20 00:00:00+00:00,3889.49903,3985.076564,2.45732247939396,0,1.4730909722003154,0.4842,500,0
2025-10-21 00:00:00+00:00,3985.076564,3978.790155,-0.15774876339364158,0,1.4442940095271024,0.4890000000000001,500,0
2025-10-22 00:00:00+00:00,3978.790155,3877.487198,-2.5460743857701718,0,1.4400021959155498,0.48500000000000004,500,0
2025-10-23 00:00:00+00:00,3877.487198,3801.790795,-1.9522025253634359,0,1.4474543569390563,0.48380000000000006,500,0
2025-10-24 00:00:00+00:00,3801.790795,3855.842116,1.4217331756152016,0,1.4598622865166457,0.48680000000000007,500,0
2025-10-25 00:00:00+00:00,3855.842116,3933.23227,2.00708824873472,0,1.4751727008433946,0.48260000000000003,500,0
2025-10-26 00:00:00+00:00,3933.23227,3952.213558,0.48258751828047897,0,1.4543879431286477,0.48680000000000007,500,0
2025-10-27 00:00:00+00:00,3952.213558,4161.590896,5.29772328664229,0,1.5008555618077384,0.4796,500,0
2025-10-28 00:00:00+00:00,4161.590896,4123.206221,-0.9223557999632681,0,1.4586628015413146,0.4822000000000001,500,0
2025-10-29 00:00:00+00:00,4123.206221,3982.312789,-3.4170842894641695,0,1.4373722971002272,0.48380000000000006,500,0
2025-10-30 00:00:00+00:00,3982.312789,3897.359268,-2.1332709282570597,0,1.4306040008351235,0.48940000000000006,500,0
2025-10-31 00:00:00+00:00,3897.359268,3802.295365,-2.4391875745338703,0,1.4285808356491299,0.4894,500,0
2025-11-01 00:00:00+00:00,3802.295365,3847.298177,1.183569598886229,0,1.450534366048227,0.48960000000000004,500,0
2025-11-02 00:00:00+00:00,3847.298177,3872.211896,0.6475640268523869,0,1.4695664696687714,0.48180000000000006,500,0
2025-11-03 00:00:00+00:00,3872.211896,3910.094769,0.9783264453872753,0,1.4584456290874208,0.48640000000000005,500,0
2025-11-04 00:00:00+00:00,3910.094769,3600.72,-7.9122064112814865,0,1.3996741499672378,0.48480000000000006,500,0
2025-11-05 00:00:00+00:00,3600.72,3296.74376,-8.442096025239396,0,1.397896168351418,0.48360000000000003,500,0
2025-11-06 00:00:00+00:00,3296.74376,3427.690591,3.9720051218054087,0,1.4741668878833727,0.4866000000000001,500,0
2025-11-07 00:00:00+00:00,3427.690591,3308.918165,-3.465085976892364,0,1.4433557164506974,0.4814000000000001,500,0
2025-11-08 00:00:00+00:00,3308.918165,3434.351229,3.790757514850774,0,1.4656967406102048,0.4892,500,0
2025-11-09 00:00:00+00:00,3434.351229,3401.4594,-0.9577304942563197,0,1.4528091351956796,0.4842,500,0
2025-11-10 00:00:00+00:00,3401.4594,3576.254705,5.138832614024428,0,1.476378180840868,0.4878,500,0
2025-11-11 00:00:00+00:00,3576.254705,3564.610596,-0.3255950697169329,0,1.450603705898901,0.4864000000000001,500,0
2025-11-12 00:00:00+00:00,3564.610596,3416.781328,-4.147136524979346,0,1.4247558837357888,0.48640000000000005,500,0
2025-11-13 00:00:00+00:00,3416.781328,3409.614456,-0.20975506805977956,0,1.451879301302065,0.4862,500,0
2025-11-14 00:00:00+00:00,3409.614456,3235.727636,-5.0998968429995335,0,1.4158370733929624,0.4872,500,0
2025-11-15 00:00:00+00:00,3235.727636,3106.601288,-3.9906432965299254,0,1.4238130980142232,0.4872,500,0
2025-11-16 00:00:00+00:00,3106.601288,3170.112981,2.044410824309179,0,1.4697076737052817,0.48460000000000003,500,0
2025-11-17 00:00:00+00:00,3170.112981,3101.69,-2.1583767332612984,0,1.4337498536678015,0.4882,500,0
2025-11-18 00:00:00+00:00,3101.69,3021.302158,-2.5917432754401664,0,1.4386027514899589,0.48540000000000005,500,0
2025-11-19 00:00:00+00:00,3021.302158,3117.222587,3.1748042394904434,0,1.4712155014697932,0.4862,500,0
2025-11-20 00:00:00+00:00,3117.222587,3017.748361,-3.191117195635804,0,1.427954766985035,0.48780000000000007,500,0
2025-11-21 00:00:00+00:00,3017.748361,2832.068358,-6.1529319475289395,0,1.4094007776439603,0.48640000000000005,500,0
2025-11-22 00:00:00+00:00,2832.068358,2764.735219,-2.3775252037895847,0,1.4322787050673007,0.4882,500,0
2025-11-23 00:00:00+00:00,2764.735219,2768.617829,0.1404333396311272,0,1.4602554022826215,0.48400000000000004,500,0
2025-11-24 00:00:00+00:00,2768.617829,2799.814934,1.126811532932601,0,1.4604470103384581,0.48600000000000004,500,0
2025-11-25 00:00:00+00:00,2799.814934,2953.327646,5.482959253334713,0,1.4848647646037205,0.4854000000000001,500,0
2025-11-26 00:00:00+00:00,2953.327646,2955.046469,0.05819953645602727,0,1.4665418920872866,0.48160000000000003,500,0
2025-11-27 00:00:00+00:00,2955.046469,3027.477249,2.4510876820326626,0,1.467280128894795,0.4862,500,0
2025-11-28 00:00:00+00:00,3027.477249,3015.61182,-0.39192462978604364,0,1.456956824157705,0.48400000000000004,500,0
2025-11-29 00:00:00+00:00,3015.61182,3033.135645,0.5811034723958522,0,1.4674734294163028,0.48240000000000005,500,0
2025-11-30 00:00:00+00:00,3033.135645,2991.233012,-1.3814955183120303,0,1.4545061881845744,0.48260000000000003,500,0
2025-12-01 00:00:00+00:00,2991.233012,2992.834186,0.05352889572883267,0,1.4540645978025186,0.48600000000000004,500,0
2025-12-02 00:00:00+00:00,2992.834186,2799.036792,-6.475380256833252,0,1.4064280068750143,0.48660000000000003,500,0
2025-12-03 00:00:00+00:00,2799.036792,2995.751149,7.027930378129889,0,1.4912622976348864,0.4856000000000001,500,0
2025-12-04 00:00:00+00:00,2995.751149,3195.408992,6.664700539851147,0,1.480958494208424,0.48860000000000003,500,0
2025-12-05 00:00:00+00:00,3195.408992,3133.698236,-1.9312318440142873,0,1.4475396436745045,0.48380000000000006,500,0
2025-12-06 00:00:00+00:00,3133.698236,3022.656421,-3.543475045693584,0,1.446402196908367,0.48020000000000007,500,0
2025-12-07 00:00:00+00:00,3022.656421,3039.358573,0.5525653489414515,0,1.4587782212295393,0.4854000000000001,500,0
2025-12-08 00:00:00+00:00,3039.358573,3052.97633,0.44804706891028556,0,1.4564573496117819,0.4860000000000001,500,0
2025-12-09 00:00:00+00:00,3052.97633,3125.321462,2.3696591188441976,0,1.478931398516579,0.482,500,0
2025-12-10 00:00:00+00:00,3125.321462,3322.469218,6.308079293508538,0,1.4794219723200759,0.48860000000000003,500,0
2025-12-11 00:00:00+00:00,3322.469218,3326.260212,0.11410170422231901,0,1.4459415147998265,0.48900000000000005,500,0
2025-12-12 00:00:00+00:00,3326.260212,3236.098621,-2.710599449638008,0,1.4296010885730708,0.4884000000000001,500,0
2025-12-13 00:00:00+00:00,3236.098621,3085.316694,-4.659373667462775,0,1.4230789890220192,0.48560000000000003,500,0
2025-12-14 00:00:00+00:00,3085.316694,3115.225429,0.9693894652099522,0,1.4658035453140486,0.48380000000000006,500,0
2025-12-15 00:00:00+00:00,3115.225429,3065.491236,-1.5964877705805423,0,1.4464870884844876,0.48500000000000004,500,0
2025-12-16 00:00:00+00:00,3065.491236,2964.488558,-3.2948284703561237,0,1.4496835706975384,0.4796000000000001,500,0
2025-12-17 00:00:00+00:00,2964.488558,2964.262792,-0.007615681274625498,0,1.4621752109595205,0.48300000000000004,500,0
2025-12-18 00:00:00+00:00,2964.262792,2827.804176,-4.6034587880763,0,1.4334559452154758,0.48200000000000004,500,0
2025-12-19 00:00:00+00:00,2827.804176,2826.594847,-0.04276565577857229,0,1.4579996739809362,0.4844000000000001,500,0
2025-12-20 00:00:00+00:00,2826.594847,2976.79687,5.313885828364008,0,1.4789446818954148,0.4872,500,0
2025-12-21 00:00:00+00:00,2976.79687,2977.162263,0.01227470384971347,0,1.4594695213050641,0.48400000000000004,500,0
2025-12-22 00:00:00+00:00,2977.162263,3001.600838,0.8208680898492119,0,1.4524011061320652,0.4882,500,0
2025-12-23 00:00:00+00:00,3001.600838,3005.786781,0.13945701730244361,0,1.4625121126469436,0.4832,500,0
2025-12-24 00:00:00+00:00,3005.786781,2965.19366,-1.350499019311506,0,1.4530587263613786,0.4832,500,0
2025-12-25 00:00:00+00:00,2965.19366,2945.987815,-0.6477096339130832,0,1.4429562610642497,0.48840000000000006,500,0
2025-12-26 00:00:00+00:00,2945.987815,2904.252345,-1.4166884800913568,0,1.4526353136449575,0.4832,500,0
2025-12-27 00:00:00+00:00,2904.252345,2926.695639,0.7727735518106348,0,1.4669199120096532,0.48300000000000004,500,0
2025-12-28 00:00:00+00:00,2926.695639,2948.862126,0.7573895523886405,0,1.4622524962123395,0.4846000000000001,500,0
2025-12-29 00:00:00+00:00,2948.862126,2947.859761,-0.03399158581074424,0,1.4597495215959515,0.48380000000000006,500,0
2025-12-30 00:00:00+00:00,2947.859761,2934.215602,-0.4628496640346096,0,1.4677907133613552,0.48000000000000004,500,0
2025-12-31 00:00:00+00:00,2934.215602,2970.055474,1.2214464395721512,0,1.462139904028922,0.48560000000000003,500,0
2026-01-01 00:00:00+00:00,2970.055474,2966.77418,-0.11047921591783336,0,1.464365673539118,0.482,500,0
2026-01-02 00:00:00+00:00,2966.77418,3000.419117,1.1340579012319714,0,1.4661801303339648,0.48400000000000004,500,0
2026-01-03 00:00:00+00:00,3000.419117,3121.900672,4.048819523635914,0,1.4797082449815149,0.48480000000000006,500,0
2026-01-04 00:00:00+00:00,3121.900672,3126.041091,0.13262494342420378,0,1.4602090067366804,0.48400000000000004,500,0
2026-01-05 00:00:00+00:00,3126.041091,3139.057042,0.41637171812850804,0,1.451727483333388,0.48760000000000003,500,0
