date,open_price,close_price,price_change,number_of_liquidations,average_health_factor
2015-08-07 00:00:00+00:00,2.00,2.83,41.50,0,1.146026
2015-08-08 00:00:00+00:00,2.83,1.33,-53.00,500,0.584582
2015-08-10 00:00:00+00:00,1.33,0.69,-48.30,500,0.640349
2015-08-11 00:00:00+00:00,0.69,1.07,55.24,0,1.146213
2015-08-12 00:00:00+00:00,1.07,1.26,17.73,0,1.128106
2015-08-13 00:00:00+00:00,1.26,1.83,45.26,0,1.147028
2015-08-14 00:00:00+00:00,1.83,1.83,0.03,0,1.077066
2015-08-15 00:00:00+00:00,1.83,1.67,-8.54,0,1.030754
2015-08-16 00:00:00+00:00,1.67,1.48,-11.58,92,1.010918
2015-08-17 00:00:00+00:00,1.48,1.20,-18.73,500,0.955128
2015-08-18 00:00:00+00:00,1.20,1.28,6.78,0,1.102950
2015-08-19 00:00:00+00:00,1.28,1.25,-2.24,0,1.066364
2015-08-20 00:00:00+00:00,1.25,1.48,18.48,0,1.129355
2015-08-21 00:00:00+00:00,1.48,1.41,-5.00,0,1.051894
2015-08-22 00:00:00+00:00,1.41,1.38,-2.08,0,1.067105
2015-08-23 00:00:00+00:00,1.38,1.36,-1.85,0,1.068170
2015-08-24 00:00:00+00:00,1.36,1.25,-7.76,0,1.035403
2015-08-25 00:00:00+00:00,1.25,1.16,-7.13,0,1.039575
2015-08-26 00:00:00+00:00,1.16,1.12,-3.55,0,1.059530
2015-08-27 00:00:00+00:00,1.12,1.13,1.26,0,1.082401
2015-08-28 00:00:00+00:00,1.13,1.19,4.87,0,1.096591
2015-08-29 00:00:00+00:00,1.19,1.17,-1.22,0,1.071291
2015-08-30 00:00:00+00:00,1.17,1.32,12.60,0,1.118899
2015-08-31 00:00:00+00:00,1.32,1.35,2.35,0,1.086973
2015-09-01 00:00:00+00:00,1.35,1.35,-0.19,0,1.076063
2015-09-02 00:00:00+00:00,1.35,1.28,-5.33,0,1.050080
2015-09-03 00:00:00+00:00,1.28,1.26,-1.25,0,1.071084
2015-09-04 00:00:00+00:00,1.26,1.27,0.53,0,1.079314
2015-09-05 00:00:00+00:00,1.27,1.33,5.16,0,1.097528
2015-09-06 00:00:00+00:00,1.33,1.30,-2.62,0,1.064441
2015-09-07 00:00:00+00:00,1.30,1.26,-3.37,0,1.060583
2015-09-08 00:00:00+00:00,1.26,1.24,-1.61,0,1.069340
2015-09-09 00:00:00+00:00,1.24,1.21,-2.39,0,1.065507
2015-09-10 00:00:00+00:00,1.21,1.17,-3.26,0,1.061217
2015-09-11 00:00:00+00:00,1.17,0.98,-16.34,500,0.974372
2015-09-12 00:00:00+00:00,0.98,1.04,6.32,0,1.101437
2015-09-13 00:00:00+00:00,1.04,0.94,-9.59,0,1.024267
2015-09-14 00:00:00+00:00,0.94,0.87,-7.31,0,1.038501
2015-09-15 00:00:00+00:00,0.87,0.94,8.26,0,1.107460
2015-09-16 00:00:00+00:00,0.94,0.90,-4.10,0,1.056725
2015-09-17 00:00:00+00:00,0.90,0.88,-2.23,0,1.066400
2015-09-18 00:00:00+00:00,0.88,0.85,-4.19,0,1.056153
2015-09-19 00:00:00+00:00,0.85,0.88,4.26,0,1.094334
2015-09-20 00:00:00+00:00,0.88,0.94,6.15,0,1.100981
2015-09-21 00:00:00+00:00,0.94,0.90,-3.76,0,1.058538
2015-09-22 00:00:00+00:00,0.90,0.90,-0.44,0,1.074922
2015-09-23 00:00:00+00:00,0.90,0.89,-0.34,0,1.075353
2015-09-24 00:00:00+00:00,0.89,0.82,-8.73,0,1.029428
2015-09-25 00:00:00+00:00,0.82,0.74,-9.25,0,1.025878
2015-09-26 00:00:00+00:00,0.74,0.78,5.03,0,1.097049
2015-09-27 00:00:00+00:00,0.78,0.72,-7.26,0,1.039041
2015-09-28 00:00:00+00:00,0.72,0.58,-19.17,500,0.951662
2015-09-29 00:00:00+00:00,0.58,0.66,13.20,0,1.120132
2015-09-30 00:00:00+00:00,0.66,0.73,11.33,0,1.115632
2015-10-01 00:00:00+00:00,0.73,0.69,-6.66,0,1.042888
2015-10-02 00:00:00+00:00,0.69,0.68,-1.40,0,1.070417
2015-10-03 00:00:00+00:00,0.68,0.69,1.66,0,1.084186
2015-10-04 00:00:00+00:00,0.69,0.67,-2.90,0,1.062989
2015-10-05 00:00:00+00:00,0.67,0.63,-5.89,0,1.046498
2015-10-06 00:00:00+00:00,0.63,0.65,3.46,0,1.091371
2015-10-07 00:00:00+00:00,0.65,0.61,-6.15,0,1.045413
2015-10-08 00:00:00+00:00,0.61,0.62,2.21,0,1.086397
2015-10-09 00:00:00+00:00,0.62,0.65,4.25,0,1.094307
2015-10-10 00:00:00+00:00,0.65,0.63,-3.11,0,1.061941
2015-10-11 00:00:00+00:00,0.63,0.64,1.15,0,1.081960
2015-10-12 00:00:00+00:00,0.64,0.63,-1.11,0,1.071828
2015-10-13 00:00:00+00:00,0.63,0.60,-4.34,0,1.055247
2015-10-14 00:00:00+00:00,0.60,0.52,-13.71,262,0.995579
2015-10-15 00:00:00+00:00,0.52,0.56,7.98,0,1.106816
2015-10-16 00:00:00+00:00,0.56,0.53,-5.05,0,1.051485
2015-10-17 00:00:00+00:00,0.53,0.55,2.98,0,1.089472
2015-10-18 00:00:00+00:00,0.55,0.52,-5.57,0,1.048582
2015-10-19 00:00:00+00:00,0.52,0.49,-6.05,0,1.046070
2015-10-20 00:00:00+00:00,0.49,0.43,-11.10,73,1.013408
2015-10-21 00:00:00+00:00,0.43,0.44,1.57,0,1.083754
2015-10-22 00:00:00+00:00,0.44,0.57,28.58,0,1.140643
2015-10-23 00:00:00+00:00,0.57,0.54,-4.50,0,1.054503
2015-10-24 00:00:00+00:00,0.54,0.57,5.29,0,1.098081
2015-10-25 00:00:00+00:00,0.57,0.63,11.14,0,1.115091
2015-10-26 00:00:00+00:00,0.63,0.74,17.73,0,1.128466
2015-10-27 00:00:00+00:00,0.74,0.85,14.85,0,1.123152
2015-10-28 00:00:00+00:00,0.85,1.01,18.25,0,1.129320
2015-10-29 00:00:00+00:00,1.01,1.16,15.18,0,1.123880
2015-10-30 00:00:00+00:00,1.16,1.04,-10.47,37,1.017760
2015-10-31 00:00:00+00:00,1.04,0.91,-12.93,200,1.000824
2015-11-01 00:00:00+00:00,0.91,1.06,16.70,0,1.126871
2015-11-02 00:00:00+00:00,1.06,0.96,-9.78,2,1.023100
2015-11-03 00:00:00+00:00,0.96,1.00,4.95,0,1.096866
2015-11-04 00:00:00+00:00,1.00,0.90,-10.03,14,1.021111
2015-11-05 00:00:00+00:00,0.90,0.91,0.91,0,1.080928
2015-11-06 00:00:00+00:00,0.91,0.91,-0.06,0,1.076646
2015-11-07 00:00:00+00:00,0.91,0.92,1.16,0,1.082003
2015-11-08 00:00:00+00:00,0.92,1.03,12.01,0,1.117541
2015-11-09 00:00:00+00:00,1.03,1.00,-3.37,0,1.060511
2015-11-10 00:00:00+00:00,1.00,0.93,-6.12,0,1.045732
2015-11-11 00:00:00+00:00,0.93,0.79,-15.63,446,0.979957
2015-11-12 00:00:00+00:00,0.79,0.90,14.10,0,1.121758
2015-11-13 00:00:00+00:00,0.90,0.90,0.45,0,1.078947
2015-11-14 00:00:00+00:00,0.90,0.88,-2.20,0,1.066517
2015-11-15 00:00:00+00:00,0.88,0.91,3.01,0,1.089614
2015-11-16 00:00:00+00:00,0.91,0.93,2.53,0,1.087691
2015-11-17 00:00:00+00:00,0.93,1.00,6.58,0,1.102417
2015-11-18 00:00:00+00:00,1.00,0.99,-0.08,0,1.076539
2015-11-19 00:00:00+00:00,0.99,0.95,-4.32,0,1.055394
2015-11-20 00:00:00+00:00,0.95,0.93,-2.59,0,1.064587
2015-11-21 00:00:00+00:00,0.93,0.97,5.05,0,1.097119
2015-11-22 00:00:00+00:00,0.97,0.96,-1.39,0,1.070432
2015-11-23 00:00:00+00:00,0.96,0.95,-1.54,0,1.069764
2015-11-24 00:00:00+00:00,0.95,0.90,-4.85,0,1.052505
2015-11-25 00:00:00+00:00,0.90,0.87,-3.52,0,1.059845
2015-11-26 00:00:00+00:00,0.87,0.89,3.13,0,1.090070
2015-11-27 00:00:00+00:00,0.89,0.87,-2.70,0,1.063979
2015-11-28 00:00:00+00:00,0.87,0.92,5.36,0,1.098323
2015-11-29 00:00:00+00:00,0.92,0.87,-4.98,0,1.051825
2015-11-30 00:00:00+00:00,0.87,0.87,0.21,0,1.077883
2015-12-01 00:00:00+00:00,0.87,0.88,0.16,0,1.077641
2015-12-02 00:00:00+00:00,0.88,0.82,-5.97,0,1.046321
2015-12-03 00:00:00+00:00,0.82,0.82,0.25,0,1.078025
2015-12-04 00:00:00+00:00,0.82,0.84,1.70,0,1.084340
2015-12-05 00:00:00+00:00,0.84,0.86,3.07,0,1.089886
2015-12-06 00:00:00+00:00,0.86,0.83,-3.42,0,1.060324
2015-12-07 00:00:00+00:00,0.83,0.80,-4.10,0,1.056751
2015-12-08 00:00:00+00:00,0.80,0.82,2.26,0,1.086584
2015-12-09 00:00:00+00:00,0.82,0.79,-3.30,0,1.060884
2015-12-10 00:00:00+00:00,0.79,0.85,7.02,0,1.103894
2015-12-11 00:00:00+00:00,0.85,0.92,8.18,0,1.107334
2015-12-12 00:00:00+00:00,0.92,0.97,5.95,0,1.100209
2015-12-13 00:00:00+00:00,0.97,0.96,-1.33,0,1.070738
2015-12-14 00:00:00+00:00,0.96,1.00,3.88,0,1.092947
2015-12-15 00:00:00+00:00,1.00,1.02,2.46,0,1.087427
2015-12-16 00:00:00+00:00,1.02,0.99,-3.05,0,1.062249
2015-12-17 00:00:00+00:00,0.99,0.94,-4.92,0,1.052313
2015-12-18 00:00:00+00:00,0.94,0.92,-2.03,0,1.067407
2015-12-19 00:00:00+00:00,0.92,0.91,-1.25,0,1.071137
2015-12-20 00:00:00+00:00,0.91,0.90,-0.70,0,1.073697
2015-12-21 00:00:00+00:00,0.90,0.90,-0.71,0,1.073667
2015-12-22 00:00:00+00:00,0.90,0.88,-1.99,0,1.067502
2015-12-23 00:00:00+00:00,0.88,0.87,-1.30,0,1.070899
2015-12-24 00:00:00+00:00,0.87,0.86,-0.87,0,1.072924
2015-12-25 00:00:00+00:00,0.86,0.87,1.25,0,1.082388
2015-12-26 00:00:00+00:00,0.87,0.85,-2.03,0,1.067300
2015-12-27 00:00:00+00:00,0.85,0.86,0.69,0,1.079982
2015-12-28 00:00:00+00:00,0.86,0.84,-1.95,0,1.067796
2015-12-29 00:00:00+00:00,0.84,0.87,3.24,0,1.090520
2015-12-30 00:00:00+00:00,0.87,0.90,3.55,0,1.091684
2015-12-31 00:00:00+00:00,0.90,0.94,4.02,0,1.093537
2016-01-01 00:00:00+00:00,0.94,0.95,1.04,0,1.081514
2016-01-02 00:00:00+00:00,0.95,0.94,-0.87,0,1.072967
2016-01-03 00:00:00+00:00,0.94,0.97,3.63,0,1.091959
2016-01-04 00:00:00+00:00,0.97,0.96,-1.33,0,1.070775
2016-01-05 00:00:00+00:00,0.96,0.95,-0.65,0,1.073973
2016-01-06 00:00:00+00:00,0.95,0.97,1.61,0,1.083905
2016-01-07 00:00:00+00:00,0.97,0.96,-0.98,0,1.072448
2016-01-08 00:00:00+00:00,0.96,1.00,3.82,0,1.092633
2016-01-09 00:00:00+00:00,1.00,1.02,2.45,0,1.087418
2016-01-10 00:00:00+00:00,1.02,1.02,0.00,0,1.076923
2016-01-11 00:00:00+00:00,1.02,1.07,4.78,0,1.096211
2016-01-12 00:00:00+00:00,1.07,1.17,9.23,0,1.110279
2016-01-13 00:00:00+00:00,1.17,1.13,-3.20,0,1.061516
2016-01-14 00:00:00+00:00,1.13,1.16,2.42,0,1.087279
2016-01-15 00:00:00+00:00,1.16,1.21,4.55,0,1.095362
2016-01-16 00:00:00+00:00,1.21,1.22,0.47,0,1.079024
2016-01-17 00:00:00+00:00,1.22,1.32,8.73,0,1.108849
2016-01-18 00:00:00+00:00,1.32,1.40,5.91,0,1.100142
2016-01-19 00:00:00+00:00,1.40,1.38,-1.43,0,1.070302
2016-01-20 00:00:00+00:00,1.38,1.57,13.44,0,1.120614
2016-01-21 00:00:00+00:00,1.57,1.54,-1.32,0,1.070766
2016-01-22 00:00:00+00:00,1.54,1.47,-4.75,0,1.053062
2016-01-23 00:00:00+00:00,1.47,1.69,15.01,0,1.124291
2016-01-24 00:00:00+00:00,1.69,2.13,25.97,0,1.139099
2016-01-25 00:00:00+00:00,2.13,2.48,16.34,0,1.126069
2016-01-26 00:00:00+00:00,2.48,2.09,-15.86,464,0.978973
2016-01-27 00:00:00+00:00,2.09,2.38,14.27,0,1.122245
2016-01-28 00:00:00+00:00,2.38,2.52,5.67,0,1.099444
2016-01-29 00:00:00+00:00,2.52,2.49,-1.33,0,1.070735
2016-01-30 00:00:00+00:00,2.49,2.44,-1.95,0,1.067792
2016-01-31 00:00:00+00:00,2.44,2.30,-5.70,0,1.047693
2016-02-01 00:00:00+00:00,2.30,2.22,-3.34,0,1.060636
2016-02-02 00:00:00+00:00,2.22,2.40,8.16,0,1.107287
2016-02-03 00:00:00+00:00,2.40,2.52,4.70,0,1.095905
2016-02-04 00:00:00+00:00,2.52,2.56,1.64,0,1.084036
2016-02-05 00:00:00+00:00,2.56,2.53,-0.95,0,1.072525
2016-02-06 00:00:00+00:00,2.53,2.52,-0.60,0,1.074192
2016-02-07 00:00:00+00:00,2.52,2.95,17.20,0,1.127072
2016-02-08 00:00:00+00:00,2.95,3.17,7.27,0,1.104599
2016-02-09 00:00:00+00:00,3.17,3.72,17.54,0,1.127492
2016-02-10 00:00:00+00:00,3.72,4.43,19.00,0,1.130194
2016-02-11 00:00:00+00:00,4.43,6.01,35.63,0,1.143619
2016-02-12 00:00:00+00:00,6.01,5.48,-8.82,0,1.029044
2016-02-13 00:00:00+00:00,5.48,5.37,-1.87,0,1.068199
2016-02-14 00:00:00+00:00,5.37,5.17,-3.79,0,1.058262
2016-02-15 00:00:00+00:00,5.17,5.32,2.89,0,1.089143
2016-02-16 00:00:00+00:00,5.32,4.37,-17.86,500,0.962368
2016-02-17 00:00:00+00:00,4.37,3.74,-14.30,329,0.990154
2016-02-18 00:00:00+00:00,3.74,4.40,17.47,0,1.128176
2016-02-19 00:00:00+00:00,4.40,4.49,2.18,0,1.086298
2016-02-20 00:00:00+00:00,4.49,4.30,-4.27,0,1.055808
2016-02-21 00:00:00+00:00,4.30,4.65,8.18,0,1.107381
2016-02-22 00:00:00+00:00,4.65,5.61,20.51,0,1.131938
2016-02-23 00:00:00+00:00,5.61,5.61,0.06,0,1.077194
2016-02-24 00:00:00+00:00,5.61,6.13,9.31,0,1.110580
2016-02-25 00:00:00+00:00,6.13,5.94,-3.17,0,1.061630
2016-02-26 00:00:00+00:00,5.94,5.90,-0.72,0,1.073638
2016-02-27 00:00:00+00:00,5.90,6.36,7.80,0,1.106234
2016-02-28 00:00:00+00:00,6.36,6.44,1.31,0,1.082668
2016-02-29 00:00:00+00:00,6.44,6.31,-2.00,0,1.067494
2016-03-01 00:00:00+00:00,6.31,7.56,19.77,0,1.132147
2016-03-02 00:00:00+00:00,7.56,8.40,11.09,0,1.115070
2016-03-03 00:00:00+00:00,8.40,9.50,13.18,0,1.119715
2016-03-04 00:00:00+00:00,9.50,10.04,5.61,0,1.099177
2016-03-05 00:00:00+00:00,10.04,10.94,8.94,0,1.109421
2016-03-06 00:00:00+00:00,10.94,10.96,0.27,0,1.078131
2016-03-07 00:00:00+00:00,10.96,9.40,-14.29,290,0.991483
2016-03-08 00:00:00+00:00,9.40,9.80,4.29,0,1.094437
2016-03-09 00:00:00+00:00,9.80,11.97,22.15,0,1.133680
2016-03-10 00:00:00+00:00,11.97,11.21,-6.36,0,1.044042
2016-03-11 00:00:00+00:00,11.21,11.21,-0.01,0,1.076880
2016-03-12 00:00:00+00:00,11.21,13.38,19.34,0,1.130319
2016-03-13 00:00:00+00:00,13.38,14.89,11.34,0,1.115759
2016-03-14 00:00:00+00:00,14.89,12.29,-17.48,500,0.965174
2016-03-15 00:00:00+00:00,12.29,12.97,5.53,0,1.098896
2016-03-16 00:00:00+00:00,12.97,12.53,-3.40,0,1.060362
2016-03-17 00:00:00+00:00,12.53,10.96,-12.53,159,1.004235
2016-03-18 00:00:00+00:00,10.96,10.80,-1.48,0,1.069976
2016-03-19 00:00:00+00:00,10.80,10.44,-3.32,0,1.060829
2016-03-20 00:00:00+00:00,10.44,10.22,-2.13,0,1.066874
2016-03-21 00:00:00+00:00,10.22,11.85,15.99,0,1.125829
2016-03-22 00:00:00+00:00,11.85,11.32,-4.50,0,1.054584
2016-03-23 00:00:00+00:00,11.32,12.40,9.59,0,1.111466
2016-03-24 00:00:00+00:00,12.40,11.13,-10.28,27,1.019335
2016-03-25 00:00:00+00:00,11.13,10.64,-4.38,0,1.055423
2016-03-26 00:00:00+00:00,10.64,10.97,3.05,0,1.089765
2016-03-27 00:00:00+00:00,10.97,10.38,-5.36,0,1.050020
2016-03-28 00:00:00+00:00,10.38,11.68,12.51,0,1.118517
2016-03-29 00:00:00+00:00,11.68,11.74,0.53,0,1.079283
2016-03-30 00:00:00+00:00,11.74,11.88,1.23,0,1.082309
2016-03-31 00:00:00+00:00,11.88,11.35,-4.44,0,1.054852
2016-04-01 00:00:00+00:00,11.35,11.64,2.48,0,1.087484
2016-04-02 00:00:00+00:00,11.64,11.56,-0.65,0,1.073931
2016-04-03 00:00:00+00:00,11.56,11.51,-0.41,0,1.075043
2016-04-04 00:00:00+00:00,11.51,11.19,-2.83,0,1.063388
2016-04-05 00:00:00+00:00,11.19,10.42,-6.86,0,1.041234
2016-04-06 00:00:00+00:00,10.42,10.67,2.37,0,1.087079
2016-04-07 00:00:00+00:00,10.67,10.03,-5.96,0,1.046135
2016-04-08 00:00:00+00:00,10.03,9.76,-2.70,0,1.064049
2016-04-09 00:00:00+00:00,9.76,9.90,1.44,0,1.083214
2016-04-10 00:00:00+00:00,9.90,8.81,-10.96,54,1.015532
2016-04-11 00:00:00+00:00,8.81,8.67,-1.64,0,1.069291
2016-04-12 00:00:00+00:00,8.67,7.52,-13.26,202,0.999422
2016-04-13 00:00:00+00:00,7.52,8.02,6.59,0,1.102342
2016-04-14 00:00:00+00:00,8.02,8.43,5.17,0,1.097548
2016-04-15 00:00:00+00:00,8.43,8.21,-2.61,0,1.064457
2016-04-16 00:00:00+00:00,8.21,8.56,4.21,0,1.094159
2016-04-17 00:00:00+00:00,8.56,9.32,8.97,0,1.109514
2016-04-18 00:00:00+00:00,9.32,8.96,-3.89,0,1.057796
2016-04-19 00:00:00+00:00,8.96,8.70,-2.94,0,1.062734
2016-04-20 00:00:00+00:00,8.70,8.48,-2.44,0,1.065222
2016-04-21 00:00:00+00:00,8.48,8.11,-4.41,0,1.054829
2016-04-22 00:00:00+00:00,8.11,7.86,-3.14,0,1.061728
2016-04-23 00:00:00+00:00,7.86,8.38,6.65,0,1.102508
2016-04-24 00:00:00+00:00,8.38,8.00,-4.56,0,1.054265
2016-04-25 00:00:00+00:00,8.00,7.81,-2.28,0,1.066140
2016-04-26 00:00:00+00:00,7.81,7.42,-4.97,0,1.052080
2016-04-27 00:00:00+00:00,7.42,7.72,4.04,0,1.093570
2016-04-28 00:00:00+00:00,7.72,7.25,-6.14,0,1.045180
2016-04-29 00:00:00+00:00,7.25,7.48,3.17,0,1.090247
2016-04-30 00:00:00+00:00,7.48,8.89,18.89,0,1.130000
2016-05-01 00:00:00+00:00,8.89,8.83,-0.68,0,1.073793
2016-05-02 00:00:00+00:00,8.83,10.11,14.44,0,1.122365
2016-05-03 00:00:00+00:00,10.11,9.29,-8.14,0,1.033740
2016-05-04 00:00:00+00:00,9.29,9.41,1.39,0,1.082977
2016-05-05 00:00:00+00:00,9.41,9.83,4.39,0,1.094811
2016-05-06 00:00:00+00:00,9.83,9.28,-5.60,0,1.048287
2016-05-07 00:00:00+00:00,9.28,9.38,1.12,0,1.081851
2016-05-08 00:00:00+00:00,9.38,9.53,1.59,0,1.083863
2016-05-09 00:00:00+00:00,9.53,9.35,-1.85,0,1.068206
2016-05-10 00:00:00+00:00,9.35,9.35,-0.03,0,1.076779
2016-05-11 00:00:00+00:00,9.35,9.98,6.75,0,1.102938
2016-05-12 00:00:00+00:00,9.98,10.09,1.10,0,1.081773
2016-05-13 00:00:00+00:00,10.09,10.59,4.90,0,1.096632
2016-05-14 00:00:00+00:00,10.59,10.18,-3.87,0,1.057930
2016-05-15 00:00:00+00:00,10.18,9.96,-2.12,0,1.066868
2016-05-16 00:00:00+00:00,9.96,11.13,11.74,0,1.116364
2016-05-17 00:00:00+00:00,11.13,12.16,9.23,0,1.110417
2016-05-18 00:00:00+00:00,12.16,13.35,9.84,0,1.112010
2016-05-19 00:00:00+00:00,13.35,14.72,10.22,0,1.113085
2016-05-20 00:00:00+00:00,14.72,13.69,-6.96,0,1.040406
2016-05-21 00:00:00+00:00,13.69,14.00,2.23,0,1.086491
2016-05-22 00:00:00+00:00,14.00,14.25,1.78,0,1.084624
2016-05-23 00:00:00+00:00,14.25,13.24,-7.12,0,1.039995
2016-05-24 00:00:00+00:00,13.24,12.66,-4.31,0,1.055601
2016-05-25 00:00:00+00:00,12.66,12.50,-1.26,0,1.071089
2016-05-26 00:00:00+00:00,12.50,12.50,-0.05,0,1.076710
2016-05-27 00:00:00+00:00,12.50,11.19,-10.45,27,1.018715
2016-05-28 00:00:00+00:00,11.19,11.76,5.11,0,1.097374
2016-05-29 00:00:00+00:00,11.76,12.39,5.32,0,1.098165
2016-05-30 00:00:00+00:00,12.39,12.68,2.34,0,1.086892
2016-05-31 00:00:00+00:00,12.68,14.01,10.50,0,1.113502
2016-06-01 00:00:00+00:00,14.01,13.86,-1.08,0,1.071930
2016-06-02 00:00:00+00:00,13.86,13.77,-0.60,0,1.074166
2016-06-03 00:00:00+00:00,13.77,13.84,0.48,0,1.079053
2016-06-04 00:00:00+00:00,13.84,13.70,-1.03,0,1.072197
2016-06-05 00:00:00+00:00,13.70,13.97,1.99,0,1.085514
2016-06-06 00:00:00+00:00,13.97,13.94,-0.20,0,1.075999
2016-06-07 00:00:00+00:00,13.94,14.55,4.36,0,1.094653
2016-06-08 00:00:00+00:00,14.55,14.43,-0.81,0,1.073220
2016-06-09 00:00:00+00:00,14.43,14.44,0.06,0,1.077198
2016-06-10 00:00:00+00:00,14.44,13.94,-3.44,0,1.060250
2016-06-11 00:00:00+00:00,13.94,13.96,0.12,0,1.077464
2016-06-12 00:00:00+00:00,13.96,15.70,12.44,0,1.118078
2016-06-13 00:00:00+00:00,15.70,17.55,11.82,0,1.116765
2016-06-14 00:00:00+00:00,17.55,18.77,6.94,0,1.103511
2016-06-15 00:00:00+00:00,18.77,18.42,-1.86,0,1.068219
2016-06-16 00:00:00+00:00,18.42,20.51,11.33,0,1.115769
2016-06-17 00:00:00+00:00,20.51,15.40,-24.93,500,0.900098
2016-06-18 00:00:00+00:00,15.40,11.20,-27.28,500,0.877370
2016-06-19 00:00:00+00:00,11.20,12.23,9.23,0,1.110328
2016-06-20 00:00:00+00:00,12.23,11.81,-3.40,0,1.060388
2016-06-21 00:00:00+00:00,11.81,12.98,9.90,0,1.112329
2016-06-22 00:00:00+00:00,12.98,12.74,-1.90,0,1.067967
2016-06-23 00:00:00+00:00,12.74,13.68,7.37,0,1.104886
2016-06-24 00:00:00+00:00,13.68,13.94,1.94,0,1.085267
2016-06-25 00:00:00+00:00,13.94,14.28,2.40,0,1.087185
2016-06-26 00:00:00+00:00,14.28,13.85,-3.02,0,1.062401
2016-06-27 00:00:00+00:00,13.85,13.93,0.63,0,1.079737
2016-06-28 00:00:00+00:00,13.93,12.30,-11.75,122,1.008821
2016-06-29 00:00:00+00:00,12.30,12.80,4.11,0,1.093759
2016-06-30 00:00:00+00:00,12.80,13.34,4.18,0,1.094048
2016-07-01 00:00:00+00:00,13.34,12.33,-7.54,0,1.037206
2016-07-02 00:00:00+00:00,12.33,12.02,-2.53,0,1.064890
2016-07-03 00:00:00+00:00,12.02,11.83,-1.60,0,1.069424
2016-07-04 00:00:00+00:00,11.83,11.42,-3.41,0,1.060413
2016-07-05 00:00:00+00:00,11.42,10.54,-7.71,0,1.035738
2016-07-06 00:00:00+00:00,10.54,10.51,-0.29,0,1.075617
2016-07-07 00:00:00+00:00,10.51,10.10,-3.92,0,1.057721
2016-07-08 00:00:00+00:00,10.10,11.40,12.84,0,1.119420
2016-07-09 00:00:00+00:00,11.40,11.00,-3.51,0,1.059783
2016-07-10 00:00:00+00:00,11.00,10.96,-0.35,0,1.075337
2016-07-11 00:00:00+00:00,10.96,10.52,-4.03,0,1.057236
2016-07-12 00:00:00+00:00,10.52,10.61,0.86,0,1.080728
2016-07-13 00:00:00+00:00,10.61,10.49,-1.10,0,1.071811
2016-07-14 00:00:00+00:00,10.49,11.24,7.19,0,1.104389
2016-07-15 00:00:00+00:00,11.24,11.33,0.73,0,1.080184
2016-07-16 00:00:00+00:00,11.33,11.70,3.33,0,1.090840
2016-07-17 00:00:00+00:00,11.70,11.31,-3.31,0,1.060903
2016-07-18 00:00:00+00:00,11.31,11.02,-2.58,0,1.064594
2016-07-19 00:00:00+00:00,11.02,11.58,5.08,0,1.097289
2016-07-20 00:00:00+00:00,11.58,12.15,4.92,0,1.096801
2016-07-21 00:00:00+00:00,12.15,12.61,3.73,0,1.092334
2016-07-22 00:00:00+00:00,12.61,14.32,13.60,0,1.121162
2016-07-23 00:00:00+00:00,14.32,14.39,0.49,0,1.079102
2016-07-24 00:00:00+00:00,14.39,12.80,-11.02,64,1.014292
2016-07-25 00:00:00+00:00,12.80,13.82,7.91,0,1.106532
2016-07-26 00:00:00+00:00,13.82,11.77,-14.80,363,0.986370
2016-07-27 00:00:00+00:00,11.77,12.97,10.15,0,1.112850
2016-07-28 00:00:00+00:00,12.97,12.88,-0.64,0,1.073976
2016-07-29 00:00:00+00:00,12.88,12.84,-0.33,0,1.075398
2016-07-30 00:00:00+00:00,12.84,12.55,-2.28,0,1.066094
2016-07-31 00:00:00+00:00,12.55,11.87,-5.41,0,1.049429
2016-08-01 00:00:00+00:00,11.87,10.97,-7.58,0,1.036317
2016-08-02 00:00:00+00:00,10.97,8.35,-23.85,500,0.912319
2016-08-03 00:00:00+00:00,8.35,10.22,22.38,0,1.133944
2016-08-04 00:00:00+00:00,10.22,11.03,7.93,0,1.106607
2016-08-05 00:00:00+00:00,11.03,10.94,-0.84,0,1.073073
2016-08-06 00:00:00+00:00,10.94,10.90,-0.38,0,1.075206
2016-08-07 00:00:00+00:00,10.90,10.92,0.20,0,1.077814
2016-08-08 00:00:00+00:00,10.92,11.25,2.98,0,1.089509
2016-08-09 00:00:00+00:00,11.25,12.19,8.41,0,1.108055
2016-08-10 00:00:00+00:00,12.19,12.14,-0.41,0,1.075050
2016-08-11 00:00:00+00:00,12.14,11.99,-1.26,0,1.071070
2016-08-12 00:00:00+00:00,11.99,11.97,-0.12,0,1.076379
2016-08-13 00:00:00+00:00,11.97,11.58,-3.31,0,1.060953
2016-08-14 00:00:00+00:00,11.58,11.26,-2.74,0,1.063811
2016-08-15 00:00:00+00:00,11.26,11.23,-0.26,0,1.075749
2016-08-16 00:00:00+00:00,11.23,10.25,-8.73,0,1.029727
2016-08-17 00:00:00+00:00,10.25,10.74,4.73,0,1.096071
2016-08-18 00:00:00+00:00,10.74,10.72,-0.10,0,1.076456
2016-08-19 00:00:00+00:00,10.72,10.72,-0.05,0,1.076676
2016-08-20 00:00:00+00:00,10.72,11.26,5.08,0,1.097307
2016-08-21 00:00:00+00:00,11.26,11.15,-0.97,0,1.072460
2016-08-22 00:00:00+00:00,11.15,11.06,-0.83,0,1.073124
2016-08-23 00:00:00+00:00,11.06,11.01,-0.44,0,1.074913
2016-08-24 00:00:00+00:00,11.01,11.01,0.01,0,1.076975
2016-08-25 00:00:00+00:00,11.01,11.34,2.95,0,1.089365
2016-08-26 00:00:00+00:00,11.34,11.26,-0.73,0,1.073579
2016-08-27 00:00:00+00:00,11.26,11.15,-0.95,0,1.072522
2016-08-28 00:00:00+00:00,11.15,10.91,-2.12,0,1.066963
2016-08-29 00:00:00+00:00,10.91,10.91,-0.06,0,1.076644
2016-08-30 00:00:00+00:00,10.91,11.21,2.79,0,1.088767
2016-08-31 00:00:00+00:00,11.21,11.50,2.55,0,1.087781
2016-09-01 00:00:00+00:00,11.50,12.00,4.40,0,1.094925
2016-09-02 00:00:00+00:00,12.00,12.09,0.73,0,1.080185
2016-09-03 00:00:00+00:00,12.09,11.80,-2.43,0,1.065335
2016-09-04 00:00:00+00:00,11.80,11.66,-1.14,0,1.071663
2016-09-05 00:00:00+00:00,11.66,11.75,0.77,0,1.080316
2016-09-06 00:00:00+00:00,11.75,11.68,-0.57,0,1.074306
2016-09-07 00:00:00+00:00,11.68,11.55,-1.15,0,1.071581
2016-09-08 00:00:00+00:00,11.55,11.34,-1.85,0,1.068248
2016-09-09 00:00:00+00:00,11.34,11.63,2.59,0,1.087974
2016-09-10 00:00:00+00:00,11.63,12.12,4.19,0,1.094128
2016-09-11 00:00:00+00:00,12.12,11.60,-4.31,0,1.055761
2016-09-12 00:00:00+00:00,11.60,11.85,2.17,0,1.086258
2016-09-13 00:00:00+00:00,11.85,11.88,0.29,0,1.078230
2016-09-14 00:00:00+00:00,11.88,11.91,0.25,0,1.078065
2016-09-15 00:00:00+00:00,11.91,11.90,-0.09,0,1.076522
2016-09-16 00:00:00+00:00,11.90,12.52,5.22,0,1.097749
2016-09-17 00:00:00+00:00,12.52,12.68,1.30,0,1.082573
2016-09-18 00:00:00+00:00,12.68,12.37,-2.49,0,1.065050
2016-09-19 00:00:00+00:00,12.37,13.16,6.40,0,1.101854
2016-09-20 00:00:00+00:00,13.16,14.31,8.72,0,1.108994
2016-09-21 00:00:00+00:00,14.31,13.71,-4.21,0,1.056163
2016-09-22 00:00:00+00:00,13.71,13.23,-3.44,0,1.060020
2016-09-23 00:00:00+00:00,13.23,13.32,0.64,0,1.079773
2016-09-24 00:00:00+00:00,13.32,12.86,-3.45,0,1.060117
2016-09-25 00:00:00+00:00,12.86,13.05,1.45,0,1.083230
2016-09-26 00:00:00+00:00,13.05,12.82,-1.74,0,1.068781
2016-09-27 00:00:00+00:00,12.82,13.07,2.00,0,1.085537
2016-09-28 00:00:00+00:00,13.07,13.31,1.83,0,1.084828
2016-09-29 00:00:00+00:00,13.31,13.10,-1.63,0,1.069352
2016-09-30 00:00:00+00:00,13.10,13.19,0.75,0,1.080263
2016-10-01 00:00:00+00:00,13.19,13.27,0.57,0,1.079458
2016-10-02 00:00:00+00:00,13.27,13.20,-0.54,0,1.074459
2016-10-03 00:00:00+00:00,13.20,13.47,2.07,0,1.085803
2016-10-04 00:00:00+00:00,13.47,13.26,-1.55,0,1.069661
2016-10-05 00:00:00+00:00,13.26,13.06,-1.55,0,1.069727
2016-10-06 00:00:00+00:00,13.06,12.83,-1.77,0,1.068652
2016-10-07 00:00:00+00:00,12.83,12.66,-1.33,0,1.070747
2016-10-08 00:00:00+00:00,12.66,12.18,-3.79,0,1.058309
2016-10-09 00:00:00+00:00,12.18,12.03,-1.20,0,1.071384
2016-10-10 00:00:00+00:00,12.03,11.84,-1.59,0,1.069439
2016-10-11 00:00:00+00:00,11.84,11.75,-0.74,0,1.073517
2016-10-12 00:00:00+00:00,11.75,11.85,0.89,0,1.080862
2016-10-13 00:00:00+00:00,11.85,11.96,0.89,0,1.080893
2016-10-14 00:00:00+00:00,11.96,11.92,-0.37,0,1.075241
2016-10-15 00:00:00+00:00,11.92,11.94,0.24,0,1.077990
2016-10-16 00:00:00+00:00,11.94,11.93,-0.12,0,1.076382
2016-10-17 00:00:00+00:00,11.93,11.97,0.37,0,1.078602
2016-10-18 00:00:00+00:00,11.97,12.51,4.46,0,1.095122
2016-10-19 00:00:00+00:00,12.51,11.97,-4.28,0,1.055717
2016-10-20 00:00:00+00:00,11.97,12.02,0.36,0,1.078518
2016-10-21 00:00:00+00:00,12.02,12.09,0.62,0,1.079665
2016-10-22 00:00:00+00:00,12.09,12.05,-0.38,0,1.075214
2016-10-23 00:00:00+00:00,12.05,11.93,-0.92,0,1.072671
2016-10-24 00:00:00+00:00,11.93,11.89,-0.36,0,1.075288
2016-10-25 00:00:00+00:00,11.89,11.27,-5.20,0,1.050651
2016-10-26 00:00:00+00:00,11.27,11.50,1.99,0,1.085526
2016-10-27 00:00:00+00:00,11.50,11.46,-0.35,0,1.075314
2016-10-28 00:00:00+00:00,11.46,11.52,0.58,0,1.079531
2016-10-29 00:00:00+00:00,11.52,10.34,-10.30,32,1.018713
2016-10-30 00:00:00+00:00,10.34,11.19,8.22,0,1.107486
2016-10-31 00:00:00+00:00,11.19,10.88,-2.73,0,1.063848
2016-11-01 00:00:00+00:00,10.88,10.79,-0.81,0,1.073185
2016-11-02 00:00:00+00:00,10.79,10.78,-0.08,0,1.076561
2016-11-03 00:00:00+00:00,10.78,10.81,0.26,0,1.078086
2016-11-04 00:00:00+00:00,10.81,11.13,2.94,0,1.089376
2016-11-05 00:00:00+00:00,11.13,11.07,-0.57,0,1.074297
2016-11-06 00:00:00+00:00,11.07,10.92,-1.31,0,1.070791
2016-11-07 00:00:00+00:00,10.92,10.87,-0.43,0,1.074981
2016-11-08 00:00:00+00:00,10.87,10.89,0.15,0,1.077578
2016-11-09 00:00:00+00:00,10.89,10.66,-2.07,0,1.067175
2016-11-10 00:00:00+00:00,10.66,10.52,-1.37,0,1.070556
2016-11-11 00:00:00+00:00,10.52,10.29,-2.15,0,1.066746
2016-11-12 00:00:00+00:00,10.29,9.66,-6.11,0,1.045522
2016-11-13 00:00:00+00:00,9.66,10.11,4.62,0,1.095616
2016-11-14 00:00:00+00:00,10.11,9.99,-1.18,0,1.071469
2016-11-15 00:00:00+00:00,9.99,10.20,2.09,0,1.085905
2016-11-16 00:00:00+00:00,10.20,10.03,-1.71,0,1.068892
2016-11-17 00:00:00+00:00,10.03,9.96,-0.65,0,1.073938
2016-11-18 00:00:00+00:00,9.96,9.45,-5.08,0,1.051248
2016-11-19 00:00:00+00:00,9.45,9.67,2.29,0,1.086721
2016-11-20 00:00:00+00:00,9.67,9.53,-1.44,0,1.070222
2016-11-21 00:00:00+00:00,9.53,9.58,0.48,0,1.079055
2016-11-22 00:00:00+00:00,9.58,9.81,2.44,0,1.087383
2016-11-23 00:00:00+00:00,9.81,9.75,-0.58,0,1.074301
2016-11-24 00:00:00+00:00,9.75,9.18,-5.87,0,1.046761
2016-11-25 00:00:00+00:00,9.18,9.34,1.68,0,1.084196
2016-11-26 00:00:00+00:00,9.34,9.29,-0.50,0,1.074624
2016-11-27 00:00:00+00:00,9.29,8.91,-4.10,0,1.056727
2016-11-28 00:00:00+00:00,8.91,8.71,-2.22,0,1.066396
2016-11-29 00:00:00+00:00,8.71,8.16,-6.33,0,1.044308
2016-11-30 00:00:00+00:00,8.16,8.65,6.03,0,1.100582
2016-12-01 00:00:00+00:00,8.65,8.44,-2.43,0,1.065437
2016-12-02 00:00:00+00:00,8.44,7.64,-9.50,0,1.024595
2016-12-03 00:00:00+00:00,7.64,7.89,3.33,0,1.090828
2016-12-04 00:00:00+00:00,7.89,7.47,-5.37,0,1.049846
2016-12-05 00:00:00+00:00,7.47,6.82,-8.75,0,1.029411
2016-12-06 00:00:00+00:00,6.82,7.63,11.98,0,1.117338
2016-12-07 00:00:00+00:00,7.63,8.14,6.66,0,1.102669
2016-12-08 00:00:00+00:00,8.14,8.30,2.00,0,1.085529
2016-12-09 00:00:00+00:00,8.30,8.50,2.44,0,1.087314
2016-12-10 00:00:00+00:00,8.50,8.10,-4.78,0,1.053102
2016-12-11 00:00:00+00:00,8.10,8.21,1.44,0,1.083206
2016-12-12 00:00:00+00:00,8.21,8.47,3.13,0,1.090114
2016-12-13 00:00:00+00:00,8.47,8.35,-1.45,0,1.070223
2016-12-14 00:00:00+00:00,8.35,8.21,-1.70,0,1.069006
2016-12-15 00:00:00+00:00,8.21,7.77,-5.33,0,1.049951
2016-12-16 00:00:00+00:00,7.77,7.80,0.34,0,1.078435
2016-12-17 00:00:00+00:00,7.80,7.82,0.30,0,1.078289
2016-12-18 00:00:00+00:00,7.82,7.86,0.46,0,1.078966
2016-12-19 00:00:00+00:00,7.86,7.59,-3.36,0,1.060640
2016-12-20 00:00:00+00:00,7.59,7.62,0.42,0,1.078782
2016-12-21 00:00:00+00:00,7.62,7.86,3.05,0,1.089773
2016-12-22 00:00:00+00:00,7.86,7.58,-3.57,0,1.059606
2016-12-23 00:00:00+00:00,7.58,7.20,-4.93,0,1.052370
2016-12-24 00:00:00+00:00,7.20,7.22,0.29,0,1.078228
2016-12-25 00:00:00+00:00,7.22,7.21,-0.13,0,1.076331
2016-12-26 00:00:00+00:00,7.21,7.27,0.77,0,1.080317
2016-12-27 00:00:00+00:00,7.27,7.17,-1.33,0,1.070761
2016-12-28 00:00:00+00:00,7.17,7.61,6.16,0,1.100895
2016-12-29 00:00:00+00:00,7.61,8.17,7.34,0,1.104831
2016-12-30 00:00:00+00:00,8.17,8.15,-0.27,0,1.075683
2016-12-31 00:00:00+00:00,8.15,8.01,-1.71,0,1.068924
2017-01-01 00:00:00+00:00,8.01,8.06,0.67,0,1.079922
2017-01-02 00:00:00+00:00,8.06,8.36,3.68,0,1.092116
2017-01-03 00:00:00+00:00,8.36,9.63,15.14,0,1.123926
2017-01-04 00:00:00+00:00,9.63,10.97,13.98,0,1.121906
2017-01-05 00:00:00+00:00,10.97,10.12,-7.81,0,1.035222
2017-01-06 00:00:00+00:00,10.12,10.15,0.39,0,1.078666
2017-01-07 00:00:00+00:00,10.15,9.82,-3.25,0,1.061117
2017-01-08 00:00:00+00:00,9.82,10.27,4.51,0,1.095265
2017-01-09 00:00:00+00:00,10.27,10.29,0.18,0,1.077714
2017-01-10 00:00:00+00:00,10.29,10.52,2.31,0,1.086819
2017-01-11 00:00:00+00:00,10.52,9.66,-8.19,0,1.033098
2017-01-12 00:00:00+00:00,9.66,9.67,0.09,0,1.077310
2017-01-13 00:00:00+00:00,9.67,9.65,-0.20,0,1.076022
2017-01-14 00:00:00+00:00,9.65,9.70,0.46,0,1.078969
2017-01-15 00:00:00+00:00,9.70,9.79,0.94,0,1.081041
2017-01-16 00:00:00+00:00,9.79,9.52,-2.72,0,1.063965
2017-01-17 00:00:00+00:00,9.52,10.26,7.76,0,1.106093
2017-01-18 00:00:00+00:00,10.26,10.13,-1.30,0,1.070869
2017-01-19 00:00:00+00:00,10.13,10.39,2.57,0,1.087851
2017-01-20 00:00:00+00:00,10.39,10.55,1.59,0,1.083805
2017-01-21 00:00:00+00:00,10.55,10.87,3.06,0,1.089785
2017-01-22 00:00:00+00:00,10.87,10.75,-1.17,0,1.071509
2017-01-23 00:00:00+00:00,10.75,10.75,0.05,0,1.077161
2017-01-24 00:00:00+00:00,10.75,10.40,-3.27,0,1.061112
2017-01-25 00:00:00+00:00,10.40,10.47,0.70,0,1.080022
2017-01-26 00:00:00+00:00,10.47,10.56,0.80,0,1.080452
2017-01-27 00:00:00+00:00,10.56,10.51,-0.43,0,1.074962
2017-01-28 00:00:00+00:00,10.51,10.55,0.43,0,1.078841
2017-01-29 00:00:00+00:00,10.55,10.43,-1.18,0,1.071454
2017-01-30 00:00:00+00:00,10.43,10.57,1.34,0,1.082807
2017-01-31 00:00:00+00:00,10.57,10.68,1.01,0,1.081363
2017-02-01 00:00:00+00:00,10.68,10.70,0.22,0,1.077915
2017-02-02 00:00:00+00:00,10.70,10.81,1.02,0,1.081432
2017-02-03 00:00:00+00:00,10.81,10.94,1.18,0,1.082081
2017-02-04 00:00:00+00:00,10.94,11.33,3.62,0,1.091957
2017-02-05 00:00:00+00:00,11.33,11.24,-0.80,0,1.073237
2017-02-06 00:00:00+00:00,11.24,11.29,0.46,0,1.078978
2017-02-07 00:00:00+00:00,11.29,11.43,1.23,0,1.082311
2017-02-08 00:00:00+00:00,11.43,11.34,-0.86,0,1.072989
2017-02-09 00:00:00+00:00,11.34,10.91,-3.71,0,1.058741
2017-02-10 00:00:00+00:00,10.91,11.28,3.30,0,1.090759
2017-02-11 00:00:00+00:00,11.28,11.40,1.10,0,1.081746
2017-02-12 00:00:00+00:00,11.40,11.35,-0.39,0,1.075134
2017-02-13 00:00:00+00:00,11.35,11.28,-0.64,0,1.074016
2017-02-14 00:00:00+00:00,11.28,12.97,14.98,0,1.124119
2017-02-15 00:00:00+00:00,12.97,12.93,-0.29,0,1.075602
2017-02-16 00:00:00+00:00,12.93,12.84,-0.76,0,1.073413
2017-02-17 00:00:00+00:00,12.84,12.70,-1.06,0,1.072032
2017-02-18 00:00:00+00:00,12.70,12.82,0.92,0,1.080964
2017-02-19 00:00:00+00:00,12.82,12.78,-0.32,0,1.075476
2017-02-20 00:00:00+00:00,12.78,12.75,-0.20,0,1.076028
2017-02-21 00:00:00+00:00,12.75,12.74,-0.11,0,1.076425
2017-02-22 00:00:00+00:00,12.74,12.60,-1.07,0,1.071973
2017-02-23 00:00:00+00:00,12.60,13.16,4.40,0,1.094922
2017-02-24 00:00:00+00:00,13.16,13.07,-0.63,0,1.074028
2017-02-25 00:00:00+00:00,13.07,13.55,3.63,0,1.091988
2017-02-26 00:00:00+00:00,13.55,14.55,7.39,0,1.104963
2017-02-27 00:00:00+00:00,14.55,15.36,5.57,0,1.099011
2017-02-28 00:00:00+00:00,15.36,15.70,2.24,0,1.086474
2017-03-01 00:00:00+00:00,15.70,17.17,9.33,0,1.110637
2017-03-02 00:00:00+00:00,17.17,18.99,10.63,0,1.114147
2017-03-03 00:00:00+00:00,18.99,19.59,3.12,0,1.090005
2017-03-04 00:00:00+00:00,19.59,18.64,-4.84,0,1.052667
2017-03-05 00:00:00+00:00,18.64,19.25,3.27,0,1.090623
2017-03-06 00:00:00+00:00,19.25,19.67,2.20,0,1.086334
2017-03-07 00:00:00+00:00,19.67,18.83,-4.29,0,1.055794
2017-03-08 00:00:00+00:00,18.83,16.75,-11.03,59,1.014082
2017-03-09 00:00:00+00:00,16.75,17.63,5.27,0,1.097955
2017-03-10 00:00:00+00:00,17.63,19.26,9.25,0,1.110482
2017-03-11 00:00:00+00:00,19.26,21.40,11.07,0,1.115230
2017-03-12 00:00:00+00:00,21.40,23.10,7.96,0,1.106718
2017-03-13 00:00:00+00:00,23.10,28.45,23.17,0,1.135551
2017-03-14 00:00:00+00:00,28.45,28.54,0.30,0,1.078291
2017-03-15 00:00:00+00:00,28.54,34.20,19.84,0,1.131387
2017-03-16 00:00:00+00:00,34.20,39.86,16.56,0,1.126847
2017-03-17 00:00:00+00:00,39.86,44.07,10.55,0,1.114005
2017-03-18 00:00:00+00:00,44.07,32.27,-26.78,500,0.881214
2017-03-19 00:00:00+00:00,32.27,44.09,36.63,0,1.144540
2017-03-20 00:00:00+00:00,44.09,41.86,-5.05,0,1.051588
2017-03-21 00:00:00+00:00,41.86,42.48,1.47,0,1.083359
2017-03-22 00:00:00+00:00,42.48,41.26,-2.86,0,1.063304
2017-03-23 00:00:00+00:00,41.26,43.27,4.88,0,1.096575
2017-03-24 00:00:00+00:00,43.27,50.89,17.61,0,1.128383
2017-03-25 00:00:00+00:00,50.89,50.68,-0.42,0,1.074986
2017-03-26 00:00:00+00:00,50.68,50.05,-1.24,0,1.071153
2017-03-27 00:00:00+00:00,50.05,49.02,-2.06,0,1.067179
2017-03-28 00:00:00+00:00,49.02,50.26,2.53,0,1.087759
2017-03-29 00:00:00+00:00,50.26,52.84,5.14,0,1.097512
2017-03-30 00:00:00+00:00,52.84,52.31,-1.00,0,1.072279
2017-03-31 00:00:00+00:00,52.31,49.96,-4.50,0,1.054357
2017-04-01 00:00:00+00:00,49.96,50.43,0.93,0,1.081046
2017-04-02 00:00:00+00:00,50.43,48.38,-4.06,0,1.056937
2017-04-03 00:00:00+00:00,48.38,43.58,-9.92,7,1.021610
2017-04-04 00:00:00+00:00,43.58,41.80,-4.09,0,1.056734
2017-04-05 00:00:00+00:00,41.80,45.59,9.07,0,1.109824
2017-04-06 00:00:00+00:00,45.59,42.98,-5.73,0,1.047833
2017-04-07 00:00:00+00:00,42.98,42.40,-1.34,0,1.070665
2017-04-08 00:00:00+00:00,42.40,44.50,4.95,0,1.096874
2017-04-09 00:00:00+00:00,44.50,44.19,-0.70,0,1.073723
2017-04-10 00:00:00+00:00,44.19,43.91,-0.64,0,1.073968
2017-04-11 00:00:00+00:00,43.91,43.86,-0.11,0,1.076447
2017-04-12 00:00:00+00:00,43.86,46.20,5.33,0,1.098144
2017-04-13 00:00:00+00:00,46.20,49.75,7.69,0,1.105835
2017-04-14 00:00:00+00:00,49.75,47.56,-4.40,0,1.055082
2017-04-15 00:00:00+00:00,47.56,49.12,3.28,0,1.090649
2017-04-16 00:00:00+00:00,49.12,48.71,-0.84,0,1.073059
2017-04-17 00:00:00+00:00,48.71,48.35,-0.74,0,1.073548
2017-04-18 00:00:00+00:00,48.35,50.76,4.99,0,1.096966
2017-04-19 00:00:00+00:00,50.76,48.16,-5.12,0,1.051218
2017-04-20 00:00:00+00:00,48.16,50.07,3.96,0,1.093281
2017-04-21 00:00:00+00:00,50.07,48.80,-2.52,0,1.064819
2017-04-22 00:00:00+00:00,48.80,49.08,0.57,0,1.079462
2017-04-23 00:00:00+00:00,49.08,50.61,3.11,0,1.089992
2017-04-24 00:00:00+00:00,50.61,51.10,0.97,0,1.081183
2017-04-25 00:00:00+00:00,51.10,50.97,-0.24,0,1.075826
2017-04-26 00:00:00+00:00,50.97,54.88,7.66,0,1.105835
2017-04-27 00:00:00+00:00,54.88,63.96,16.54,0,1.126074
2017-04-28 00:00:00+00:00,63.96,73.01,14.15,0,1.122126
2017-04-29 00:00:00+00:00,73.01,70.45,-3.50,0,1.059800
2017-04-30 00:00:00+00:00,70.45,79.80,13.27,0,1.120096
2017-05-01 00:00:00+00:00,79.80,76.85,-3.70,0,1.058823
2017-05-02 00:00:00+00:00,76.85,77.35,0.65,0,1.079826
2017-05-03 00:00:00+00:00,77.35,80.93,4.63,0,1.095683
2017-05-04 00:00:00+00:00,80.93,94.11,16.29,0,1.125718
2017-05-05 00:00:00+00:00,94.11,91.16,-3.14,0,1.061604
2017-05-06 00:00:00+00:00,91.16,96.43,5.78,0,1.099727
2017-05-07 00:00:00+00:00,96.43,89.74,-6.94,0,1.040865
2017-05-08 00:00:00+00:00,89.74,87.95,-2.00,0,1.067525
2017-05-09 00:00:00+00:00,87.95,87.50,-0.51,0,1.074597
2017-05-10 00:00:00+00:00,87.50,88.41,1.04,0,1.081489
2017-05-11 00:00:00+00:00,88.41,88.46,0.05,0,1.077157
2017-05-12 00:00:00+00:00,88.46,88.18,-0.31,0,1.075509
2017-05-13 00:00:00+00:00,88.18,89.14,1.09,0,1.081685
2017-05-14 00:00:00+00:00,89.14,90.06,1.03,0,1.081438
2017-05-15 00:00:00+00:00,90.06,90.50,0.50,0,1.079142
2017-05-16 00:00:00+00:00,90.50,87.09,-3.77,0,1.058490
2017-05-17 00:00:00+00:00,87.09,88.21,1.29,0,1.082579
2017-05-18 00:00:00+00:00,88.21,96.63,9.54,0,1.111273
2017-05-19 00:00:00+00:00,96.63,122.16,26.43,0,1.138784
2017-05-20 00:00:00+00:00,122.16,123.03,0.71,0,1.080064
2017-05-21 00:00:00+00:00,123.03,148.66,20.83,0,1.132800
2017-05-22 00:00:00+00:00,148.66,153.99,3.59,0,1.091844
2017-05-23 00:00:00+00:00,153.99,171.08,11.10,0,1.115338
2017-05-24 00:00:00+00:00,171.08,190.43,11.31,0,1.115701
2017-05-25 00:00:00+00:00,190.43,176.82,-7.15,0,1.039554
2017-05-26 00:00:00+00:00,176.82,162.94,-7.85,0,1.035042
2017-05-27 00:00:00+00:00,162.94,159.06,-2.39,0,1.065497
2017-05-28 00:00:00+00:00,159.06,172.34,8.35,0,1.107843
2017-05-29 00:00:00+00:00,172.34,196.08,13.77,0,1.121525
2017-05-30 00:00:00+00:00,196.08,230.80,17.71,0,1.128030
2017-05-31 00:00:00+00:00,230.80,231.37,0.25,0,1.078038
2017-06-01 00:00:00+00:00,231.37,221.83,-4.12,0,1.056593
2017-06-02 00:00:00+00:00,221.83,224.32,1.12,0,1.081883
2017-06-03 00:00:00+00:00,224.32,225.40,0.48,0,1.079068
2017-06-04 00:00:00+00:00,225.40,247.43,9.77,0,1.111965
2017-06-05 00:00:00+00:00,247.43,248.93,0.61,0,1.079622
2017-06-06 00:00:00+00:00,248.93,266.14,6.91,0,1.103442
2017-06-07 00:00:00+00:00,266.14,256.22,-3.73,0,1.058794
2017-06-08 00:00:00+00:00,256.22,260.34,1.61,0,1.083921
2017-06-09 00:00:00+00:00,260.34,280.33,7.68,0,1.105820
2017-06-10 00:00:00+00:00,280.33,337.79,20.50,0,1.132295
2017-06-11 00:00:00+00:00,337.79,341.08,0.97,0,1.081236
2017-06-12 00:00:00+00:00,341.08,398.43,16.81,0,1.127325
2017-06-13 00:00:00+00:00,398.43,389.94,-2.13,0,1.066782
2017-06-14 00:00:00+00:00,389.94,347.78,-10.81,51,1.016076
2017-06-15 00:00:00+00:00,347.78,346.37,-0.41,0,1.075077
2017-06-16 00:00:00+00:00,346.37,358.28,3.44,0,1.091274
2017-06-17 00:00:00+00:00,358.28,372.36,3.93,0,1.093080
2017-06-18 00:00:00+00:00,372.36,359.44,-3.47,0,1.059966
2017-06-19 00:00:00+00:00,359.44,362.04,0.72,0,1.080144
2017-06-20 00:00:00+00:00,362.04,358.05,-1.10,0,1.071827
2017-06-21 00:00:00+00:00,358.05,327.89,-8.42,0,1.031397
2017-06-22 00:00:00+00:00,327.89,326.96,-0.28,0,1.075640
2017-06-23 00:00:00+00:00,326.96,331.91,1.52,0,1.083522
2017-06-24 00:00:00+00:00,331.91,310.05,-6.59,0,1.042420
2017-06-25 00:00:00+00:00,310.05,288.05,-7.10,0,1.039951
2017-06-26 00:00:00+00:00,288.05,258.92,-10.11,18,1.020560
2017-06-27 00:00:00+00:00,258.92,280.81,8.46,0,1.108295
2017-06-28 00:00:00+00:00,280.81,317.29,12.99,0,1.119807
2017-06-29 00:00:00+00:00,317.29,300.18,-5.39,0,1.049445
2017-06-30 00:00:00+00:00,300.18,284.69,-5.16,0,1.050763
2017-07-01 00:00:00+00:00,284.69,262.48,-7.80,0,1.035109
2017-07-02 00:00:00+00:00,262.48,286.13,9.01,0,1.109627
2017-07-03 00:00:00+00:00,286.13,278.60,-2.63,0,1.064305
2017-07-04 00:00:00+00:00,278.60,269.74,-3.18,0,1.061595
2017-07-05 00:00:00+00:00,269.74,265.94,-1.41,0,1.070386
2017-07-06 00:00:00+00:00,265.94,267.47,0.58,0,1.079482
2017-07-07 00:00:00+00:00,267.47,241.48,-9.72,0,1.023270
2017-07-08 00:00:00+00:00,241.48,246.21,1.96,0,1.085424
2017-07-09 00:00:00+00:00,246.21,238.75,-3.03,0,1.062296
2017-07-10 00:00:00+00:00,238.75,210.53,-11.82,116,1.008724
2017-07-11 00:00:00+00:00,210.53,194.33,-7.69,0,1.036171
2017-07-12 00:00:00+00:00,194.33,222.14,14.31,0,1.122148
2017-07-13 00:00:00+00:00,222.14,206.41,-7.08,0,1.039652
2017-07-14 00:00:00+00:00,206.41,197.97,-4.09,0,1.056780
2017-07-15 00:00:00+00:00,197.97,171.78,-13.23,229,0.998254
2017-07-16 00:00:00+00:00,171.78,156.47,-8.91,0,1.028276
2017-07-17 00:00:00+00:00,156.47,188.35,20.38,0,1.131426
2017-07-18 00:00:00+00:00,188.35,228.50,21.32,0,1.133980
2017-07-19 00:00:00+00:00,228.50,199.59,-12.65,159,1.003708
2017-07-20 00:00:00+00:00,199.59,223.46,11.96,0,1.117180
2017-07-21 00:00:00+00:00,223.46,217.09,-2.85,0,1.063229
2017-07-22 00:00:00+00:00,217.09,231.14,6.48,0,1.102032
2017-07-23 00:00:00+00:00,231.14,226.72,-1.91,0,1.067954
2017-07-24 00:00:00+00:00,226.72,224.91,-0.80,0,1.073270
2017-07-25 00:00:00+00:00,224.91,206.81,-8.05,0,1.034085
2017-07-26 00:00:00+00:00,206.81,200.33,-3.13,0,1.061744
2017-07-27 00:00:00+00:00,200.33,203.19,1.43,0,1.083153
2017-07-28 00:00:00+00:00,203.19,192.59,-5.22,0,1.050720
2017-07-29 00:00:00+00:00,192.59,205.51,6.71,0,1.102886
2017-07-30 00:00:00+00:00,205.51,197.20,-4.04,0,1.057049
2017-07-31 00:00:00+00:00,197.20,203.29,3.09,0,1.089900
2017-08-01 00:00:00+00:00,203.29,227.08,11.70,0,1.116790
2017-08-02 00:00:00+00:00,227.08,219.06,-3.53,0,1.059712
2017-08-03 00:00:00+00:00,219.06,224.87,2.65,0,1.088181
2017-08-04 00:00:00+00:00,224.87,221.67,-1.42,0,1.070302
2017-08-05 00:00:00+00:00,221.67,253.16,14.20,0,1.122165
2017-08-06 00:00:00+00:00,253.16,263.22,3.98,0,1.093274
2017-08-07 00:00:00+00:00,263.22,268.50,2.00,0,1.085551
2017-08-08 00:00:00+00:00,268.50,295.15,9.93,0,1.112195
2017-08-09 00:00:00+00:00,295.15,297.07,0.65,0,1.079807
2017-08-10 00:00:00+00:00,297.07,296.78,-0.10,0,1.076480
2017-08-11 00:00:00+00:00,296.78,306.83,3.39,0,1.091160
2017-08-12 00:00:00+00:00,306.83,308.63,0.59,0,1.079529
2017-08-13 00:00:00+00:00,308.63,297.16,-3.72,0,1.058798
2017-08-14 00:00:00+00:00,297.16,296.40,-0.26,0,1.075760
2017-08-15 00:00:00+00:00,296.40,288.45,-2.68,0,1.064132
2017-08-16 00:00:00+00:00,288.45,300.04,4.02,0,1.093512
2017-08-17 00:00:00+00:00,300.04,300.57,0.18,0,1.077719
2017-08-18 00:00:00+00:00,300.57,296.11,-1.48,0,1.070005
2017-08-19 00:00:00+00:00,296.11,296.62,0.17,0,1.077702
2017-08-20 00:00:00+00:00,296.62,295.17,-0.49,0,1.074692
2017-08-21 00:00:00+00:00,295.17,322.20,9.16,0,1.110078
2017-08-22 00:00:00+00:00,322.20,312.17,-3.11,0,1.061891
2017-08-23 00:00:00+00:00,312.17,316.79,1.48,0,1.083384
2017-08-24 00:00:00+00:00,316.79,321.79,1.58,0,1.083730
2017-08-25 00:00:00+00:00,321.79,329.03,2.25,0,1.086552
2017-08-26 00:00:00+00:00,329.03,329.87,0.26,0,1.078067
2017-08-27 00:00:00+00:00,329.87,343.34,4.09,0,1.093710
2017-08-28 00:00:00+00:00,343.34,344.20,0.25,0,1.078047
2017-08-29 00:00:00+00:00,344.20,366.81,6.57,0,1.102324
2017-08-30 00:00:00+00:00,366.81,378.91,3.30,0,1.090744
2017-08-31 00:00:00+00:00,378.91,382.93,1.06,0,1.081624
2017-09-01 00:00:00+00:00,382.93,386.34,0.89,0,1.080862
2017-09-02 00:00:00+00:00,386.34,346.40,-10.34,32,1.018922
2017-09-03 00:00:00+00:00,346.40,349.93,1.02,0,1.081432
2017-09-04 00:00:00+00:00,349.93,299.72,-14.35,339,0.989286
2017-09-05 00:00:00+00:00,299.72,318.97,6.42,0,1.101856
2017-09-06 00:00:00+00:00,318.97,333.21,4.46,0,1.095117
2017-09-07 00:00:00+00:00,333.21,329.42,-1.14,0,1.071691
2017-09-08 00:00:00+00:00,329.42,304.48,-7.57,0,1.037360
2017-09-09 00:00:00+00:00,304.48,299.69,-1.57,0,1.069617
2017-09-10 00:00:00+00:00,299.69,292.78,-2.31,0,1.066006
2017-09-11 00:00:00+00:00,292.78,296.48,1.26,0,1.082470
2017-09-12 00:00:00+00:00,296.48,290.59,-1.99,0,1.067583
2017-09-13 00:00:00+00:00,290.59,277.33,-4.56,0,1.054256
2017-09-14 00:00:00+00:00,277.33,214.31,-22.72,500,0.918838
2017-09-15 00:00:00+00:00,214.31,246.92,15.22,0,1.124379
2017-09-16 00:00:00+00:00,246.92,244.81,-0.86,0,1.072976
2017-09-17 00:00:00+00:00,244.81,249.67,1.99,0,1.085512
2017-09-18 00:00:00+00:00,249.67,287.96,15.34,0,1.124351
2017-09-19 00:00:00+00:00,287.96,280.45,-2.61,0,1.064533
2017-09-20 00:00:00+00:00,280.45,279.42,-0.37,0,1.075265
2017-09-21 00:00:00+00:00,279.42,257.47,-7.85,0,1.035225
2017-09-22 00:00:00+00:00,257.47,263.47,2.33,0,1.086847
2017-09-23 00:00:00+00:00,263.47,283.22,7.50,0,1.105286
2017-09-24 00:00:00+00:00,283.22,280.68,-0.90,0,1.072806
2017-09-25 00:00:00+00:00,280.68,288.09,2.64,0,1.088101
2017-09-26 00:00:00+00:00,288.09,283.93,-1.44,0,1.070189
2017-09-27 00:00:00+00:00,283.93,302.15,6.42,0,1.101822
2017-09-28 00:00:00+00:00,302.15,294.31,-2.59,0,1.064537
2017-09-29 00:00:00+00:00,294.31,288.11,-2.11,0,1.067010
2017-09-30 00:00:00+00:00,288.11,297.27,3.18,0,1.090198
2017-10-01 00:00:00+00:00,297.27,299.67,0.81,0,1.080503
2017-10-02 00:00:00+00:00,299.67,295.84,-1.28,0,1.071003
2017-10-03 00:00:00+00:00,295.84,292.21,-1.23,0,1.071265
2017-10-04 00:00:00+00:00,292.21,293.04,0.28,0,1.078190
2017-10-05 00:00:00+00:00,293.04,293.72,0.23,0,1.077970
2017-10-06 00:00:00+00:00,293.72,307.71,4.76,0,1.096179
2017-10-07 00:00:00+00:00,307.71,309.60,0.61,0,1.079646
2017-10-08 00:00:00+00:00,309.60,307.06,-0.82,0,1.073168
2017-10-09 00:00:00+00:00,307.06,295.90,-3.63,0,1.059186
2017-10-10 00:00:00+00:00,295.90,299.92,1.36,0,1.082857
2017-10-11 00:00:00+00:00,299.92,303.25,1.11,0,1.081807
2017-10-12 00:00:00+00:00,303.25,302.02,-0.40,0,1.075089
2017-10-13 00:00:00+00:00,302.02,337.95,11.90,0,1.116843
2017-10-14 00:00:00+00:00,337.95,335.34,-0.77,0,1.073367
2017-10-15 00:00:00+00:00,335.34,335.39,0.02,0,1.076995
2017-10-16 00:00:00+00:00,335.39,331.97,-1.02,0,1.072240
2017-10-17 00:00:00+00:00,331.97,317.90,-4.24,0,1.055897
2017-10-18 00:00:00+00:00,317.90,314.46,-1.08,0,1.071932
2017-10-19 00:00:00+00:00,314.46,308.47,-1.90,0,1.067985
2017-10-20 00:00:00+00:00,308.47,302.36,-1.98,0,1.067591
2017-10-21 00:00:00+00:00,302.36,300.69,-0.55,0,1.074402
2017-10-22 00:00:00+00:00,300.69,295.49,-1.73,0,1.068878
2017-10-23 00:00:00+00:00,295.49,289.41,-2.06,0,1.067233
2017-10-24 00:00:00+00:00,289.41,298.76,3.23,0,1.090471
2017-10-25 00:00:00+00:00,298.76,298.48,-0.09,0,1.076509
2017-10-26 00:00:00+00:00,298.48,295.71,-0.93,0,1.072669
2017-10-27 00:00:00+00:00,295.71,297.93,0.75,0,1.080257
2017-10-28 00:00:00+00:00,297.93,296.46,-0.49,0,1.074702
2017-10-29 00:00:00+00:00,296.46,303.74,2.45,0,1.087397
2017-10-30 00:00:00+00:00,303.74,306.25,0.83,0,1.080577
2017-10-31 00:00:00+00:00,306.25,303.54,-0.88,0,1.072858
2017-11-01 00:00:00+00:00,303.54,292.33,-3.69,0,1.058864
2017-11-02 00:00:00+00:00,292.33,287.07,-1.80,0,1.068425
2017-11-03 00:00:00+00:00,287.07,305.84,6.54,0,1.102283
2017-11-04 00:00:00+00:00,305.84,299.95,-1.93,0,1.067887
2017-11-05 00:00:00+00:00,299.95,297.52,-0.81,0,1.073191
2017-11-06 00:00:00+00:00,297.52,301.37,1.29,0,1.082607
2017-11-07 00:00:00+00:00,301.37,295.24,-2.04,0,1.067341
2017-11-08 00:00:00+00:00,295.24,308.93,4.64,0,1.095750
2017-11-09 00:00:00+00:00,308.93,322.33,4.34,0,1.094580
2017-11-10 00:00:00+00:00,322.33,301.35,-6.51,0,1.043486
2017-11-11 00:00:00+00:00,301.35,316.26,4.95,0,1.096830
2017-11-12 00:00:00+00:00,316.26,314.17,-0.66,0,1.073910
2017-11-13 00:00:00+00:00,314.17,315.34,0.37,0,1.078596
2017-11-14 00:00:00+00:00,315.34,338.94,7.48,0,1.105217
2017-11-15 00:00:00+00:00,338.94,334.29,-1.37,0,1.070521
2017-11-16 00:00:00+00:00,334.29,330.02,-1.28,0,1.071017
2017-11-17 00:00:00+00:00,330.02,333.35,1.01,0,1.081382
2017-11-18 00:00:00+00:00,333.35,348.75,4.62,0,1.095641
2017-11-19 00:00:00+00:00,348.75,353.44,1.34,0,1.082797
2017-11-20 00:00:00+00:00,353.44,365.79,3.49,0,1.091480
2017-11-21 00:00:00+00:00,365.79,361.06,-1.29,0,1.070908
2017-11-22 00:00:00+00:00,361.06,379.41,5.08,0,1.097268
2017-11-23 00:00:00+00:00,379.41,412.56,8.74,0,1.108915
2017-11-24 00:00:00+00:00,412.56,475.00,15.13,0,1.123862
2017-11-25 00:00:00+00:00,475.00,467.45,-1.59,0,1.069514
2017-11-26 00:00:00+00:00,467.45,469.00,0.33,0,1.078409
2017-11-27 00:00:00+00:00,469.00,484.36,3.28,0,1.090602
2017-11-28 00:00:00+00:00,484.36,474.18,-2.10,0,1.066973
2017-11-29 00:00:00+00:00,474.18,428.35,-9.67,0,1.023861
2017-11-30 00:00:00+00:00,428.35,454.16,6.03,0,1.100512
2017-12-01 00:00:00+00:00,454.16,469.86,3.46,0,1.091398
2017-12-02 00:00:00+00:00,469.86,469.86,0.00,0,1.076923
2017-12-03 00:00:00+00:00,469.86,461.88,-1.70,0,1.068967
2017-12-04 00:00:00+00:00,461.88,472.25,2.25,0,1.086525
2017-12-05 00:00:00+00:00,472.25,467.02,-1.11,0,1.071821
2017-12-06 00:00:00+00:00,467.02,448.33,-4.00,0,1.057292
2017-12-07 00:00:00+00:00,448.33,451.83,0.78,0,1.080346
2017-12-08 00:00:00+00:00,451.83,467.88,3.55,0,1.091731
2017-12-09 00:00:00+00:00,467.88,482.04,3.03,0,1.089676
2017-12-10 00:00:00+00:00,482.04,446.69,-7.33,0,1.038169
2017-12-11 00:00:00+00:00,446.69,509.00,13.95,0,1.121462
2017-12-12 00:00:00+00:00,509.00,661.84,30.03,0,1.141531
2017-12-13 00:00:00+00:00,661.84,709.88,7.26,0,1.104533
2017-12-14 00:00:00+00:00,709.88,704.62,-0.74,0,1.073531
2017-12-15 00:00:00+00:00,704.62,693.10,-1.63,0,1.069208
2017-12-16 00:00:00+00:00,693.10,702.24,1.32,0,1.082690
2017-12-17 00:00:00+00:00,702.24,728.70,3.77,0,1.092522
2017-12-18 00:00:00+00:00,728.70,798.12,9.53,0,1.111202
2017-12-19 00:00:00+00:00,798.12,829.99,3.99,0,1.093327
2017-12-20 00:00:00+00:00,829.99,813.40,-2.00,0,1.067472
2017-12-21 00:00:00+00:00,813.40,812.89,-0.06,0,1.076639
2017-12-22 00:00:00+00:00,812.89,669.28,-17.67,500,0.962700
2017-12-23 00:00:00+00:00,669.28,715.72,6.94,0,1.103471
2017-12-24 00:00:00+00:00,715.72,686.21,-4.12,0,1.056528
2017-12-25 00:00:00+00:00,686.21,733.90,6.95,0,1.103572
2017-12-26 00:00:00+00:00,733.90,774.11,5.48,0,1.098680
2017-12-27 00:00:00+00:00,774.11,764.97,-1.18,0,1.071439
2017-12-28 00:00:00+00:00,764.97,736.84,-3.68,0,1.058953
2017-12-29 00:00:00+00:00,736.84,755.34,2.51,0,1.087624
2017-12-30 00:00:00+00:00,755.34,736.91,-2.44,0,1.065302
2017-12-31 00:00:00+00:00,736.91,774.70,5.13,0,1.097493
2018-01-01 00:00:00+00:00,774.70,776.08,0.18,0,1.077724
2018-01-02 00:00:00+00:00,776.08,876.89,12.99,0,1.119159
2018-01-03 00:00:00+00:00,876.89,963.06,9.83,0,1.112017
2018-01-04 00:00:00+00:00,963.06,978.42,1.60,0,1.083861
2018-01-05 00:00:00+00:00,978.42,1004.89,2.71,0,1.088421
2018-01-06 00:00:00+00:00,1004.89,1052.02,4.69,0,1.095887
2018-01-07 00:00:00+00:00,1052.02,1137.65,8.14,0,1.107251
2018-01-08 00:00:00+00:00,1137.65,1184.92,4.15,0,1.093961
2018-01-09 00:00:00+00:00,1184.92,1361.44,14.90,0,1.123442
2018-01-10 00:00:00+00:00,1361.44,1345.59,-1.16,0,1.071540
2018-01-11 00:00:00+00:00,1345.59,1181.65,-12.18,133,1.005757
2018-01-12 00:00:00+00:00,1181.65,1315.62,11.34,0,1.115631
2018-01-13 00:00:00+00:00,1315.62,1448.18,10.08,0,1.112814
2018-01-14 00:00:00+00:00,1448.18,1410.00,-2.64,0,1.064354
2018-01-15 00:00:00+00:00,1410.00,1329.67,-5.70,0,1.048149
2018-01-16 00:00:00+00:00,1329.67,1068.60,-19.63,500,0.948169
2018-01-17 00:00:00+00:00,1068.60,1022.37,-4.33,0,1.055331
2018-01-18 00:00:00+00:00,1022.37,1036.07,1.34,0,1.082790
2018-01-19 00:00:00+00:00,1036.07,1046.90,1.04,0,1.081515
2018-01-20 00:00:00+00:00,1046.90,1172.92,12.04,0,1.117486
2018-01-21 00:00:00+00:00,1172.92,1053.63,-10.17,20,1.019556
2018-01-22 00:00:00+00:00,1053.63,1000.39,-5.05,0,1.051563
2018-01-23 00:00:00+00:00,1000.39,991.67,-0.87,0,1.072918
2018-01-24 00:00:00+00:00,991.67,1056.88,6.58,0,1.102394
2018-01-25 00:00:00+00:00,1056.88,1059.32,0.23,0,1.077960
2018-01-26 00:00:00+00:00,1059.32,1048.80,-0.99,0,1.072382
2018-01-27 00:00:00+00:00,1048.80,1095.78,4.48,0,1.095167
2018-01-28 00:00:00+00:00,1095.78,1237.32,12.92,0,1.119438
2018-01-29 00:00:00+00:00,1237.32,1169.63,-5.47,0,1.048929
2018-01-30 00:05:11+00:00,1169.63,1161.91,-0.66,0,1.073896
2018-01-31 00:00:00+00:00,1161.91,1058.10,-8.93,0,1.028010
2018-02-01 00:00:00+00:00,1058.10,1106.14,4.54,0,1.095391
2018-02-02 00:00:00+00:00,1106.14,1021.27,-7.67,0,1.036323
2018-02-03 00:00:00+00:00,1021.27,914.64,-10.44,41,1.017959
2018-02-04 00:00:00+00:00,914.64,941.80,2.97,0,1.089411
2018-02-05 00:00:00+00:00,941.80,834.89,-11.35,85,1.012234
2018-02-06 00:00:00+00:00,834.89,684.31,-18.04,500,0.960165
2018-02-07 00:00:00+00:00,684.31,785.74,14.82,0,1.123399
2018-02-08 00:05:23+00:00,785.74,751.89,-4.31,0,1.055577
2018-02-09 00:00:00+00:00,751.89,807.82,7.44,0,1.105173
2018-02-10 00:00:00+00:00,807.82,871.33,7.86,0,1.106360
2018-02-11 00:00:00+00:00,871.33,854.35,-1.95,0,1.067724
2018-02-12 00:00:00+00:00,854.35,817.29,-4.34,0,1.055353
2018-02-13 00:00:00+00:00,817.29,862.75,5.56,0,1.098958
2018-02-14 00:00:00+00:00,862.75,833.78,-3.36,0,1.060573
2018-02-15 00:00:00+00:00,833.78,915.08,9.75,0,1.111855
2018-02-16 00:00:00+00:00,915.08,928.29,1.44,0,1.083251
2018-02-17 00:00:00+00:00,928.29,934.68,0.69,0,1.079976
2018-02-18 00:00:00+00:00,934.68,964.28,3.17,0,1.090184
2018-02-19 00:00:00+00:00,964.28,915.09,-5.10,0,1.051271
2018-02-20 00:00:00+00:00,915.09,928.29,1.44,0,1.083221
2018-02-21 00:00:00+00:00,928.29,902.97,-2.73,0,1.063852
2018-02-22 00:00:00+00:00,902.97,809.13,-10.39,25,1.018828
2018-02-23 00:00:00+00:00,809.13,812.45,0.41,0,1.078763
2018-02-24 00:00:00+00:00,812.45,864.67,6.43,0,1.101890
2018-02-25 00:00:00+00:00,864.67,828.72,-4.16,0,1.056189
2018-02-26 00:00:00+00:00,828.72,842.63,1.68,0,1.084210
2018-02-27 00:00:00+00:00,842.63,863.65,2.49,0,1.087569
2018-02-28 00:00:00+00:00,863.65,869.26,0.65,0,1.079812
2018-03-01 00:00:00+00:00,869.26,846.37,-2.63,0,1.064414
2018-03-02 00:00:00+00:00,846.37,855.68,1.10,0,1.081744
2018-03-03 00:00:00+00:00,855.68,850.44,-0.61,0,1.074119
2018-03-04 00:00:00+00:00,850.44,844.26,-0.73,0,1.073590
2018-03-05 00:00:00+00:00,844.26,843.76,-0.06,0,1.076658
2018-03-06 00:00:00+00:00,843.76,840.15,-0.43,0,1.074988
2018-03-07 00:00:00+00:00,840.15,808.45,-3.77,0,1.058552
2018-03-08 00:00:00+00:00,808.45,752.59,-6.91,0,1.040606
2018-03-09 00:00:00+00:00,752.59,699.19,-7.10,0,1.039279
2018-03-10 00:00:00+00:00,699.19,710.89,1.67,0,1.084198
2018-03-11 00:00:00+00:00,710.89,684.93,-3.65,0,1.058952
2018-03-12 00:00:00+00:00,684.93,713.20,4.13,0,1.093873
2018-03-13 00:00:00+00:00,713.20,695.31,-2.51,0,1.065082
2018-03-14 00:00:00+00:00,695.31,684.64,-1.53,0,1.069756
2018-03-15 00:00:00+00:00,684.64,608.39,-11.14,69,1.013558
2018-03-16 00:00:00+00:00,608.39,612.44,0.67,0,1.079884
2018-03-17 00:00:00+00:00,612.44,607.88,-0.75,0,1.073504
2018-03-18 00:00:00+00:00,607.88,560.11,-7.86,0,1.035043
2018-03-19 00:00:00+00:00,560.11,538.69,-3.82,0,1.058216
2018-03-20 00:00:00+00:00,538.69,555.08,3.04,0,1.089716
2018-03-21 00:00:00+00:00,555.08,554.21,-0.16,0,1.076218
2018-03-22 00:00:00+00:00,554.21,561.15,1.25,0,1.082413
2018-03-23 00:00:00+00:00,561.15,537.71,-4.18,0,1.056506
2018-03-24 00:00:00+00:00,537.71,538.11,0.08,0,1.077262
2018-03-25 00:00:00+00:00,538.11,519.49,-3.46,0,1.060053
2018-03-26 00:00:00+00:00,519.49,519.38,-0.02,0,1.076830
2018-03-27 00:00:00+00:00,519.38,487.54,-6.13,0,1.045213
2018-03-28 00:00:00+00:00,487.54,449.05,-7.89,0,1.034981
2018-03-29 00:00:00+00:00,449.05,443.95,-1.14,0,1.071700
2018-03-30 00:00:00+00:00,443.95,385.33,-13.20,208,0.999613
2018-03-31 00:00:00+00:00,385.33,395.33,2.59,0,1.088005
2018-04-01 00:00:00+00:00,395.33,395.80,0.12,0,1.077456
2018-04-02 00:00:00+00:00,395.80,379.12,-4.21,0,1.056049
2018-04-03 00:00:00+00:00,379.12,384.83,1.50,0,1.083505
2018-04-04 00:00:00+00:00,384.83,415.72,8.03,0,1.106947
2018-04-05 00:00:00+00:00,415.72,380.28,-8.52,0,1.030946
2018-04-06 00:00:00+00:00,380.28,384.46,1.10,0,1.081763
2018-04-07 00:00:00+00:00,384.46,369.91,-3.78,0,1.058523
2018-04-08 00:00:00+00:00,369.91,383.45,3.66,0,1.092059
2018-04-09 00:00:00+00:00,383.45,396.98,3.53,0,1.091571
2018-04-10 00:00:00+00:00,396.98,398.77,0.45,0,1.078942
2018-04-11 00:00:00+00:00,398.77,412.69,3.49,0,1.091472
2018-04-12 00:00:00+00:00,412.69,427.38,3.56,0,1.091680
2018-04-13 00:00:00+00:00,427.38,488.61,14.32,0,1.122191
2018-04-14 00:00:00+00:00,488.61,488.99,0.08,0,1.077278
2018-04-15 00:00:00+00:00,488.99,495.11,1.25,0,1.082365
2018-04-16 00:00:00+00:00,495.11,525.53,6.14,0,1.100938
2018-04-17 00:00:00+00:00,525.53,507.11,-3.50,0,1.059764
2018-04-18 00:00:00+00:00,507.11,498.47,-1.70,0,1.069041
2018-04-19 00:00:00+00:00,498.47,517.37,3.79,0,1.092621
2018-04-20 00:00:00+00:00,517.37,566.39,9.47,0,1.110869
2018-04-21 00:00:00+00:00,566.39,590.27,4.22,0,1.094176
2018-04-22 00:00:00+00:00,590.27,600.26,1.69,0,1.084226
2018-04-23 00:00:00+00:00,600.26,617.20,2.82,0,1.088843
2018-04-24 00:00:00+00:00,617.20,636.37,3.11,0,1.089936
2018-04-25 00:00:00+00:00,636.37,705.03,10.79,0,1.114414
2018-04-26 00:00:00+00:00,705.03,613.73,-12.95,204,1.000056
2018-04-27 00:00:00+00:00,613.73,657.06,7.06,0,1.103954
2018-04-28 00:00:00+00:00,657.06,641.99,-2.29,0,1.066068
2018-04-29 00:00:00+00:00,641.99,672.60,4.77,0,1.096110
2018-04-30 00:00:00+00:00,672.60,680.12,1.12,0,1.081841
2018-05-01 00:00:00+00:00,680.12,662.73,-2.56,0,1.064732
2018-05-02 00:00:00+00:00,662.73,665.23,0.38,0,1.078604
2018-05-03 00:00:00+00:00,665.23,676.55,1.70,0,1.084307
2018-05-04 00:00:00+00:00,676.55,781.43,15.50,0,1.124735
2018-05-05 00:00:00+00:00,781.43,777.91,-0.45,0,1.074873
2018-05-06 00:00:00+00:00,777.91,807.07,3.75,0,1.092462
2018-05-07 00:00:00+00:00,807.07,785.89,-2.62,0,1.064456
2018-05-08 00:00:00+00:00,785.89,748.81,-4.72,0,1.053363
2018-05-09 00:00:00+00:00,748.81,744.32,-0.60,0,1.074192
2018-05-10 00:00:00+00:00,744.32,743.64,-0.09,0,1.076508
2018-05-11 00:00:00+00:00,743.64,717.41,-3.53,0,1.059755
2018-05-12 00:00:00+00:00,717.41,675.29,-5.87,0,1.046888
2018-05-13 00:00:00+00:00,675.29,683.17,1.17,0,1.082046
2018-05-14 00:00:00+00:00,683.17,726.87,6.40,0,1.101781
2018-05-15 00:00:00+00:00,726.87,727.80,0.13,0,1.077500
2018-05-16 00:00:00+00:00,727.80,703.16,-3.39,0,1.060509
2018-05-17 00:00:00+00:00,703.16,702.45,-0.10,0,1.076473
2018-05-18 00:00:00+00:00,702.45,665.63,-5.24,0,1.050287
2018-05-19 00:00:00+00:00,665.63,686.21,3.09,0,1.089934
2018-05-20 00:00:00+00:00,686.21,685.85,-0.05,0,1.076684
2018-05-21 00:00:00+00:00,685.85,703.81,2.62,0,1.088059
2018-05-22 00:00:00+00:00,703.81,688.91,-2.12,0,1.066961
2018-05-23 00:00:00+00:00,688.91,641.10,-6.94,0,1.040764
2018-05-24 00:00:00+00:00,641.10,581.24,-9.34,0,1.025449
2018-05-25 00:00:00+00:00,581.24,597.85,2.86,0,1.089001
2018-05-26 00:00:00+00:00,597.85,582.28,-2.60,0,1.064510
2018-05-27 00:00:00+00:00,582.28,580.48,-0.31,0,1.075536
2018-05-28 00:00:00+00:00,580.48,565.93,-2.51,0,1.064981
2018-05-29 00:00:00+00:00,565.93,511.62,-9.60,0,1.024524
2018-05-30 00:00:00+00:00,511.62,561.74,9.80,0,1.111833
2018-05-31 00:00:00+00:00,561.74,555.35,-1.14,0,1.071684
2018-06-01 00:00:00+00:00,555.35,571.73,2.95,0,1.089355
2018-06-02 00:00:00+00:00,571.73,573.83,0.37,0,1.078581
2018-06-03 00:00:00+00:00,573.83,583.13,1.62,0,1.084000
2018-06-04 00:00:00+00:00,583.13,609.29,4.49,0,1.095200
2018-06-05 00:00:00+00:00,609.29,586.58,-3.73,0,1.058618
2018-06-06 00:00:00+00:00,586.58,600.68,2.40,0,1.087185
2018-06-07 00:00:00+00:00,600.68,598.22,-0.41,0,1.075051
2018-06-08 00:00:00+00:00,598.22,595.13,-0.52,0,1.074575
2018-06-09 00:00:00+00:00,595.13,590.50,-0.78,0,1.073362
2018-06-10 00:00:00+00:00,590.50,581.12,-1.59,0,1.069516
2018-06-11 00:00:00+00:00,581.12,523.00,-10.00,19,1.020449
2018-06-12 00:00:00+00:00,523.00,529.13,1.17,0,1.082087
2018-06-13 00:00:00+00:00,529.13,495.08,-6.44,0,1.043510
2018-06-14 00:00:00+00:00,495.08,474.86,-4.08,0,1.056617
2018-06-15 00:00:00+00:00,474.86,516.64,8.80,0,1.109059
2018-06-16 00:00:00+00:00,516.64,485.43,-6.04,0,1.046096
2018-06-17 00:00:00+00:00,485.43,493.07,1.57,0,1.083732
2018-06-18 00:00:00+00:00,493.07,491.40,-0.34,0,1.075384
2018-06-19 00:00:00+00:00,491.40,512.43,4.28,0,1.094380
2018-06-20 00:00:00+00:00,512.43,532.00,3.82,0,1.092687
2018-06-21 00:00:00+00:00,532.00,529.76,-0.42,0,1.075018
2018-06-22 00:00:00+00:00,529.76,520.67,-1.72,0,1.068880
2018-06-23 00:00:00+00:00,520.67,463.94,-10.89,40,1.015531
2018-06-24 00:00:00+00:00,463.94,472.98,1.95,0,1.085352
2018-06-25 00:00:00+00:00,472.98,455.72,-3.65,0,1.059167
2018-06-26 00:00:00+00:00,455.72,458.93,0.70,0,1.080036
2018-06-27 00:00:00+00:00,458.93,430.60,-6.17,0,1.044901
2018-06-28 00:00:00+00:00,430.60,437.88,1.69,0,1.084261
2018-06-29 00:00:00+00:00,437.88,420.86,-3.89,0,1.057735
2018-06-30 00:00:00+00:00,420.86,432.51,2.77,0,1.088615
2018-07-01 00:00:00+00:00,432.51,449.43,3.91,0,1.093055
2018-07-02 00:00:00+00:00,449.43,447.68,-0.39,0,1.075156
2018-07-03 00:00:00+00:00,447.68,472.31,5.50,0,1.098783
2018-07-04 00:00:00+00:00,472.31,459.70,-2.67,0,1.064211
2018-07-05 00:00:00+00:00,459.70,463.22,0.77,0,1.080311
2018-07-06 00:00:00+00:00,463.22,466.88,0.79,0,1.080397
2018-07-07 00:00:00+00:00,466.88,467.59,0.15,0,1.077607
2018-07-08 00:00:00+00:00,467.59,481.52,2.98,0,1.089518
2018-07-09 00:00:00+00:00,481.52,483.80,0.47,0,1.079043
2018-07-10 00:00:00+00:00,483.80,469.70,-2.91,0,1.062813
2018-07-11 00:00:00+00:00,469.70,431.76,-8.08,0,1.034075
2018-07-12 00:00:00+00:00,431.76,443.03,2.61,0,1.088036
2018-07-13 00:00:00+00:00,443.03,427.79,-3.44,0,1.060202
2018-07-14 00:00:00+00:00,427.79,431.27,0.81,0,1.080530
2018-07-15 00:00:00+00:00,431.27,431.78,0.12,0,1.077457
2018-07-16 00:00:00+00:00,431.78,446.61,3.43,0,1.091250
2018-07-17 00:00:00+00:00,446.61,478.21,7.08,0,1.103981
2018-07-18 00:00:00+00:00,478.21,497.18,3.97,0,1.093246
2018-07-19 00:00:00+00:00,497.18,475.99,-4.26,0,1.055830
2018-07-20 00:00:00+00:00,475.99,464.79,-2.35,0,1.065788
2018-07-21 00:00:00+00:00,464.79,447.20,-3.78,0,1.058301
2018-07-22 00:00:00+00:00,447.20,458.08,2.43,0,1.087281
2018-07-23 00:00:00+00:00,458.08,455.53,-0.56,0,1.074380
2018-07-24 00:00:00+00:00,455.53,447.92,-1.67,0,1.069156
2018-07-25 00:00:00+00:00,447.92,477.21,6.54,0,1.102333
2018-07-26 00:00:00+00:00,477.21,468.74,-1.78,0,1.068635
2018-07-27 00:00:00+00:00,468.74,460.87,-1.68,0,1.069040
2018-07-28 00:00:00+00:00,460.87,467.96,1.54,0,1.083695
2018-07-29 00:00:00+00:00,467.96,465.90,-0.44,0,1.074926
2018-07-30 00:00:00+00:00,465.90,466.42,0.11,0,1.077426
2018-07-31 00:00:00+00:00,466.42,458.08,-1.79,0,1.068562
2018-08-01 00:00:00+00:00,458.08,432.35,-5.62,0,1.048287
2018-08-02 00:00:00+00:00,432.35,417.28,-3.49,0,1.059926
2018-08-03 00:00:00+00:00,417.28,410.93,-1.52,0,1.069792
2018-08-04 00:00:00+00:00,410.93,417.36,1.56,0,1.083773
2018-08-05 00:00:00+00:00,417.36,406.88,-2.51,0,1.065049
2018-08-06 00:00:00+00:00,406.88,409.16,0.56,0,1.079420
2018-08-07 00:00:00+00:00,409.16,404.82,-1.06,0,1.071993
2018-08-08 00:00:00+00:00,404.82,377.75,-6.69,0,1.042184
2018-08-09 00:00:00+00:00,377.75,353.65,-6.38,0,1.043676
2018-08-10 00:00:00+00:00,353.65,363.69,2.84,0,1.088925
2018-08-11 00:00:00+00:00,363.69,332.49,-8.58,0,1.030015
2018-08-12 00:00:00+00:00,332.49,317.31,-4.56,0,1.054067
2018-08-13 00:00:00+00:00,317.31,317.96,0.20,0,1.077829
2018-08-14 00:00:00+00:00,317.96,284.96,-10.38,29,1.018857
2018-08-15 00:00:00+00:00,284.96,277.75,-2.53,0,1.064815
2018-08-16 00:00:00+00:00,277.75,281.14,1.22,0,1.082293
2018-08-17 00:00:00+00:00,281.14,286.32,1.84,0,1.084906
2018-08-18 00:00:00+00:00,286.32,314.79,9.94,0,1.112337
2018-08-19 00:00:00+00:00,314.79,293.18,-6.87,0,1.041066
2018-08-20 00:00:00+00:00,293.18,299.44,2.13,0,1.086112
2018-08-21 00:00:00+00:00,299.44,271.06,-9.48,0,1.025087
2018-08-22 00:00:00+00:00,271.06,280.37,3.44,0,1.091252
2018-08-23 00:00:00+00:00,280.37,269.25,-3.97,0,1.057385
2018-08-24 00:00:00+00:00,269.25,275.81,2.44,0,1.087334
2018-08-25 00:00:00+00:00,275.81,281.73,2.15,0,1.086173
2018-08-26 00:00:00+00:00,281.73,277.97,-1.34,0,1.070717
2018-08-27 00:00:00+00:00,277.97,273.50,-1.61,0,1.069382
2018-08-28 00:00:00+00:00,273.50,286.96,4.92,0,1.096763
2018-08-29 00:00:00+00:00,286.96,296.30,3.25,0,1.090545
2018-08-30 00:00:00+00:00,296.30,288.51,-2.63,0,1.064358
2018-08-31 00:00:00+00:00,288.51,285.10,-1.18,0,1.071460
2018-09-01 00:00:00+00:00,285.10,282.22,-1.01,0,1.072262
2018-09-02 00:00:00+00:00,282.22,295.65,4.76,0,1.096179
2018-09-03 00:00:00+00:00,295.65,294.59,-0.36,0,1.075299
2018-09-04 00:00:00+00:00,294.59,288.85,-1.95,0,1.067827
2018-09-05 00:00:00+00:00,288.85,285.49,-1.17,0,1.071574
2018-09-06 00:00:00+00:00,285.49,232.60,-18.53,500,0.957571
2018-09-07 00:00:00+00:00,232.60,229.37,-1.38,0,1.070482
2018-09-08 00:00:00+00:00,229.37,215.43,-6.08,0,1.045835
2018-09-09 00:00:00+00:00,215.43,196.87,-8.62,0,1.030047
2018-09-10 00:00:00+00:00,196.87,195.88,-0.50,0,1.074636
2018-09-11 00:00:00+00:00,195.88,196.36,0.25,0,1.078034
2018-09-12 00:00:00+00:00,196.36,184.08,-6.25,0,1.044520
2018-09-13 00:00:00+00:00,184.08,182.95,-0.62,0,1.074100
2018-09-14 00:00:00+00:00,182.95,211.83,15.79,0,1.124997
2018-09-15 00:00:00+00:00,211.83,211.38,-0.21,0,1.075975
2018-09-16 00:00:00+00:00,211.38,223.05,5.52,0,1.098818
2018-09-17 00:00:00+00:00,223.05,220.14,-1.31,0,1.070822
2018-09-18 00:00:00+00:00,220.14,196.58,-10.70,34,1.017562
2018-09-19 00:00:00+00:00,196.58,210.15,6.91,0,1.103358
2018-09-20 00:00:00+00:00,210.15,209.14,-0.48,0,1.074752
2018-09-21 00:00:00+00:00,209.14,224.38,7.29,0,1.104581
2018-09-22 00:00:00+00:00,224.38,247.41,10.26,0,1.113216
2018-09-23 00:00:00+00:00,247.41,241.84,-2.25,0,1.066350
2018-09-24 00:00:00+00:00,241.84,244.78,1.22,0,1.082288
2018-09-25 00:00:00+00:00,244.78,228.34,-6.72,0,1.042036
2018-09-26 00:00:00+00:00,228.34,219.50,-3.87,0,1.058086
2018-09-27 00:00:00+00:00,219.50,214.98,-2.06,0,1.067111
2018-09-28 00:00:00+00:00,214.98,229.22,6.63,0,1.102534
2018-09-29 00:00:00+00:00,229.22,222.23,-3.05,0,1.062215
2018-09-30 00:00:00+00:00,222.23,231.74,4.28,0,1.094418
2018-10-01 00:00:00+00:00,231.74,232.78,0.45,0,1.078944
2018-10-02 00:00:00+00:00,232.78,231.14,-0.70,0,1.073722
2018-10-03 00:00:00+00:00,231.14,225.79,-2.31,0,1.066008
2018-10-04 00:00:00+00:00,225.79,220.47,-2.36,0,1.065759
2018-10-05 00:00:00+00:00,220.47,222.20,0.78,0,1.080392
2018-10-06 00:00:00+00:00,222.20,228.04,2.63,0,1.088107
2018-10-07 00:00:00+00:00,228.04,225.07,-1.30,0,1.070846
2018-10-08 00:00:00+00:00,225.07,225.66,0.26,0,1.078095
2018-10-09 00:00:00+00:00,225.66,229.52,1.71,0,1.084370
2018-10-10 00:00:00+00:00,229.52,227.97,-0.68,0,1.073826
2018-10-11 00:00:00+00:00,227.97,225.66,-1.01,0,1.072294
2018-10-12 00:00:00+00:00,225.66,192.00,-14.92,372,0.985166
2018-10-13 00:00:00+00:00,192.00,197.07,2.64,0,1.088168
2018-10-14 00:00:00+00:00,197.07,201.05,2.02,0,1.085662
2018-10-15 00:00:00+00:00,201.05,196.32,-2.35,0,1.065779
2018-10-16 00:00:00+00:00,196.32,212.20,8.09,0,1.107193
2018-10-17 00:00:00+00:00,212.20,212.44,0.11,0,1.077435
2018-10-18 00:00:00+00:00,212.44,211.08,-0.64,0,1.073981
2018-10-19 00:00:00+00:00,211.08,204.31,-3.21,0,1.061441
2018-10-20 00:00:00+00:00,204.31,203.98,-0.16,0,1.076176
2018-10-21 00:00:00+00:00,203.98,206.88,1.42,0,1.083123
2018-10-22 00:00:00+00:00,206.88,206.31,-0.28,0,1.075666
2018-10-23 00:00:00+00:00,206.31,205.04,-0.62,0,1.074105
2018-10-24 00:00:00+00:00,205.04,204.08,-0.47,0,1.074811
2018-10-25 00:00:00+00:00,204.08,203.52,-0.28,0,1.075670
2018-10-26 00:00:00+00:00,203.52,202.35,-0.57,0,1.074300
2018-10-27 00:00:00+00:00,202.35,203.38,0.51,0,1.079194
2018-10-28 00:00:00+00:00,203.38,203.19,-0.10,0,1.076484
2018-10-29 00:00:00+00:00,203.19,204.72,0.76,0,1.080277
2018-10-30 00:00:00+00:00,204.72,195.75,-4.38,0,1.054983
2018-10-31 00:00:00+00:00,195.75,197.45,0.87,0,1.080750
2018-11-01 00:00:00+00:00,197.45,198.64,0.60,0,1.079610
2018-11-02 00:00:00+00:00,198.64,199.12,0.24,0,1.078014
2018-11-03 00:00:00+00:00,199.12,202.28,1.59,0,1.083834
2018-11-04 00:00:00+00:00,202.28,200.14,-1.06,0,1.072030
2018-11-05 00:00:00+00:00,200.14,206.81,3.34,0,1.090868
2018-11-06 00:00:00+00:00,206.81,209.11,1.11,0,1.081808
2018-11-07 00:00:00+00:00,209.11,219.16,4.81,0,1.096318
2018-11-08 00:00:00+00:00,219.16,219.02,-0.07,0,1.076621
2018-11-09 00:00:00+00:00,219.02,213.41,-2.56,0,1.064761
2018-11-10 00:00:00+00:00,213.41,210.79,-1.23,0,1.071258
2018-11-11 00:00:00+00:00,210.79,212.97,1.03,0,1.081461
2018-11-12 00:00:00+00:00,212.97,212.47,-0.23,0,1.075876
2018-11-13 00:00:00+00:00,212.47,211.66,-0.38,0,1.075185
2018-11-14 00:00:00+00:00,211.66,208.58,-1.45,0,1.070203
2018-11-15 00:00:00+00:00,208.58,184.02,-11.77,122,1.008734
2018-11-16 00:00:00+00:00,184.02,182.45,-0.85,0,1.072997
2018-11-17 00:00:00+00:00,182.45,176.02,-3.52,0,1.059843
2018-11-18 00:00:00+00:00,176.02,175.67,-0.20,0,1.076008
2018-11-19 00:00:00+00:00,175.67,177.73,1.17,0,1.082068
2018-11-20 00:00:00+00:00,177.73,150.39,-15.38,425,0.981163
2018-11-21 00:00:00+00:00,150.39,131.48,-12.57,164,1.003829
2018-11-22 00:00:00+00:00,131.48,137.17,4.33,0,1.094634
2018-11-23 00:00:00+00:00,137.17,126.07,-8.10,0,1.033764
2018-11-24 00:00:00+00:00,126.07,124.15,-1.52,0,1.069889
2018-11-25 00:00:00+00:00,124.15,114.29,-7.94,0,1.034640
2018-11-26 00:00:00+00:00,114.29,117.53,2.83,0,1.088926
2018-11-27 00:00:00+00:00,117.53,109.43,-6.89,0,1.040631
2018-11-28 00:00:00+00:00,109.43,110.43,0.92,0,1.080973
2018-11-29 00:00:00+00:00,110.43,122.45,10.88,0,1.114832
2018-11-30 00:00:00+00:00,122.45,117.71,-3.87,0,1.057854
2018-12-01 00:00:00+00:00,117.71,113.40,-3.66,0,1.059145
2018-12-02 00:00:00+00:00,113.40,118.10,4.14,0,1.093866
2018-12-03 00:00:00+00:00,118.10,115.94,-1.83,0,1.068319
2018-12-04 00:00:00+00:00,115.94,108.68,-6.27,0,1.044640
2018-12-05 00:00:00+00:00,108.68,109.85,1.08,0,1.081669
2018-12-06 00:00:00+00:00,109.85,102.51,-6.68,0,1.042344
2018-12-07 00:00:00+00:00,102.51,91.10,-11.13,60,1.013771
2018-12-08 00:00:00+00:00,91.10,92.97,2.05,0,1.085769
2018-12-09 00:00:00+00:00,92.97,90.68,-2.46,0,1.065230
2018-12-10 00:00:00+00:00,90.68,93.53,3.15,0,1.090119
2018-12-11 00:00:00+00:00,93.53,89.85,-3.93,0,1.057591
2018-12-12 00:00:00+00:00,89.85,87.85,-2.23,0,1.066328
2018-12-13 00:00:00+00:00,87.85,89.38,1.74,0,1.084433
2018-12-14 00:00:00+00:00,89.38,85.96,-3.83,0,1.058096
2018-12-15 00:00:00+00:00,85.96,83.79,-2.53,0,1.064827
2018-12-16 00:00:00+00:00,83.79,83.83,0.05,0,1.077160
2018-12-17 00:00:00+00:00,83.83,84.47,0.76,0,1.080279
2018-12-18 00:00:00+00:00,84.47,94.07,11.37,0,1.116008
2018-12-19 00:00:00+00:00,94.07,100.05,6.35,0,1.101667
2018-12-20 00:00:00+00:00,100.05,99.49,-0.56,0,1.074352
2018-12-21 00:00:00+00:00,99.49,114.43,15.01,0,1.123899
2018-12-22 00:00:00+00:00,114.43,107.85,-5.75,0,1.047737
2018-12-23 00:00:00+00:00,107.85,115.05,6.67,0,1.102713
2018-12-24 00:00:00+00:00,115.05,129.21,12.31,0,1.117961
2018-12-25 00:00:00+00:00,129.21,138.96,7.55,0,1.105391
2018-12-26 00:00:00+00:00,138.96,127.64,-8.15,0,1.033572
2018-12-27 00:00:00+00:00,127.64,129.51,1.47,0,1.083331
2018-12-28 00:00:00+00:00,129.51,114.10,-11.90,116,1.008074
2018-12-29 00:00:00+00:00,114.10,134.02,17.46,0,1.127898
2018-12-30 00:00:00+00:00,134.02,138.75,3.53,0,1.091645
2018-12-31 00:00:00+00:00,138.75,137.63,-0.81,0,1.073200
2019-01-01 00:00:00+00:00,137.63,131.46,-4.49,0,1.054877
2019-01-02 00:00:00+00:00,131.46,138.14,5.09,0,1.097311
2019-01-03 00:00:00+00:00,138.14,152.86,10.65,0,1.113927
2019-01-04 00:00:00+00:00,152.86,146.73,-4.01,0,1.057139
2019-01-05 00:00:00+00:00,146.73,153.06,4.31,0,1.094505
2019-01-06 00:00:00+00:00,153.06,153.65,0.39,0,1.078655
2019-01-07 00:00:00+00:00,153.65,154.70,0.68,0,1.079954
2019-01-08 00:00:00+00:00,154.70,149.90,-3.10,0,1.062016
2019-01-09 00:00:00+00:00,149.90,148.15,-1.17,0,1.071532
2019-01-10 00:00:00+00:00,148.15,148.74,0.40,0,1.078712
2019-01-11 00:00:00+00:00,148.74,126.62,-14.87,380,0.985934
2019-01-12 00:00:00+00:00,126.62,124.63,-1.58,0,1.069596
2019-01-13 00:00:00+00:00,124.63,123.76,-0.70,0,1.073718
2019-01-14 00:00:00+00:00,123.76,114.77,-7.27,0,1.038210
2019-01-15 00:00:00+00:00,114.77,127.41,11.01,0,1.115005
2019-01-16 00:00:00+00:00,127.41,119.81,-5.96,0,1.046446
2019-01-17 00:00:00+00:00,119.81,122.25,2.03,0,1.085650
2019-01-18 00:00:00+00:00,122.25,121.93,-0.26,0,1.075742
2019-01-19 00:00:00+00:00,121.93,119.17,-2.26,0,1.066209
2019-01-20 00:00:00+00:00,119.17,122.93,3.15,0,1.090117
2019-01-21 00:00:00+00:00,122.93,117.61,-4.33,0,1.055528
2019-01-22 00:00:00+00:00,117.61,115.83,-1.51,0,1.069864
2019-01-23 00:00:00+00:00,115.83,117.82,1.72,0,1.084353
2019-01-24 00:00:00+00:00,117.82,116.42,-1.19,0,1.071418
2019-01-25 00:00:00+00:00,116.42,116.25,-0.15,0,1.076257
2019-01-26 00:00:00+00:00,116.25,115.15,-0.94,0,1.072568
2019-01-27 00:00:00+00:00,115.15,115.34,0.16,0,1.077659
2019-01-28 00:00:00+00:00,115.34,112.51,-2.45,0,1.065381
2019-01-29 00:00:00+00:00,112.51,105.35,-6.36,0,1.043759
2019-01-30 00:00:00+00:00,105.35,104.60,-0.72,0,1.073641
2019-01-31 00:00:00+00:00,104.60,108.27,3.51,0,1.091584
2019-02-01 00:00:00+00:00,108.27,106.34,-1.79,0,1.068522
2019-02-02 00:00:00+00:00,106.34,107.01,0.63,0,1.079721
2019-02-03 00:00:00+00:00,107.01,108.78,1.65,0,1.084100
2019-02-04 00:00:00+00:00,108.78,107.20,-1.45,0,1.070174
2019-02-05 00:00:00+00:00,107.20,107.62,0.39,0,1.078669
2019-02-06 00:00:00+00:00,107.62,107.32,-0.28,0,1.075648
2019-02-07 00:00:00+00:00,107.32,104.62,-2.51,0,1.064942
2019-02-08 00:00:00+00:00,104.62,104.27,-0.34,0,1.075369
2019-02-09 00:00:00+00:00,104.27,119.33,14.45,0,1.122648
2019-02-10 00:00:00+00:00,119.33,119.49,0.13,0,1.077514
2019-02-11 00:00:00+00:00,119.49,124.89,4.52,0,1.095308
2019-02-12 00:00:00+00:00,124.89,120.97,-3.14,0,1.061764
2019-02-13 00:00:00+00:00,120.97,122.54,1.30,0,1.082609
2019-02-14 00:00:00+00:00,122.54,122.09,-0.37,0,1.075254
2019-02-15 00:00:00+00:00,122.09,120.59,-1.23,0,1.071255
2019-02-16 00:00:00+00:00,120.59,121.57,0.81,0,1.080522
2019-02-17 00:00:00+00:00,121.57,122.94,1.12,0,1.081860
2019-02-18 00:00:00+00:00,122.94,133.88,8.90,0,1.109443
2019-02-19 00:00:00+00:00,133.88,145.33,8.55,0,1.108548
2019-02-20 00:00:00+00:00,145.33,143.66,-1.15,0,1.071629
2019-02-21 00:00:00+00:00,143.66,148.87,3.63,0,1.091929
2019-02-22 00:00:00+00:00,148.87,145.30,-2.40,0,1.065496
2019-02-23 00:00:00+00:00,145.30,148.04,1.89,0,1.085099
2019-02-24 00:00:00+00:00,148.04,157.68,6.51,0,1.102095
2019-02-25 00:00:00+00:00,157.68,134.32,-14.81,377,0.986374
2019-02-26 00:00:00+00:00,134.32,137.82,2.61,0,1.088025
2019-02-27 00:00:00+00:00,137.82,136.00,-1.32,0,1.070780
2019-02-28 00:00:00+00:00,136.00,134.85,-0.84,0,1.073057
2019-03-01 00:00:00+00:00,134.85,135.49,0.48,0,1.079039
2019-03-02 00:00:00+00:00,135.49,134.95,-0.40,0,1.075129
2019-03-03 00:00:00+00:00,134.95,132.41,-1.89,0,1.067994
2019-03-04 00:00:00+00:00,132.41,130.54,-1.41,0,1.070326
2019-03-05 00:00:00+00:00,130.54,125.62,-3.77,0,1.058475
2019-03-06 00:00:00+00:00,125.62,136.55,8.70,0,1.108983
2019-03-07 00:00:00+00:00,136.55,137.33,0.57,0,1.079459
2019-03-08 00:00:00+00:00,137.33,136.79,-0.39,0,1.075133
2019-03-09 00:00:00+00:00,136.79,133.54,-2.37,0,1.065645
2019-03-10 00:00:00+00:00,133.54,137.20,2.74,0,1.088532
2019-03-11 00:00:00+00:00,137.20,135.62,-1.15,0,1.071631
2019-03-12 00:00:00+00:00,135.62,132.39,-2.38,0,1.065660
2019-03-13 00:00:00+00:00,132.39,133.29,0.68,0,1.079959
2019-03-14 00:00:00+00:00,133.29,131.67,-1.21,0,1.071291
2019-03-15 00:00:00+00:00,131.67,132.15,0.36,0,1.078545
2019-03-16 00:00:00+00:00,132.15,136.45,3.26,0,1.090535
2019-03-17 00:00:00+00:00,136.45,141.09,3.40,0,1.091104
2019-03-18 00:00:00+00:00,141.09,138.55,-1.80,0,1.068468
2019-03-19 00:00:00+00:00,138.55,137.66,-0.64,0,1.073973
2019-03-20 00:00:00+00:00,137.66,138.52,0.63,0,1.079716
2019-03-21 00:00:00+00:00,138.52,139.08,0.40,0,1.078707
2019-03-22 00:00:00+00:00,139.08,135.06,-2.89,0,1.063050
2019-03-23 00:00:00+00:00,135.06,136.10,0.77,0,1.080346
2019-03-24 00:00:00+00:00,136.10,137.20,0.81,0,1.080486
2019-03-25 00:00:00+00:00,137.20,136.06,-0.83,0,1.073122
2019-03-26 00:00:00+00:00,136.06,133.82,-1.65,0,1.069253
2019-03-27 00:00:00+00:00,133.82,134.03,0.16,0,1.077638
2019-03-28 00:00:00+00:00,134.03,139.64,4.18,0,1.094031
2019-03-29 00:00:00+00:00,139.64,137.81,-1.31,0,1.070882
2019-03-30 00:00:00+00:00,137.81,143.15,3.87,0,1.092875
2019-03-31 00:00:00+00:00,143.15,142.29,-0.60,0,1.074223
2019-04-01 00:00:00+00:00,142.29,141.59,-0.49,0,1.074680
2019-04-02 00:00:00+00:00,141.59,141.51,-0.05,0,1.076682
2019-04-03 00:00:00+00:00,141.51,164.05,15.92,0,1.125716
2019-04-04 00:00:00+00:00,164.05,160.43,-2.21,0,1.066438
2019-04-05 00:00:00+00:00,160.43,157.41,-1.88,0,1.068066
2019-04-06 00:00:00+00:00,157.41,165.14,4.91,0,1.096692
2019-04-07 00:00:00+00:00,165.14,165.33,0.11,0,1.077434
2019-04-08 00:00:00+00:00,165.33,174.09,5.30,0,1.098089
2019-04-09 00:00:00+00:00,174.09,180.01,3.40,0,1.091126
2019-04-10 00:00:00+00:00,180.01,175.29,-2.62,0,1.064365
2019-04-11 00:00:00+00:00,175.29,177.33,1.16,0,1.082033
2019-04-12 00:00:00+00:00,177.33,165.04,-6.93,0,1.040368
2019-04-13 00:00:00+00:00,165.04,164.57,-0.28,0,1.075643
2019-04-14 00:00:00+00:00,164.57,163.97,-0.36,0,1.075275
2019-04-15 00:00:00+00:00,163.97,167.62,2.22,0,1.086473
2019-04-16 00:00:00+00:00,167.62,160.53,-4.23,0,1.056032
2019-04-17 00:00:00+00:00,160.53,166.48,3.71,0,1.092236
2019-04-18 00:00:00+00:00,166.48,166.33,-0.09,0,1.076496
2019-04-19 00:00:00+00:00,166.33,173.41,4.26,0,1.094331
2019-04-20 00:00:00+00:00,173.41,173.23,-0.11,0,1.076440
2019-04-21 00:00:00+00:00,173.23,173.17,-0.04,0,1.076762
2019-04-22 00:00:00+00:00,173.17,169.99,-1.84,0,1.068329
2019-04-23 00:00:00+00:00,169.99,171.04,0.62,0,1.079690
2019-04-24 00:00:00+00:00,171.04,170.91,-0.08,0,1.076580
2019-04-25 00:00:00+00:00,170.91,165.67,-3.07,0,1.062108
2019-04-26 00:00:00+00:00,165.67,153.93,-7.09,0,1.040073
2019-04-27 00:00:00+00:00,153.93,157.38,2.24,0,1.086533
2019-04-28 00:00:00+00:00,157.38,158.29,0.58,0,1.079506
2019-04-29 00:00:00+00:00,158.29,156.60,-1.07,0,1.072007
2019-04-30 00:00:00+00:00,156.60,154.08,-1.61,0,1.069421
2019-05-01 00:00:00+00:00,154.08,160.74,4.33,0,1.094573
2019-05-02 00:00:00+00:00,160.74,159.49,-0.78,0,1.073335
2019-05-03 00:00:00+00:00,159.49,160.96,0.92,0,1.080979
2019-05-04 00:00:00+00:00,160.96,166.63,3.53,0,1.091622
2019-05-05 00:00:00+00:00,166.63,162.84,-2.28,0,1.066127
2019-05-06 00:00:00+00:00,162.84,162.37,-0.29,0,1.075624
2019-05-07 00:00:00+00:00,162.37,172.83,6.44,0,1.101900
2019-05-08 00:00:00+00:00,172.83,170.10,-1.58,0,1.069545
2019-05-09 00:00:00+00:00,170.10,170.11,0.01,0,1.076962
2019-05-10 00:00:00+00:00,170.11,170.58,0.27,0,1.078148
2019-05-11 00:00:00+00:00,170.58,172.68,1.23,0,1.082350
2019-05-12 00:00:00+00:00,172.68,196.69,13.90,0,1.121319
2019-05-13 00:00:00+00:00,196.69,187.27,-4.79,0,1.052932
2019-05-14 00:00:00+00:00,187.27,196.08,4.70,0,1.095969
2019-05-15 00:00:00+00:00,196.08,218.28,11.33,0,1.115833
2019-05-16 00:00:00+00:00,218.28,248.75,13.95,0,1.121995
2019-05-17 00:00:00+00:00,248.75,264.90,6.49,0,1.102032
2019-05-18 00:00:00+00:00,264.90,243.57,-8.05,0,1.033501
2019-05-19 00:00:00+00:00,243.57,235.33,-3.38,0,1.060390
2019-05-20 00:00:00+00:00,235.33,260.60,10.74,0,1.114160
2019-05-21 00:00:00+00:00,260.60,251.96,-3.31,0,1.060761
2019-05-22 00:00:00+00:00,251.96,256.08,1.64,0,1.084034
2019-05-23 00:00:00+00:00,256.08,244.55,-4.50,0,1.054534
2019-05-24 00:00:00+00:00,244.55,244.65,0.04,0,1.077102
2019-05-25 00:00:00+00:00,244.65,248.55,1.59,0,1.083869
2019-05-26 00:00:00+00:00,248.55,250.82,0.92,0,1.080954
2019-05-27 00:00:00+00:00,250.82,266.12,6.10,0,1.100894
2019-05-28 00:00:00+00:00,266.12,273.41,2.74,0,1.088510
2019-05-29 00:00:00+00:00,273.41,271.23,-0.80,0,1.073272
2019-05-30 00:00:00+00:00,271.23,268.79,-0.90,0,1.072768
2019-05-31 00:00:00+00:00,268.79,255.38,-4.99,0,1.051735
2019-06-01 00:00:00+00:00,255.38,268.13,4.99,0,1.096991
2019-06-02 00:00:00+00:00,268.13,264.73,-1.27,0,1.071033
2019-06-03 00:00:00+00:00,264.73,269.94,1.97,0,1.085448
2019-06-04 00:00:00+00:00,269.94,251.75,-6.74,0,1.041604
2019-06-05 00:00:00+00:00,251.75,240.24,-4.57,0,1.054156
2019-06-06 00:00:00+00:00,240.24,246.83,2.74,0,1.088588
2019-06-07 00:00:00+00:00,246.83,249.97,1.27,0,1.082529
2019-06-08 00:00:00+00:00,249.97,250.64,0.27,0,1.078130
2019-06-09 00:00:00+00:00,250.64,244.63,-2.40,0,1.065573
2019-06-10 00:00:00+00:00,244.63,232.04,-5.15,0,1.050933
2019-06-11 00:00:00+00:00,232.04,247.25,6.56,0,1.102261
2019-06-12 00:00:00+00:00,247.25,245.09,-0.87,0,1.072886
2019-06-13 00:00:00+00:00,245.09,260.57,6.31,0,1.101509
2019-06-14 00:00:00+00:00,260.57,255.12,-2.09,0,1.067012
2019-06-15 00:00:00+00:00,255.12,263.93,3.45,0,1.091287
2019-06-16 00:00:00+00:00,263.93,268.11,1.59,0,1.083842
2019-06-17 00:00:00+00:00,268.11,269.07,0.36,0,1.078522
2019-06-18 00:00:00+00:00,269.07,273.12,1.51,0,1.083490
2019-06-19 00:00:00+00:00,273.12,264.79,-3.05,0,1.062283
2019-06-20 00:00:00+00:00,264.79,269.15,1.65,0,1.084061
2019-06-21 00:00:00+00:00,269.15,272.33,1.18,0,1.082133
2019-06-22 00:00:00+00:00,272.33,294.48,8.13,0,1.107261
2019-06-23 00:00:00+00:00,294.48,310.65,5.49,0,1.098755
2019-06-24 00:00:00+00:00,310.65,307.95,-0.87,0,1.072913
2019-06-25 00:00:00+00:00,307.95,311.07,1.01,0,1.081379
2019-06-26 00:00:00+00:00,311.07,318.64,2.43,0,1.087265
2019-06-27 00:00:00+00:00,318.64,337.34,5.87,0,1.100043
2019-06-28 00:00:00+00:00,337.34,295.84,-12.30,143,1.005386
2019-06-29 00:00:00+00:00,295.84,309.95,4.77,0,1.096261
2019-06-30 00:00:00+00:00,309.95,321.43,3.70,0,1.092297
2019-07-01 00:00:00+00:00,321.43,292.84,-8.90,0,1.029205
2019-07-02 00:00:00+00:00,292.84,295.26,0.83,0,1.080572
2019-07-03 00:00:00+00:00,295.26,290.96,-1.46,0,1.070138
2019-07-04 00:00:00+00:00,290.96,304.17,4.54,0,1.095377
2019-07-05 00:00:00+00:00,304.17,285.22,-6.23,0,1.044961
2019-07-06 00:00:00+00:00,285.22,287.99,0.97,0,1.081213
2019-07-07 00:00:00+00:00,287.99,289.58,0.55,0,1.079383
2019-07-08 00:00:00+00:00,289.58,305.34,5.44,0,1.098560
2019-07-09 00:00:00+00:00,305.34,312.47,2.34,0,1.086897
2019-07-10 00:00:00+00:00,312.47,307.78,-1.50,0,1.069942
2019-07-11 00:00:00+00:00,307.78,290.01,-5.77,0,1.047521
2019-07-12 00:00:00+00:00,290.01,268.64,-7.37,0,1.037828
2019-07-13 00:00:00+00:00,268.64,275.81,2.67,0,1.088269
2019-07-14 00:00:00+00:00,275.81,270.31,-1.99,0,1.067515
2019-07-15 00:00:00+00:00,270.31,227.12,-15.98,469,0.978694
2019-07-16 00:00:00+00:00,227.12,230.18,1.35,0,1.082792
2019-07-17 00:00:00+00:00,230.18,199.94,-13.14,204,0.999716
2019-07-18 00:00:00+00:00,199.94,210.84,5.45,0,1.098565
2019-07-19 00:00:00+00:00,210.84,226.30,7.33,0,1.104775
2019-07-20 00:00:00+00:00,226.30,221.11,-2.29,0,1.066022
2019-07-21 00:00:00+00:00,221.11,228.96,3.55,0,1.091736
2019-07-22 00:00:00+00:00,228.96,226.15,-1.23,0,1.071252
2019-07-23 00:00:00+00:00,226.15,217.65,-3.76,0,1.058464
2019-07-24 00:00:00+00:00,217.65,213.50,-1.91,0,1.067986
2019-07-25 00:00:00+00:00,213.50,217.20,1.73,0,1.084406
2019-07-26 00:00:00+00:00,217.20,219.49,1.05,0,1.081580
2019-07-27 00:00:00+00:00,219.49,219.58,0.04,0,1.077118
2019-07-28 00:00:00+00:00,219.58,206.53,-5.94,0,1.046385
2019-07-29 00:00:00+00:00,206.53,211.23,2.28,0,1.086672
2019-07-30 00:00:00+00:00,211.23,210.82,-0.19,0,1.076053
2019-07-31 00:00:00+00:00,210.82,209.65,-0.56,0,1.074386
2019-08-01 00:00:00+00:00,209.65,218.61,4.28,0,1.094401
2019-08-02 00:00:00+00:00,218.61,216.63,-0.91,0,1.072753
2019-08-03 00:00:00+00:00,216.63,217.80,0.54,0,1.079311
2019-08-04 00:00:00+00:00,217.80,221.42,1.66,0,1.084138
2019-08-05 00:00:00+00:00,221.42,221.99,0.26,0,1.078084
2019-08-06 00:00:00+00:00,221.99,232.82,4.88,0,1.096620
2019-08-07 00:00:00+00:00,232.82,227.02,-2.49,0,1.065017
2019-08-08 00:00:00+00:00,227.02,226.40,-0.27,0,1.075687
2019-08-09 00:00:00+00:00,226.40,222.00,-1.95,0,1.067772
2019-08-10 00:00:00+00:00,222.00,210.15,-5.33,0,1.050310
2019-08-11 00:00:00+00:00,210.15,206.50,-1.74,0,1.068805
2019-08-12 00:00:00+00:00,206.50,216.49,4.83,0,1.096471
2019-08-13 00:00:00+00:00,216.49,211.11,-2.48,0,1.065062
2019-08-14 00:00:00+00:00,211.11,209.27,-0.88,0,1.072895
2019-08-15 00:00:00+00:00,209.27,185.66,-11.28,85,1.012186
2019-08-16 00:00:00+00:00,185.66,188.15,1.35,0,1.082805
2019-08-17 00:00:00+00:00,188.15,185.15,-1.59,0,1.069475
2019-08-18 00:00:00+00:00,185.15,185.76,0.33,0,1.078390
2019-08-19 00:00:00+00:00,185.76,194.36,4.63,0,1.095714
2019-08-20 00:00:00+00:00,194.36,202.96,4.43,0,1.094904
2019-08-21 00:00:00+00:00,202.96,196.27,-3.29,0,1.060867
2019-08-22 00:00:00+00:00,196.27,187.02,-4.72,0,1.053276
2019-08-23 00:00:00+00:00,187.02,191.52,2.41,0,1.087247
2019-08-24 00:00:00+00:00,191.52,194.21,1.40,0,1.083067
2019-08-25 00:00:00+00:00,194.21,190.56,-1.88,0,1.068047
2019-08-26 00:00:00+00:00,190.56,186.32,-2.22,0,1.066451
2019-08-27 00:00:00+00:00,186.32,188.38,1.10,0,1.081769
2019-08-28 00:00:00+00:00,188.38,186.97,-0.75,0,1.073495
2019-08-29 00:00:00+00:00,186.97,173.03,-7.46,0,1.037877
2019-08-30 00:00:00+00:00,173.03,168.80,-2.44,0,1.065340
2019-08-31 00:00:00+00:00,168.80,168.67,-0.08,0,1.076578
2019-09-01 00:00:00+00:00,168.67,172.07,2.02,0,1.085600
2019-09-02 00:00:00+00:00,172.07,170.73,-0.78,0,1.073360
2019-09-03 00:00:00+00:00,170.73,177.72,4.09,0,1.093747
2019-09-04 00:00:00+00:00,177.72,178.83,0.62,0,1.079703
2019-09-05 00:00:00+00:00,178.83,174.78,-2.26,0,1.066178
2019-09-06 00:00:00+00:00,174.78,174.19,-0.33,0,1.075413
2019-09-07 00:00:00+00:00,174.19,169.42,-2.74,0,1.063720
2019-09-08 00:00:00+00:00,169.42,177.85,4.98,0,1.096874
2019-09-09 00:00:00+00:00,177.85,181.48,2.04,0,1.085733
2019-09-10 00:00:00+00:00,181.48,181.01,-0.26,0,1.075752
2019-09-11 00:00:00+00:00,181.01,180.15,-0.48,0,1.074754
2019-09-12 00:00:00+00:00,180.15,178.08,-1.15,0,1.071596
2019-09-13 00:00:00+00:00,178.08,181.01,1.64,0,1.084102
2019-09-14 00:00:00+00:00,181.01,181.21,0.11,0,1.077427
2019-09-15 00:00:00+00:00,181.21,188.31,3.91,0,1.093075
2019-09-16 00:00:00+00:00,188.31,189.26,0.50,0,1.079165
2019-09-17 00:00:00+00:00,189.26,197.61,4.41,0,1.094974
2019-09-18 00:00:00+00:00,197.61,209.21,5.87,0,1.100084
2019-09-19 00:00:00+00:00,209.21,210.25,0.50,0,1.079131
2019-09-20 00:00:00+00:00,210.25,221.74,5.47,0,1.098702
2019-09-21 00:00:00+00:00,221.74,217.95,-1.71,0,1.068890
2019-09-22 00:00:00+00:00,217.95,215.35,-1.20,0,1.071385
2019-09-23 00:00:00+00:00,215.35,211.62,-1.73,0,1.068825
2019-09-24 00:00:00+00:00,211.62,201.00,-5.02,0,1.051772
2019-09-25 00:00:00+00:00,201.00,168.67,-16.08,490,0.975485
2019-09-26 00:00:00+00:00,168.67,170.29,0.96,0,1.081164
2019-09-27 00:00:00+00:00,170.29,166.22,-2.39,0,1.065551
2019-09-28 00:00:00+00:00,166.22,173.90,4.63,0,1.095636
2019-09-29 00:00:00+00:00,173.90,174.08,0.10,0,1.077374
2019-09-30 00:00:00+00:00,174.08,169.69,-2.52,0,1.064777
2019-10-01 00:00:00+00:00,169.69,179.76,5.93,0,1.100234
2019-10-02 00:00:00+00:00,179.76,180.63,0.49,0,1.079104
2019-10-03 00:00:00+00:00,180.63,180.58,-0.03,0,1.076789
2019-10-04 00:00:00+00:00,180.58,176.86,-2.06,0,1.067169
2019-10-05 00:00:00+00:00,176.86,175.86,-0.56,0,1.074351
2019-10-06 00:00:00+00:00,175.86,176.28,0.24,0,1.077976
2019-10-07 00:00:00+00:00,176.28,170.45,-3.31,0,1.060810
2019-10-08 00:00:00+00:00,170.45,180.14,5.69,0,1.099379
2019-10-09 00:00:00+00:00,180.14,180.79,0.36,0,1.078533
2019-10-10 00:00:00+00:00,180.79,193.34,6.94,0,1.103553
2019-10-11 00:00:00+00:00,193.34,191.04,-1.19,0,1.071388
2019-10-12 00:00:00+00:00,191.04,180.55,-5.49,0,1.049321
2019-10-13 00:00:00+00:00,180.55,179.95,-0.34,0,1.075405
2019-10-14 00:00:00+00:00,179.95,181.29,0.75,0,1.080223
2019-10-15 00:00:00+00:00,181.29,186.62,2.94,0,1.089354
2019-10-16 00:00:00+00:00,186.62,180.75,-3.15,0,1.061837
2019-10-17 00:00:00+00:00,180.75,175.05,-3.15,0,1.061705
2019-10-18 00:00:00+00:00,175.05,177.48,1.38,0,1.082964
2019-10-19 00:00:00+00:00,177.48,172.89,-2.59,0,1.064565
2019-10-20 00:00:00+00:00,172.89,171.85,-0.60,0,1.074210
2019-10-21 00:00:00+00:00,171.85,175.21,1.95,0,1.085386
2019-10-22 00:00:00+00:00,175.21,174.35,-0.49,0,1.074702
2019-10-23 00:00:00+00:00,174.35,171.43,-1.68,0,1.069049
2019-10-24 00:00:00+00:00,171.43,161.58,-5.74,0,1.047738
2019-10-25 00:00:00+00:00,161.58,160.68,-0.56,0,1.074357
2019-10-26 00:00:00+00:00,160.68,181.45,12.93,0,1.119380
2019-10-27 00:00:00+00:00,181.45,179.54,-1.06,0,1.072045
2019-10-28 00:00:00+00:00,179.54,183.58,2.25,0,1.086593
2019-10-29 00:00:00+00:00,183.58,181.86,-0.94,0,1.072602
2019-10-30 00:00:00+00:00,181.86,190.51,4.75,0,1.096122
2019-10-31 00:00:00+00:00,190.51,183.13,-3.87,0,1.058135
2019-11-01 00:00:00+00:00,183.13,182.76,-0.21,0,1.075989
2019-11-02 00:00:00+00:00,182.76,183.06,0.17,0,1.077672
2019-11-03 00:00:00+00:00,183.06,183.22,0.09,0,1.077304
2019-11-04 00:00:00+00:00,183.22,181.82,-0.76,0,1.073442
2019-11-05 00:00:00+00:00,181.82,185.76,2.17,0,1.086205
2019-11-06 00:00:00+00:00,185.76,189.17,1.83,0,1.084871
2019-11-07 00:00:00+00:00,189.17,191.30,1.13,0,1.081933
2019-11-08 00:00:00+00:00,191.30,186.82,-2.34,0,1.065809
2019-11-09 00:00:00+00:00,186.82,183.67,-1.68,0,1.069029
2019-11-10 00:00:00+00:00,183.67,184.96,0.70,0,1.080054
2019-11-11 00:00:00+00:00,184.96,189.04,2.21,0,1.086353
2019-11-12 00:00:00+00:00,189.04,184.84,-2.22,0,1.066348
2019-11-13 00:00:00+00:00,184.84,186.87,1.10,0,1.081722
2019-11-14 00:00:00+00:00,186.87,187.84,0.52,0,1.079239
2019-11-15 00:00:00+00:00,187.84,184.79,-1.63,0,1.069240
2019-11-16 00:00:00+00:00,184.79,180.17,-2.50,0,1.065187
2019-11-17 00:00:00+00:00,180.17,182.63,1.37,0,1.082899
2019-11-18 00:00:00+00:00,182.63,183.99,0.74,0,1.080209
2019-11-19 00:00:00+00:00,183.99,178.39,-3.04,0,1.062261
2019-11-20 00:00:00+00:00,178.39,175.82,-1.44,0,1.070235
2019-11-21 00:00:00+00:00,175.82,174.80,-0.58,0,1.074278
2019-11-22 00:00:00+00:00,174.80,161.15,-7.81,0,1.035522
2019-11-23 00:00:00+00:00,161.15,149.93,-6.97,0,1.039907
2019-11-24 00:00:00+00:00,149.93,151.97,1.36,0,1.082897
2019-11-25 00:00:00+00:00,151.97,140.25,-7.71,0,1.035866
2019-11-26 00:00:00+00:00,140.25,146.35,4.35,0,1.094679
2019-11-27 00:00:00+00:00,146.35,147.58,0.84,0,1.080657
2019-11-28 00:00:00+00:00,147.58,152.62,3.42,0,1.091203
2019-11-29 00:00:00+00:00,152.62,150.91,-1.12,0,1.071767
2019-11-30 00:00:00+00:00,150.91,154.26,2.22,0,1.086437
2019-12-01 00:00:00+00:00,154.26,151.74,-1.63,0,1.069246
2019-12-02 00:00:00+00:00,151.74,151.02,-0.47,0,1.074780
2019-12-03 00:00:00+00:00,151.02,148.87,-1.43,0,1.070259
2019-12-04 00:00:00+00:00,148.87,147.13,-1.17,0,1.071512
2019-12-05 00:00:00+00:00,147.13,145.40,-1.17,0,1.071509
2019-12-06 00:00:00+00:00,145.40,147.80,1.65,0,1.084067
2019-12-07 00:00:00+00:00,147.80,148.61,0.55,0,1.079363
2019-12-08 00:00:00+00:00,148.61,147.15,-0.98,0,1.072404
2019-12-09 00:00:00+00:00,147.15,150.29,2.14,0,1.086137
2019-12-10 00:00:00+00:00,150.29,147.43,-1.91,0,1.067963
2019-12-11 00:00:00+00:00,147.43,145.57,-1.26,0,1.071114
2019-12-12 00:00:00+00:00,145.57,143.12,-1.68,0,1.069048
2019-12-13 00:00:00+00:00,143.12,145.03,1.33,0,1.082753
2019-12-14 00:00:00+00:00,145.03,144.62,-0.28,0,1.075650
2019-12-15 00:00:00+00:00,144.62,141.84,-1.92,0,1.067901
2019-12-16 00:00:00+00:00,141.84,142.21,0.26,0,1.078080
2019-12-17 00:00:00+00:00,142.21,132.72,-6.67,0,1.042253
2019-12-18 00:00:00+00:00,132.72,121.77,-8.25,0,1.032241
2019-12-19 00:00:00+00:00,121.77,132.74,9.01,0,1.109733
2019-12-20 00:00:00+00:00,132.74,128.08,-3.51,0,1.059751
2019-12-21 00:00:00+00:00,128.08,128.27,0.15,0,1.077594
2019-12-22 00:00:00+00:00,128.27,126.93,-1.04,0,1.072130
2019-12-23 00:00:00+00:00,126.93,132.18,4.13,0,1.093859
2019-12-24 00:00:00+00:00,132.18,128.17,-3.03,0,1.062314
2019-12-25 00:00:00+00:00,128.17,127.73,-0.35,0,1.075353
2019-12-26 00:00:00+00:00,127.73,125.02,-2.12,0,1.066928
2019-12-27 00:00:00+00:00,125.02,125.61,0.48,0,1.079048
2019-12-28 00:00:00+00:00,125.61,126.33,0.57,0,1.079443
2019-12-29 00:00:00+00:00,126.33,128.07,1.38,0,1.082970
2019-12-30 00:00:00+00:00,128.07,134.32,4.89,0,1.096609
2019-12-31 00:00:00+00:00,134.32,131.46,-2.13,0,1.066854
2020-01-01 00:00:00+00:00,131.46,129.19,-1.73,0,1.068795
2020-01-02 00:00:00+00:00,129.19,130.48,1.00,0,1.081367
2020-01-03 00:00:00+00:00,130.48,127.05,-2.64,0,1.064337
2020-01-04 00:00:00+00:00,127.05,133.70,5.24,0,1.097859
2020-01-05 00:00:00+00:00,133.70,134.14,0.32,0,1.078372
2020-01-06 00:00:00+00:00,134.14,135.01,0.65,0,1.079797
2020-01-07 00:00:00+00:00,135.01,143.81,6.52,0,1.102263
2020-01-08 00:00:00+00:00,143.81,143.02,-0.55,0,1.074412
2020-01-09 00:00:00+00:00,143.02,140.27,-1.92,0,1.067886
2020-01-10 00:00:00+00:00,140.27,137.86,-1.72,0,1.068899
2020-01-11 00:00:00+00:00,137.86,144.60,4.89,0,1.096660
2020-01-12 00:00:00+00:00,144.60,142.18,-1.68,0,1.069062
2020-01-13 00:00:00+00:00,142.18,145.42,2.28,0,1.086710
2020-01-14 00:00:00+00:00,145.42,143.59,-1.26,0,1.071053
2020-01-15 00:00:00+00:00,143.59,165.99,15.60,0,1.124960
2020-01-16 00:00:00+00:00,165.99,166.25,0.16,0,1.077634
2020-01-17 00:00:00+00:00,166.25,163.81,-1.47,0,1.070084
2020-01-18 00:00:00+00:00,163.81,171.16,4.49,0,1.095144
2020-01-19 00:00:00+00:00,171.16,174.24,1.80,0,1.084741
2020-01-20 00:00:00+00:00,174.24,166.63,-4.37,0,1.055339
2020-01-21 00:00:00+00:00,166.63,166.94,0.19,0,1.077760
2020-01-22 00:00:00+00:00,166.94,169.28,1.40,0,1.083033
2020-01-23 00:00:00+00:00,169.28,167.83,-0.86,0,1.072997
2020-01-24 00:00:00+00:00,167.83,162.52,-3.16,0,1.061507
2020-01-25 00:00:00+00:00,162.52,162.41,-0.07,0,1.076616
2020-01-26 00:00:00+00:00,162.41,160.67,-1.07,0,1.072011
2020-01-27 00:00:00+00:00,160.67,167.65,4.34,0,1.094640
2020-01-28 00:00:00+00:00,167.65,169.74,1.25,0,1.082398
2020-01-29 00:00:00+00:00,169.74,175.19,3.21,0,1.090377
2020-01-30 00:00:00+00:00,175.19,173.71,-0.85,0,1.073017
2020-01-31 00:00:00+00:00,173.71,184.73,6.34,0,1.101592
2020-02-01 00:00:00+00:00,184.73,179.23,-2.98,0,1.062477
2020-02-02 00:00:00+00:00,179.23,183.34,2.29,0,1.086764
2020-02-03 00:00:00+00:00,183.34,188.55,2.84,0,1.088908
2020-02-04 00:00:00+00:00,188.55,189.86,0.70,0,1.080004
2020-02-05 00:00:00+00:00,189.86,188.84,-0.54,0,1.074471
2020-02-06 00:00:00+00:00,188.84,203.86,7.95,0,1.106649
2020-02-07 00:00:00+00:00,203.86,212.73,4.35,0,1.094727
2020-02-08 00:00:00+00:00,212.73,223.28,4.96,0,1.096850
2020-02-09 00:00:00+00:00,223.28,223.30,0.01,0,1.076973
2020-02-10 00:00:00+00:00,223.30,228.29,2.24,0,1.086487
2020-02-11 00:00:00+00:00,228.29,224.15,-1.82,0,1.068428
2020-02-12 00:00:00+00:00,224.15,236.79,5.64,0,1.099202
2020-02-13 00:00:00+00:00,236.79,264.03,11.51,0,1.116126
2020-02-14 00:00:00+00:00,264.03,267.67,1.38,0,1.082942
2020-02-15 00:00:00+00:00,267.67,284.23,6.19,0,1.101186
2020-02-16 00:00:00+00:00,284.23,263.90,-7.15,0,1.039327
2020-02-17 00:00:00+00:00,263.90,262.16,-0.66,0,1.073911
2020-02-18 00:00:00+00:00,262.16,267.94,2.20,0,1.086388
2020-02-19 00:00:00+00:00,267.94,281.95,5.23,0,1.097807
2020-02-20 00:00:00+00:00,281.95,259.18,-8.07,0,1.033921
2020-02-21 00:00:00+00:00,259.18,257.99,-0.46,0,1.074827
2020-02-22 00:00:00+00:00,257.99,265.16,2.78,0,1.088685
2020-02-23 00:00:00+00:00,265.16,261.00,-1.57,0,1.069588
2020-02-24 00:00:00+00:00,261.00,274.63,5.22,0,1.097769
2020-02-25 00:00:00+00:00,274.63,265.24,-3.42,0,1.060377
2020-02-26 00:00:00+00:00,265.24,248.32,-6.38,0,1.043950
2020-02-27 00:00:00+00:00,248.32,224.81,-9.47,0,1.025471
2020-02-28 00:00:00+00:00,224.81,225.43,0.28,0,1.078163
2020-02-29 00:00:00+00:00,225.43,227.71,1.01,0,1.081385
2020-03-01 00:00:00+00:00,227.71,218.35,-4.11,0,1.056778
2020-03-02 00:00:00+00:00,218.35,218.94,0.27,0,1.078145
2020-03-03 00:00:00+00:00,218.94,231.68,5.82,0,1.099857
2020-03-04 00:00:00+00:00,231.68,223.96,-3.33,0,1.060679
2020-03-05 00:00:00+00:00,223.96,224.13,0.08,0,1.077275
2020-03-06 00:00:00+00:00,224.13,228.08,1.76,0,1.084562
2020-03-07 00:00:00+00:00,228.08,244.24,7.08,0,1.103974
2020-03-08 00:00:00+00:00,244.24,237.38,-2.81,0,1.063490
2020-03-09 00:00:00+00:00,237.38,198.82,-16.24,500,0.976025
2020-03-10 00:00:00+00:00,198.82,200.85,1.02,0,1.081426
2020-03-11 00:00:00+00:00,200.85,200.75,-0.05,0,1.076704
2020-03-12 00:00:00+00:00,200.75,194.22,-3.25,0,1.061194
2020-03-13 00:00:00+00:00,194.22,110.60,-43.05,500,0.701739
2020-03-14 00:00:00+00:00,110.60,132.57,19.87,0,1.131794
2020-03-15 00:00:00+00:00,132.57,123.03,-7.20,0,1.038890
2020-03-16 00:00:00+00:00,123.03,124.60,1.28,0,1.082512
2020-03-17 00:00:00+00:00,124.60,110.99,-10.92,59,1.014475
2020-03-18 00:00:00+00:00,110.99,117.22,5.61,0,1.099144
2020-03-19 00:00:00+00:00,117.22,117.70,0.41,0,1.078771
2020-03-20 00:00:00+00:00,117.70,136.81,16.24,0,1.125809
2020-03-21 00:00:00+00:00,136.81,131.96,-3.54,0,1.059586
2020-03-22 00:00:00+00:00,131.96,131.94,-0.02,0,1.076849
2020-03-23 00:00:00+00:00,131.94,122.52,-7.14,0,1.039466
2020-03-24 00:00:00+00:00,122.52,135.59,10.67,0,1.114286
2020-03-25 00:00:00+00:00,135.59,138.78,2.35,0,1.087000
2020-03-26 00:00:00+00:00,138.78,136.23,-1.83,0,1.068300
2020-03-27 00:00:00+00:00,136.23,138.77,1.86,0,1.084962
2020-03-28 00:00:00+00:00,138.77,130.29,-6.11,0,1.045550
2020-03-29 00:00:00+00:00,130.29,131.42,0.87,0,1.080785
2020-03-30 00:00:00+00:00,131.42,125.32,-4.65,0,1.053636
2020-03-31 00:00:00+00:00,125.32,132.36,5.62,0,1.099203
2020-04-01 00:00:00+00:00,132.36,133.24,0.66,0,1.079841
2020-04-02 00:00:00+00:00,133.24,136.22,2.24,0,1.086476
2020-04-03 00:00:00+00:00,136.22,141.45,3.84,0,1.092818
2020-04-04 00:00:00+00:00,141.45,141.26,-0.14,0,1.076311
2020-04-05 00:00:00+00:00,141.26,144.20,2.08,0,1.085870
2020-04-06 00:00:00+00:00,144.20,142.85,-0.94,0,1.072626
2020-04-07 00:00:00+00:00,142.85,169.86,18.90,0,1.130388
2020-04-08 00:00:00+00:00,169.86,164.52,-3.14,0,1.061779
2020-04-09 00:00:00+00:00,164.52,172.80,5.04,0,1.097133
2020-04-10 00:00:00+00:00,172.80,170.10,-1.57,0,1.069625
2020-04-11 00:00:00+00:00,170.10,157.74,-7.26,0,1.038758
2020-04-12 00:00:00+00:00,157.74,158.33,0.37,0,1.078582
2020-04-13 00:00:00+00:00,158.33,158.86,0.34,0,1.078433
2020-04-14 00:00:00+00:00,158.86,156.70,-1.36,0,1.070597
2020-04-15 00:00:00+00:00,156.70,158.27,1.00,0,1.081314
2020-04-16 00:00:00+00:00,158.27,153.22,-3.19,0,1.061549
2020-04-17 00:00:00+00:00,153.22,171.78,12.11,0,1.117792
2020-04-18 00:00:00+00:00,171.78,170.45,-0.77,0,1.073381
2020-04-19 00:00:00+00:00,170.45,187.14,9.79,0,1.111761
2020-04-20 00:00:00+00:00,187.14,180.06,-3.79,0,1.058428
2020-04-21 00:00:00+00:00,180.06,170.70,-5.20,0,1.050443
2020-04-22 00:00:00+00:00,170.70,170.45,-0.15,0,1.076251
2020-04-23 00:00:00+00:00,170.45,182.28,6.94,0,1.103496
2020-04-24 00:00:00+00:00,182.28,184.59,1.27,0,1.082527
2020-04-25 00:00:00+00:00,184.59,187.34,1.49,0,1.083402
2020-04-26 00:00:00+00:00,187.34,194.11,3.61,0,1.092013
2020-04-27 00:00:00+00:00,194.11,197.23,1.61,0,1.083931
2020-04-28 00:00:00+00:00,197.23,196.46,-0.39,0,1.075149
2020-04-29 00:00:00+00:00,196.46,197.15,0.35,0,1.078498
2020-04-30 00:00:00+00:00,197.15,215.55,9.33,0,1.110474
2020-05-01 00:00:00+00:00,215.55,205.56,-4.64,0,1.053813
2020-05-02 00:00:00+00:00,205.56,211.97,3.12,0,1.090041
2020-05-03 00:00:00+00:00,211.97,213.94,0.93,0,1.081047
2020-05-04 00:00:00+00:00,213.94,210.02,-1.83,0,1.068383
2020-05-05 00:00:00+00:00,210.02,206.83,-1.52,0,1.069836
2020-05-06 00:00:00+00:00,206.83,205.23,-0.78,0,1.073396
2020-05-07 00:00:00+00:00,205.23,200.25,-2.42,0,1.065484
2020-05-08 00:00:00+00:00,200.25,212.29,6.01,0,1.100397
2020-05-09 00:00:00+00:00,212.29,211.69,-0.28,0,1.075645
2020-05-10 00:00:00+00:00,211.69,210.43,-0.59,0,1.074205
2020-05-11 00:00:00+00:00,210.43,188.14,-10.59,35,1.017892
2020-05-12 00:00:00+00:00,188.14,185.67,-1.31,0,1.070840
2020-05-13 00:00:00+00:00,185.67,189.31,1.96,0,1.085337
2020-05-14 00:00:00+00:00,189.31,199.37,5.32,0,1.098221
2020-05-15 00:00:00+00:00,199.37,203.21,1.93,0,1.085269
2020-05-16 00:00:00+00:00,203.21,194.27,-4.40,0,1.055322
2020-05-17 00:00:00+00:00,194.27,200.58,3.25,0,1.090518
2020-05-18 00:00:00+00:00,200.58,206.77,3.08,0,1.089881
2020-05-19 00:00:00+00:00,206.77,214.36,3.67,0,1.092133
2020-05-20 00:00:00+00:00,214.36,213.69,-0.31,0,1.075501
2020-05-21 00:00:00+00:00,213.69,209.92,-1.76,0,1.068606
2020-05-22 00:00:00+00:00,209.92,198.92,-5.24,0,1.050600
2020-05-23 00:00:00+00:00,198.92,206.23,3.67,0,1.092168
2020-05-24 00:00:00+00:00,206.23,206.41,0.09,0,1.077321
2020-05-25 00:00:00+00:00,206.41,200.69,-2.77,0,1.063709
2020-05-26 00:00:00+00:00,200.69,203.81,1.55,0,1.083709
2020-05-27 00:00:00+00:00,203.81,200.96,-1.40,0,1.070402
2020-05-28 00:00:00+00:00,200.96,207.85,3.42,0,1.091263
2020-05-29 00:00:00+00:00,207.85,219.59,5.65,0,1.099229
2020-05-30 00:00:00+00:00,219.59,220.49,0.41,0,1.078758
2020-05-31 00:00:00+00:00,220.49,242.71,10.08,0,1.112667
2020-06-01 00:00:00+00:00,242.71,232.33,-4.28,0,1.055692
2020-06-02 00:00:00+00:00,232.33,248.04,6.76,0,1.102902
2020-06-03 00:00:00+00:00,248.04,237.27,-4.35,0,1.055408
2020-06-04 00:00:00+00:00,237.27,244.13,2.89,0,1.089168
2020-06-05 00:00:00+00:00,244.13,243.71,-0.17,0,1.076153
2020-06-06 00:00:00+00:00,243.71,240.25,-1.42,0,1.070333
2020-06-07 00:00:00+00:00,240.25,242.02,0.74,0,1.080202
2020-06-08 00:00:00+00:00,242.02,244.23,0.91,0,1.080946
2020-06-09 00:00:00+00:00,244.23,246.21,0.81,0,1.080531
2020-06-10 00:00:00+00:00,246.21,243.85,-0.96,0,1.072490
2020-06-11 00:00:00+00:00,243.85,247.54,1.51,0,1.083537
2020-06-12 00:00:00+00:00,247.54,232.00,-6.28,0,1.044920
2020-06-13 00:00:00+00:00,232.00,237.59,2.41,0,1.087160
2020-06-14 00:00:00+00:00,237.59,238.29,0.29,0,1.078250
2020-06-15 00:00:00+00:00,238.29,232.11,-2.59,0,1.064639
2020-06-16 00:00:00+00:00,232.11,231.02,-0.47,0,1.074774
2020-06-17 00:00:00+00:00,231.02,235.29,1.85,0,1.084943
2020-06-18 00:00:00+00:00,235.29,233.86,-0.61,0,1.074157
2020-06-19 00:00:00+00:00,233.86,231.68,-0.93,0,1.072653
2020-06-20 00:00:00+00:00,231.68,228.96,-1.18,0,1.071469
2020-06-21 00:00:00+00:00,228.96,228.87,-0.04,0,1.076746
2020-06-22 00:00:00+00:00,228.87,227.79,-0.47,0,1.074776
2020-06-23 00:00:00+00:00,227.79,243.36,6.84,0,1.103233
2020-06-24 00:00:00+00:00,243.36,243.08,-0.12,0,1.076394
2020-06-25 00:00:00+00:00,243.08,234.56,-3.50,0,1.059968
2020-06-26 00:00:00+00:00,234.56,232.65,-0.82,0,1.073158
2020-06-27 00:00:00+00:00,232.65,229.64,-1.29,0,1.070912
2020-06-28 00:00:00+00:00,229.64,221.03,-3.75,0,1.058493
2020-06-29 00:00:00+00:00,221.03,225.12,1.85,0,1.084960
2020-06-30 00:00:00+00:00,225.12,228.21,1.37,0,1.082907
2020-07-01 00:00:00+00:00,228.21,225.59,-1.14,0,1.071654
2020-07-02 00:00:00+00:00,225.59,230.66,2.25,0,1.086571
2020-07-03 00:00:00+00:00,230.66,226.57,-1.77,0,1.068568
2020-07-04 00:00:00+00:00,226.57,225.18,-0.62,0,1.074114
2020-07-05 00:00:00+00:00,225.18,229.09,1.74,0,1.084453
2020-07-06 00:00:00+00:00,229.09,227.90,-0.52,0,1.074555
2020-07-07 00:00:00+00:00,227.90,241.53,5.98,0,1.100430
2020-07-08 00:00:00+00:00,241.53,238.96,-1.06,0,1.072031
2020-07-09 00:00:00+00:00,238.96,246.86,3.30,0,1.090761
2020-07-10 00:00:00+00:00,246.86,241.98,-1.98,0,1.067573
2020-07-11 00:00:00+00:00,241.98,240.95,-0.42,0,1.075010
2020-07-12 00:00:00+00:00,240.95,239.10,-0.77,0,1.073384
2020-07-13 00:00:00+00:00,239.10,241.77,1.12,0,1.081835
2020-07-14 00:00:00+00:00,241.77,239.64,-0.88,0,1.072879
2020-07-15 00:00:00+00:00,239.64,240.25,0.26,0,1.078071
2020-07-16 00:00:00+00:00,240.25,238.66,-0.66,0,1.073893
2020-07-17 00:00:00+00:00,238.66,233.84,-2.02,0,1.067391
2020-07-18 00:00:00+00:00,233.84,232.78,-0.45,0,1.074863
2020-07-19 00:00:00+00:00,232.78,235.68,1.25,0,1.082378
2020-07-20 00:00:00+00:00,235.68,238.90,1.36,0,1.082892
2020-07-21 00:00:00+00:00,238.90,236.06,-1.19,0,1.071437
2020-07-22 00:00:00+00:00,236.06,245.23,3.89,0,1.093008
2020-07-23 00:00:00+00:00,245.23,263.76,7.56,0,1.105405
2020-07-24 00:00:00+00:00,263.76,274.72,4.16,0,1.093981
2020-07-25 00:00:00+00:00,274.72,279.43,1.71,0,1.084333
2020-07-26 00:00:00+00:00,279.43,305.04,9.17,0,1.110207
2020-07-27 00:00:00+00:00,305.04,310.52,1.80,0,1.084701
2020-07-28 00:00:00+00:00,310.52,320.48,3.21,0,1.090343
2020-07-29 00:00:00+00:00,320.48,316.41,-1.27,0,1.071079
2020-07-30 00:00:00+00:00,316.41,317.54,0.36,0,1.078527
2020-07-31 00:00:00+00:00,317.54,334.74,5.42,0,1.098462
2020-08-01 00:00:00+00:00,334.74,346.00,3.36,0,1.090981
2020-08-02 00:00:00+00:00,346.00,387.94,12.12,0,1.117926
2020-08-03 00:00:00+00:00,387.94,370.73,-4.44,0,1.054916
2020-08-04 00:00:00+00:00,370.73,386.25,4.18,0,1.093992
2020-08-05 00:00:00+00:00,386.25,389.38,0.81,0,1.080515
2020-08-06 00:00:00+00:00,389.38,400.18,2.77,0,1.088664
2020-08-07 00:00:00+00:00,400.18,394.54,-1.41,0,1.070366
2020-08-08 00:00:00+00:00,394.54,379.14,-3.90,0,1.057722
2020-08-09 00:00:00+00:00,379.14,391.48,3.26,0,1.090553
2020-08-10 00:00:00+00:00,391.48,389.62,-0.47,0,1.074762
2020-08-11 00:00:00+00:00,389.62,395.21,1.43,0,1.083154
2020-08-12 00:00:00+00:00,395.21,379.17,-4.06,0,1.056933
2020-08-13 00:00:00+00:00,379.17,387.50,2.20,0,1.086359
2020-08-14 00:00:00+00:00,387.50,427.49,10.32,0,1.113221
2020-08-15 00:00:00+00:00,427.49,438.76,2.64,0,1.088082
2020-08-16 00:00:00+00:00,438.76,432.65,-1.39,0,1.070479
2020-08-17 00:00:00+00:00,432.65,433.43,0.18,0,1.077733
2020-08-18 00:00:00+00:00,433.43,430.03,-0.78,0,1.073318
2020-08-19 00:00:00+00:00,430.03,422.11,-1.84,0,1.068304
2020-08-20 00:00:00+00:00,422.11,406.57,-3.68,0,1.058981
2020-08-21 00:00:00+00:00,406.57,416.47,2.43,0,1.087293
2020-08-22 00:00:00+00:00,416.47,386.82,-7.12,0,1.039557
2020-08-23 00:00:00+00:00,386.82,395.89,2.34,0,1.086958
2020-08-24 00:00:00+00:00,395.89,390.79,-1.29,0,1.070966
2020-08-25 00:00:00+00:00,390.79,408.27,4.47,0,1.095069
2020-08-26 00:00:00+00:00,408.27,383.66,-6.03,0,1.045805
2020-08-27 00:00:00+00:00,383.66,385.75,0.54,0,1.079353
2020-08-28 00:00:00+00:00,385.75,381.84,-1.01,0,1.072232
2020-08-29 00:00:00+00:00,381.84,395.14,3.48,0,1.091381
2020-08-30 00:00:00+00:00,395.14,399.37,1.07,0,1.081653
2020-08-31 00:00:00+00:00,399.37,428.30,7.24,0,1.104421
2020-09-01 00:00:00+00:00,428.30,435.69,1.73,0,1.084377
2020-09-02 00:00:00+00:00,435.69,475.68,9.18,0,1.110036
2020-09-03 00:00:00+00:00,475.68,439.35,-7.64,0,1.036457
2020-09-04 00:00:00+00:00,439.35,383.69,-12.67,171,1.002650
2020-09-05 00:00:00+00:00,383.69,387.90,1.10,0,1.081764
2020-09-06 00:00:00+00:00,387.90,334.47,-13.78,284,0.994234
2020-09-07 00:00:00+00:00,334.47,352.99,5.54,0,1.098906
2020-09-08 00:00:00+00:00,352.99,351.88,-0.32,0,1.075483
2020-09-09 00:00:00+00:00,351.88,337.85,-3.99,0,1.057176
2020-09-10 00:00:00+00:00,337.85,351.23,3.96,0,1.093275
2020-09-11 00:00:00+00:00,351.23,367.64,4.67,0,1.095776
2020-09-12 00:00:00+00:00,367.64,373.91,1.71,0,1.084353
2020-09-13 00:00:00+00:00,373.91,387.72,3.69,0,1.092290
2020-09-14 00:00:00+00:00,387.72,365.70,-5.68,0,1.048017
2020-09-15 00:00:00+00:00,365.70,376.39,2.92,0,1.089229
2020-09-16 00:00:00+00:00,376.39,364.69,-3.11,0,1.061875
2020-09-17 00:00:00+00:00,364.69,365.13,0.12,0,1.077466
2020-09-18 00:00:00+00:00,365.13,388.80,6.48,0,1.102021
2020-09-19 00:00:00+00:00,388.80,383.17,-1.45,0,1.070214
2020-09-20 00:00:00+00:00,383.17,385.47,0.60,0,1.079593
2020-09-21 00:00:00+00:00,385.47,370.97,-3.76,0,1.058438
2020-09-22 00:00:00+00:00,370.97,341.28,-8.00,0,1.033928
2020-09-23 00:00:00+00:00,341.28,343.92,0.77,0,1.080351
2020-09-24 00:00:00+00:00,343.92,321.08,-6.64,0,1.042677
2020-09-25 00:00:00+00:00,321.08,348.82,8.64,0,1.108596
2020-09-26 00:00:00+00:00,348.82,351.33,0.72,0,1.080137
2020-09-27 00:00:00+00:00,351.33,354.26,0.83,0,1.080603
2020-09-28 00:00:00+00:00,354.26,357.07,0.79,0,1.080408
2020-09-29 00:00:00+00:00,357.07,354.43,-0.74,0,1.073546
2020-09-30 00:00:00+00:00,354.43,359.43,1.41,0,1.083079
2020-10-01 00:00:00+00:00,359.43,359.60,0.05,0,1.077138
2020-10-02 00:00:00+00:00,359.60,353.20,-1.78,0,1.068567
2020-10-03 00:00:00+00:00,353.20,345.91,-2.06,0,1.067181
2020-10-04 00:00:00+00:00,345.91,345.99,0.02,0,1.077028
2020-10-05 00:00:00+00:00,345.99,352.46,1.87,0,1.084986
2020-10-06 00:00:00+00:00,352.46,353.60,0.33,0,1.078371
2020-10-07 00:00:00+00:00,353.60,340.62,-3.67,0,1.059037
2020-10-08 00:00:00+00:00,340.62,341.44,0.24,0,1.078017
2020-10-09 00:00:00+00:00,341.44,350.06,2.52,0,1.087624
2020-10-10 00:00:00+00:00,350.06,365.34,4.37,0,1.094773
2020-10-11 00:00:00+00:00,365.34,370.47,1.40,0,1.083051
2020-10-12 00:00:00+00:00,370.47,374.50,1.09,0,1.081710
2020-10-13 00:00:00+00:00,374.50,387.26,3.41,0,1.091115
2020-10-14 00:00:00+00:00,387.26,381.17,-1.57,0,1.069536
2020-10-15 00:00:00+00:00,381.17,379.21,-0.51,0,1.074568
2020-10-16 00:00:00+00:00,379.21,377.16,-0.54,0,1.074460
2020-10-17 00:00:00+00:00,377.16,365.99,-2.96,0,1.062742
2020-10-18 00:00:00+00:00,365.99,368.65,0.73,0,1.080137
2020-10-19 00:00:00+00:00,368.65,378.05,2.55,0,1.087776
2020-10-20 00:00:00+00:00,378.05,379.64,0.42,0,1.078801
2020-10-21 00:00:00+00:00,379.64,368.23,-3.01,0,1.062440
2020-10-22 00:00:00+00:00,368.23,391.17,6.23,0,1.101240
2020-10-23 00:00:00+00:00,391.17,413.20,5.63,0,1.099228
2020-10-24 00:00:00+00:00,413.20,408.89,-1.04,0,1.072084
2020-10-25 00:00:00+00:00,408.89,411.96,0.75,0,1.080249
2020-10-26 00:00:00+00:00,411.96,406.16,-1.41,0,1.070386
2020-10-27 00:00:00+00:00,406.16,393.38,-3.15,0,1.061724
2020-10-28 00:00:00+00:00,393.38,403.53,2.58,0,1.087905
2020-10-29 00:00:00+00:00,403.53,388.88,-3.63,0,1.059065
2020-10-30 00:00:00+00:00,388.88,386.45,-0.63,0,1.074076
2020-10-31 00:00:00+00:00,386.45,382.90,-0.92,0,1.072740
2020-11-01 00:00:00+00:00,382.90,385.84,0.77,0,1.080341
2020-11-02 00:00:00+00:00,385.84,394.94,2.36,0,1.087003
2020-11-03 00:00:00+00:00,394.94,383.85,-2.81,0,1.063521
2020-11-04 00:00:00+00:00,383.85,387.62,0.98,0,1.081255
2020-11-05 00:00:00+00:00,387.62,401.73,3.64,0,1.091993
2020-11-06 00:00:00+00:00,401.73,415.93,3.53,0,1.091615
2020-11-07 00:00:00+00:00,415.93,454.65,9.31,0,1.110442
2020-11-08 00:00:00+00:00,454.65,435.42,-4.23,0,1.056131
2020-11-09 00:00:00+00:00,435.42,455.36,4.58,0,1.095538
2020-11-10 00:00:00+00:00,455.36,445.05,-2.26,0,1.066199
2020-11-11 00:00:00+00:00,445.05,449.82,1.07,0,1.081612
2020-11-12 00:00:00+00:00,449.82,463.18,2.97,0,1.089451
2020-11-13 00:00:00+00:00,463.18,462.21,-0.21,0,1.075972
2020-11-14 00:00:00+00:00,462.21,475.97,2.98,0,1.089417
2020-11-15 00:00:00+00:00,475.97,462.72,-2.78,0,1.063633
2020-11-16 00:00:00+00:00,462.72,449.21,-2.92,0,1.062919
2020-11-17 00:00:00+00:00,449.21,461.37,2.71,0,1.088440
2020-11-18 00:00:00+00:00,461.37,482.20,4.51,0,1.095266
2020-11-19 00:00:00+00:00,482.20,479.44,-0.57,0,1.074304
2020-11-20 00:00:00+00:00,479.44,471.32,-1.69,0,1.068963
2020-11-21 00:00:00+00:00,471.32,508.79,7.95,0,1.106672
2020-11-22 00:00:00+00:00,508.79,548.84,7.87,0,1.106403
2020-11-23 00:00:00+00:00,548.84,560.51,2.13,0,1.086050
2020-11-24 00:00:00+00:00,560.51,608.27,8.52,0,1.108362
2020-11-25 00:00:00+00:00,608.27,602.67,-0.92,0,1.072664
2020-11-26 00:00:00+00:00,602.67,568.28,-5.71,0,1.047734
2020-11-27 00:00:00+00:00,568.28,518.47,-8.76,0,1.029069
2020-11-28 00:00:00+00:00,518.47,517.55,-0.18,0,1.076129
2020-11-29 00:00:00+00:00,517.55,537.39,3.83,0,1.092727
2020-11-30 00:00:00+00:00,537.39,574.75,6.95,0,1.103573
2020-12-01 00:00:00+00:00,574.75,612.26,6.53,0,1.102170
2020-12-02 00:00:00+00:00,612.26,589.58,-3.70,0,1.058838
2020-12-03 00:00:00+00:00,589.58,598.76,1.56,0,1.083721
2020-12-04 00:00:00+00:00,598.76,616.51,2.96,0,1.089434
2020-12-05 00:00:00+00:00,616.51,571.19,-7.35,0,1.037576
2020-12-06 00:00:00+00:00,571.19,595.92,4.33,0,1.094633
2020-12-07 00:00:00+00:00,595.92,601.97,1.02,0,1.081395
2020-12-08 00:00:00+00:00,601.97,592.39,-1.59,0,1.069486
2020-12-09 00:00:00+00:00,592.39,554.33,-6.42,0,1.043642
2020-12-10 00:00:00+00:00,554.33,573.90,3.53,0,1.091603
2020-12-11 00:00:00+00:00,573.90,560.45,-2.34,0,1.065876
2020-12-12 00:00:00+00:00,560.45,545.98,-2.58,0,1.064621
2020-12-13 00:00:00+00:00,545.98,568.36,4.10,0,1.093772
2020-12-14 00:00:00+00:00,568.36,590.32,3.86,0,1.092896
2020-12-15 00:00:00+00:00,590.32,585.54,-0.81,0,1.073227
2020-12-16 00:00:00+00:00,585.54,589.07,0.60,0,1.079626
2020-12-17 00:00:00+00:00,589.07,635.96,7.96,0,1.106643
2020-12-18 00:00:00+00:00,635.96,644.07,1.27,0,1.082510
2020-12-19 00:00:00+00:00,644.07,654.42,1.61,0,1.083920
2020-12-20 00:00:00+00:00,654.42,659.32,0.75,0,1.080244
2020-12-21 00:00:00+00:00,659.32,639.52,-3.00,0,1.062427
2020-12-22 00:00:00+00:00,639.52,610.43,-4.55,0,1.054171
2020-12-23 00:00:00+00:00,610.43,634.98,4.02,0,1.093465
2020-12-24 00:00:00+00:00,634.98,587.96,-7.41,0,1.038051
2020-12-25 00:00:00+00:00,587.96,612.88,4.24,0,1.094255
2020-12-26 00:00:00+00:00,612.88,626.46,2.22,0,1.086445
2020-12-27 00:00:00+00:00,626.46,636.74,1.64,0,1.084025
2020-12-28 00:00:00+00:00,636.74,689.66,8.31,0,1.107711
2020-12-29 00:00:00+00:00,689.66,732.96,6.28,0,1.101334
2020-12-30 00:00:00+00:00,732.96,735.59,0.36,0,1.078530
2020-12-31 00:00:00+00:00,735.59,752.86,2.35,0,1.086973
2021-01-01 00:00:00+00:00,752.86,738.62,-1.89,0,1.068063
2021-01-02 00:00:00+00:00,738.62,730.15,-1.15,0,1.071634
2021-01-03 00:00:00+00:00,730.15,777.70,6.51,0,1.102085
2021-01-04 00:00:00+00:00,777.70,967.00,24.34,0,1.135615
2021-01-05 00:00:00+00:00,967.00,1025.65,6.07,0,1.100687
2021-01-06 00:00:00+00:00,1025.65,1103.36,7.58,0,1.105492
2021-01-07 00:00:00+00:00,1103.36,1208.58,9.54,0,1.111311
2021-01-08 00:00:00+00:00,1208.58,1229.47,1.73,0,1.084423
2021-01-09 00:00:00+00:00,1229.47,1223.73,-0.47,0,1.074793
2021-01-10 00:00:00+00:00,1223.73,1282.98,4.84,0,1.096447
2021-01-11 00:00:00+00:00,1282.98,1267.73,-1.19,0,1.071416
2021-01-12 00:00:00+00:00,1267.73,1092.91,-13.79,282,0.994317
2021-01-13 00:00:00+00:00,1092.91,1045.41,-4.35,0,1.055389
2021-01-14 00:00:00+00:00,1045.41,1132.02,8.28,0,1.107550
2021-01-15 00:00:00+00:00,1132.02,1216.91,7.50,0,1.105312
2021-01-16 00:00:00+00:00,1216.91,1171.86,-3.70,0,1.058802
2021-01-17 00:00:00+00:00,1171.86,1234.63,5.36,0,1.098177
2021-01-18 00:00:00+00:00,1234.63,1229.38,-0.43,0,1.074996
2021-01-19 00:00:00+00:00,1229.38,1255.98,2.16,0,1.086230
2021-01-20 00:00:00+00:00,1255.98,1383.48,10.15,0,1.112757
2021-01-21 00:00:00+00:00,1383.48,1385.85,0.17,0,1.077690
2021-01-22 00:00:00+00:00,1385.85,1122.91,-18.97,500,0.952703
2021-01-23 00:00:00+00:00,1122.91,1236.68,10.13,0,1.112871
2021-01-24 00:00:00+00:00,1236.68,1231.18,-0.45,0,1.074893
2021-01-25 00:00:00+00:00,1231.18,1392.54,13.11,0,1.120140
2021-01-26 00:00:00+00:00,1392.54,1323.43,-4.96,0,1.052159
2021-01-27 00:00:00+00:00,1323.43,1355.23,2.40,0,1.087209
2021-01-28 00:00:00+00:00,1355.23,1253.14,-7.53,0,1.037064
2021-01-29 00:00:00+00:00,1253.14,1328.77,6.04,0,1.100564
2021-01-30 00:00:00+00:00,1328.77,1380.28,3.88,0,1.092896
2021-01-31 00:00:00+00:00,1380.28,1372.43,-0.57,0,1.074314
2021-02-01 00:00:00+00:00,1372.43,1317.05,-4.04,0,1.056970
2021-02-02 00:00:00+00:00,1317.05,1368.66,3.92,0,1.093107
2021-02-03 00:00:00+00:00,1368.66,1514.23,10.64,0,1.114085
2021-02-04 00:00:00+00:00,1514.23,1661.00,9.69,0,1.111597
2021-02-05 00:00:00+00:00,1661.00,1587.80,-4.41,0,1.055058
2021-02-06 00:00:00+00:00,1587.80,1724.86,8.63,0,1.108625
2021-02-07 00:00:00+00:00,1724.86,1683.94,-2.37,0,1.065603
2021-02-08 00:00:00+00:00,1683.94,1608.64,-4.47,0,1.054746
2021-02-09 00:00:00+00:00,1608.64,1751.00,8.85,0,1.109273
2021-02-10 00:00:00+00:00,1751.00,1769.05,1.03,0,1.081465
2021-02-11 00:00:00+00:00,1769.05,1739.16,-1.69,0,1.069036
2021-02-12 00:00:00+00:00,1739.16,1782.51,2.49,0,1.087534
2021-02-13 00:00:00+00:00,1782.51,1841.20,3.29,0,1.090708
2021-02-14 00:00:00+00:00,1841.20,1810.84,-1.65,0,1.069263
2021-02-15 00:00:00+00:00,1810.84,1804.98,-0.32,0,1.075452
2021-02-16 00:00:00+00:00,1804.98,1775.76,-1.62,0,1.069345
2021-02-17 00:00:00+00:00,1775.76,1782.58,0.38,0,1.078638
2021-02-18 00:00:00+00:00,1782.58,1845.57,3.53,0,1.091632
2021-02-19 00:00:00+00:00,1845.57,1938.57,5.04,0,1.097155
2021-02-20 00:00:00+00:00,1938.57,1969.98,1.62,0,1.083956
2021-02-21 00:00:00+00:00,1969.98,1929.37,-2.06,0,1.067165
2021-02-22 00:00:00+00:00,1929.37,1941.43,0.63,0,1.079691
2021-02-23 00:00:00+00:00,1941.43,1788.62,-7.87,0,1.035251
2021-02-24 00:00:00+00:00,1788.62,1563.92,-12.56,185,1.002324
2021-02-25 00:00:00+00:00,1563.92,1628.39,4.12,0,1.093790
2021-02-26 00:00:00+00:00,1628.39,1468.86,-9.80,3,1.023248
2021-02-27 00:00:00+00:00,1468.86,1450.99,-1.22,0,1.071250
2021-02-28 00:00:00+00:00,1450.99,1480.13,2.01,0,1.085585
2021-03-01 00:00:00+00:00,1480.13,1416.66,-4.29,0,1.055780
2021-03-02 00:00:00+00:00,1416.66,1570.40,10.85,0,1.114454
2021-03-03 00:00:00+00:00,1570.40,1497.09,-4.67,0,1.053626
2021-03-04 00:00:00+00:00,1497.09,1579.43,5.50,0,1.098810
2021-03-05 00:00:00+00:00,1579.43,1546.50,-2.08,0,1.067003
2021-03-06 00:00:00+00:00,1546.50,1539.05,-0.48,0,1.074739
2021-03-07 00:00:00+00:00,1539.05,1661.93,7.98,0,1.106766
2021-03-08 00:00:00+00:00,1661.93,1727.46,3.94,0,1.093139
2021-03-09 00:00:00+00:00,1727.46,1837.53,6.37,0,1.101696
2021-03-10 00:00:00+00:00,1837.53,1869.33,1.73,0,1.084435
2021-03-11 00:00:00+00:00,1869.33,1802.31,-3.59,0,1.059468
2021-03-12 00:00:00+00:00,1802.31,1826.06,1.32,0,1.082680
2021-03-13 00:00:00+00:00,1826.06,1770.94,-3.02,0,1.062443
2021-03-14 00:00:00+00:00,1770.94,1927.72,8.85,0,1.109209
2021-03-15 00:00:00+00:00,1927.72,1866.07,-3.20,0,1.061522
2021-03-16 00:00:00+00:00,1866.07,1791.05,-4.02,0,1.057229
2021-03-17 00:00:00+00:00,1791.05,1808.55,0.98,0,1.081217
2021-03-18 00:00:00+00:00,1808.55,1828.75,1.12,0,1.081834
2021-03-19 00:00:00+00:00,1828.75,1780.16,-2.66,0,1.064291
2021-03-20 00:00:00+00:00,1780.16,1817.13,2.08,0,1.085838
2021-03-21 00:00:00+00:00,1817.13,1817.86,0.04,0,1.077103
2021-03-22 00:00:00+00:00,1817.86,1790.38,-1.51,0,1.069912
2021-03-23 00:00:00+00:00,1790.38,1686.89,-5.78,0,1.046961
2021-03-24 00:00:00+00:00,1686.89,1673.86,-0.77,0,1.073372
2021-03-25 00:00:00+00:00,1673.86,1581.63,-5.51,0,1.048951
2021-03-26 00:00:00+00:00,1581.63,1587.30,0.36,0,1.078520
2021-03-27 00:00:00+00:00,1587.30,1700.37,7.12,0,1.104156
2021-03-28 00:00:00+00:00,1700.37,1713.84,0.79,0,1.080439
2021-03-29 00:00:00+00:00,1713.84,1689.04,-1.45,0,1.070243
2021-03-30 00:00:00+00:00,1689.04,1817.63,7.61,0,1.105661
2021-03-31 00:00:00+00:00,1817.63,1840.29,1.25,0,1.082389
2021-04-01 00:00:00+00:00,1840.29,1915.83,4.10,0,1.093753
2021-04-02 00:00:00+00:00,1915.83,1970.47,2.85,0,1.088974
2021-04-03 00:00:00+00:00,1970.47,2134.10,8.30,0,1.107750
2021-04-04 00:00:00+00:00,2134.10,2016.67,-5.50,0,1.049240
2021-04-05 00:00:00+00:00,2016.67,2077.76,3.03,0,1.089619
2021-04-06 00:00:00+00:00,2077.76,2097.80,0.96,0,1.081183
2021-04-07 00:00:00+00:00,2097.80,2115.06,0.82,0,1.080556
2021-04-08 00:00:00+00:00,2115.06,1989.15,-5.95,0,1.046707
2021-04-09 00:00:00+00:00,1989.15,2081.35,4.64,0,1.095651
2021-04-10 00:00:00+00:00,2081.35,2069.67,-0.56,0,1.074354
2021-04-11 00:00:00+00:00,2069.67,2142.80,3.53,0,1.091615
2021-04-12 00:00:00+00:00,2142.80,2150.27,0.35,0,1.078489
2021-04-13 00:00:00+00:00,2150.27,2142.48,-0.36,0,1.075283
2021-04-14 00:00:00+00:00,2142.48,2304.34,7.56,0,1.105513
2021-04-15 00:00:00+00:00,2304.34,2429.66,5.44,0,1.098503
2021-04-16 00:00:00+00:00,2429.66,2514.17,3.48,0,1.091397
2021-04-17 00:00:00+00:00,2514.17,2424.55,-3.56,0,1.059537
2021-04-18 00:00:00+00:00,2424.55,2345.27,-3.27,0,1.061060
2021-04-19 00:00:00+00:00,2345.27,2245.76,-4.24,0,1.055872
2021-04-20 00:00:00+00:00,2245.76,2168.03,-3.46,0,1.060157
2021-04-21 00:00:00+00:00,2168.03,2324.28,7.21,0,1.104374
2021-04-22 00:00:00+00:00,2324.28,2373.50,2.12,0,1.086011
2021-04-23 00:00:00+00:00,2373.50,2426.07,2.21,0,1.086472
2021-04-24 00:00:00+00:00,2426.07,2364.23,-2.55,0,1.064816
2021-04-25 00:00:00+00:00,2364.23,2212.84,-6.40,0,1.043769
2021-04-26 00:00:00+00:00,2212.84,2307.36,4.27,0,1.094408
2021-04-27 00:00:00+00:00,2307.36,2532.39,9.75,0,1.111989
2021-04-28 00:00:00+00:00,2532.39,2647.16,4.53,0,1.095349
2021-04-29 00:00:00+00:00,2647.16,2748.78,3.84,0,1.092849
2021-04-30 00:00:00+00:00,2748.78,2757.50,0.32,0,1.078346
2021-05-01 00:00:00+00:00,2757.50,2776.70,0.70,0,1.080028
2021-05-02 00:00:00+00:00,2776.70,2944.92,6.06,0,1.100660
2021-05-03 00:00:00+00:00,2944.92,2953.30,0.28,0,1.078195
2021-05-04 00:00:00+00:00,2953.30,3439.86,16.48,0,1.127035
2021-05-05 00:00:00+00:00,3439.86,3245.66,-5.65,0,1.048101
2021-05-06 00:00:00+00:00,3245.66,3524.56,8.59,0,1.108616
2021-05-07 00:00:00+00:00,3524.56,3495.08,-0.84,0,1.073076
2021-05-08 00:00:00+00:00,3495.08,3493.53,-0.04,0,1.076724
2021-05-09 00:00:00+00:00,3493.53,3912.74,12.00,0,1.117523
2021-05-10 00:00:00+00:00,3912.74,3932.75,0.51,0,1.079200
2021-05-11 00:00:00+00:00,3932.75,3979.61,1.19,0,1.082164
2021-05-12 00:00:00+00:00,3979.61,4182.79,5.11,0,1.097453
2021-05-13 00:00:00+00:00,4182.79,3906.11,-6.61,0,1.042980
2021-05-14 00:00:00+00:00,3906.11,3750.34,-3.99,0,1.057192
2021-05-15 00:00:00+00:00,3750.34,4088.73,9.02,0,1.109776
2021-05-16 00:00:00+00:00,4088.73,3659.92,-10.49,41,1.017792
2021-05-17 00:00:00+00:00,3659.92,3602.00,-1.58,0,1.069484
2021-05-18 00:00:00+00:00,3602.00,3288.23,-8.71,0,1.029747
2021-05-19 00:00:00+00:00,3288.23,3399.05,3.37,0,1.090977
2021-05-20 00:00:00+00:00,3399.05,2505.01,-26.30,500,0.889812
2021-05-21 00:00:00+00:00,2505.01,2778.28,10.91,0,1.114713
2021-05-22 00:00:00+00:00,2778.28,2419.10,-12.93,187,1.001898
2021-05-23 00:00:00+00:00,2419.10,2306.37,-4.66,0,1.053365
2021-05-24 00:00:00+00:00,2306.37,2120.04,-8.08,0,1.033897
2021-05-25 00:00:00+00:00,2120.04,2640.16,24.53,0,1.136820
2021-05-26 00:00:00+00:00,2640.16,2695.48,2.10,0,1.085917
2021-05-27 00:00:00+00:00,2695.48,2882.48,6.94,0,1.103532
2021-05-28 00:00:00+00:00,2882.48,2742.99,-4.84,0,1.052686
2021-05-29 00:00:00+00:00,2742.99,2433.33,-11.29,95,1.012168
2021-05-30 00:00:00+00:00,2433.33,2294.63,-5.70,0,1.047895
2021-05-31 00:00:00+00:00,2294.63,2395.85,4.41,0,1.094893
2021-06-01 00:00:00+00:00,2395.85,2708.43,13.05,0,1.120123
2021-06-02 00:00:00+00:00,2708.43,2632.66,-2.80,0,1.063481
2021-06-03 00:00:00+00:00,2632.66,2717.15,3.21,0,1.090415
2021-06-04 00:00:00+00:00,2717.15,2858.28,5.19,0,1.097725
2021-06-05 00:00:00+00:00,2858.28,2694.50,-5.73,0,1.047608
2021-06-06 00:00:00+00:00,2694.50,2624.77,-2.59,0,1.064608
2021-06-07 00:00:00+00:00,2624.77,2711.55,3.31,0,1.090717
2021-06-08 00:00:00+00:00,2711.55,2580.54,-4.83,0,1.052560
2021-06-09 00:00:00+00:00,2580.54,2528.02,-2.03,0,1.067348
2021-06-10 00:00:00+00:00,2528.02,2620.63,3.66,0,1.092132
2021-06-11 00:00:00+00:00,2620.63,2486.60,-5.11,0,1.051338
2021-06-12 00:00:00+00:00,2486.60,2356.63,-5.23,0,1.050537
2021-06-13 00:00:00+00:00,2356.63,2379.99,0.99,0,1.081288
2021-06-14 00:00:00+00:00,2379.99,2517.77,5.79,0,1.099782
2021-06-15 00:00:00+00:00,2517.77,2587.38,2.76,0,1.088626
2021-06-16 00:00:00+00:00,2587.38,2561.19,-1.01,0,1.072252
2021-06-17 00:00:00+00:00,2561.19,2365.87,-7.63,0,1.036456
2021-06-18 00:00:00+00:00,2365.87,2380.74,0.63,0,1.079716
2021-06-19 00:00:00+00:00,2380.74,2231.55,-6.27,0,1.045003
2021-06-20 00:00:00+00:00,2231.55,2176.31,-2.48,0,1.065129
2021-06-21 00:00:00+00:00,2176.31,2251.56,3.46,0,1.091298
2021-06-22 00:00:00+00:00,2251.56,1900.12,-15.61,432,0.980945
2021-06-23 00:00:00+00:00,1900.12,1875.36,-1.30,0,1.070861
2021-06-24 00:00:00+00:00,1875.36,1971.11,5.11,0,1.097358
2021-06-25 00:00:00+00:00,1971.11,1990.08,0.96,0,1.081160
2021-06-26 00:00:00+00:00,1990.08,1833.46,-7.87,0,1.034975
2021-06-27 00:00:00+00:00,1833.46,1817.05,-0.90,0,1.072823
2021-06-28 00:00:00+00:00,1817.05,1973.93,8.63,0,1.108698
2021-06-29 00:00:00+00:00,1973.93,2087.52,5.75,0,1.099644
2021-06-30 00:00:00+00:00,2087.52,2169.40,3.92,0,1.093147
2021-07-01 00:00:00+00:00,2169.40,2279.35,5.07,0,1.097283
2021-07-02 00:00:00+00:00,2279.35,2121.66,-6.92,0,1.040634
2021-07-03 00:00:00+00:00,2121.66,2157.88,1.71,0,1.084317
2021-07-04 00:00:00+00:00,2157.88,2228.53,3.27,0,1.090582
2021-07-05 00:00:00+00:00,2228.53,2329.00,4.51,0,1.095225
2021-07-06 00:00:00+00:00,2329.00,2217.30,-4.80,0,1.052981
2021-07-07 00:00:00+00:00,2217.30,2320.65,4.66,0,1.095780
2021-07-08 00:00:00+00:00,2320.65,2317.24,-0.15,0,1.076256
2021-07-09 00:00:00+00:00,2317.24,2126.44,-8.23,0,1.033184
2021-07-10 00:00:00+00:00,2126.44,2156.58,1.42,0,1.083134
2021-07-11 00:00:00+00:00,2156.58,2123.06,-1.55,0,1.069662
2021-07-12 00:00:00+00:00,2123.06,2144.01,0.99,0,1.081262
2021-07-13 00:00:00+00:00,2144.01,2042.50,-4.73,0,1.053208
2021-07-14 00:00:00+00:00,2042.50,1944.40,-4.80,0,1.052753
2021-07-15 00:00:00+00:00,1944.40,1997.66,2.74,0,1.088568
2021-07-16 00:00:00+00:00,1997.66,1910.73,-4.35,0,1.055214
2021-07-17 00:00:00+00:00,1910.73,1874.20,-1.91,0,1.067935
2021-07-18 00:00:00+00:00,1874.20,1899.84,1.37,0,1.082886
2021-07-19 00:00:00+00:00,1899.84,1905.72,0.31,0,1.078310
2021-07-20 00:00:00+00:00,1905.72,1824.93,-4.24,0,1.056018
2021-07-21 00:00:00+00:00,1824.93,1794.97,-1.64,0,1.069273
2021-07-22 00:00:00+00:00,1794.97,2003.72,11.63,0,1.116466
2021-07-23 00:00:00+00:00,2003.72,2027.53,1.19,0,1.082101
2021-07-24 00:00:00+00:00,2027.53,2117.15,4.42,0,1.094941
2021-07-25 00:00:00+00:00,2117.15,2183.63,3.14,0,1.090090
2021-07-26 00:00:00+00:00,2183.63,2209.50,1.18,0,1.082140
2021-07-27 00:00:00+00:00,2209.50,2230.21,0.94,0,1.081065
2021-07-28 00:00:00+00:00,2230.21,2292.58,2.80,0,1.088775
2021-07-29 00:00:00+00:00,2292.58,2299.69,0.31,0,1.078316
2021-07-30 00:00:00+00:00,2299.69,2383.44,3.64,0,1.092016
2021-07-31 00:00:00+00:00,2383.44,2462.40,3.31,0,1.090760
2021-08-01 00:00:00+00:00,2462.40,2541.67,3.22,0,1.090463
2021-08-02 00:00:00+00:00,2541.67,2555.41,0.54,0,1.079321
2021-08-03 00:00:00+00:00,2555.41,2611.67,2.20,0,1.086367
2021-08-04 00:00:00+00:00,2611.67,2521.27,-3.46,0,1.060082
2021-08-05 00:00:00+00:00,2521.27,2724.53,8.06,0,1.107036
2021-08-06 00:00:00+00:00,2724.53,2821.65,3.56,0,1.091771
2021-08-07 00:00:00+00:00,2821.65,2888.73,2.38,0,1.087069
2021-08-08 00:00:00+00:00,2888.73,3151.22,9.09,0,1.110077
2021-08-09 00:00:00+00:00,3151.22,3012.31,-4.41,0,1.055191
2021-08-10 00:00:00+00:00,3012.31,3163.06,5.00,0,1.097047
2021-08-11 00:00:00+00:00,3163.06,3147.84,-0.48,0,1.074735
2021-08-12 00:00:00+00:00,3147.84,3166.65,0.60,0,1.079585
2021-08-13 00:00:00+00:00,3166.65,3048.41,-3.73,0,1.058690
2021-08-14 00:00:00+00:00,3048.41,3323.20,9.01,0,1.109701
2021-08-15 00:00:00+00:00,3323.20,3268.55,-1.64,0,1.069261
2021-08-16 00:00:00+00:00,3268.55,3309.75,1.26,0,1.082440
2021-08-17 00:00:00+00:00,3309.75,3153.58,-4.72,0,1.053563
2021-08-18 00:00:00+00:00,3153.58,3007.14,-4.64,0,1.053789
2021-08-19 00:00:00+00:00,3007.14,3037.23,1.00,0,1.081328
2021-08-20 00:00:00+00:00,3037.23,3144.82,3.54,0,1.091620
2021-08-21 00:00:00+00:00,3144.82,3276.97,4.20,0,1.094175
2021-08-22 00:00:00+00:00,3276.97,3224.00,-1.62,0,1.069386
2021-08-23 00:00:00+00:00,3224.00,3243.49,0.60,0,1.079586
2021-08-24 00:00:00+00:00,3243.49,3320.41,2.37,0,1.087071
2021-08-25 00:00:00+00:00,3320.41,3177.66,-4.30,0,1.055550
2021-08-26 00:00:00+00:00,3177.66,3231.44,1.69,0,1.084279
2021-08-27 00:00:00+00:00,3231.44,3122.97,-3.36,0,1.060645
2021-08-28 00:00:00+00:00,3122.97,3267.54,4.63,0,1.095727
2021-08-29 00:00:00+00:00,3267.54,3245.43,-0.68,0,1.073839
2021-08-30 00:00:00+00:00,3245.43,3233.38,-0.37,0,1.075239
2021-08-31 00:00:00+00:00,3233.38,3232.73,-0.02,0,1.076833
2021-09-01 00:00:00+00:00,3232.73,3440.56,6.43,0,1.101922
2021-09-02 00:00:00+00:00,3440.56,3790.61,10.17,0,1.113030
2021-09-03 00:00:00+00:00,3790.61,3793.30,0.07,0,1.077241
2021-09-04 00:00:00+00:00,3793.30,3936.16,3.77,0,1.092454
2021-09-05 00:00:00+00:00,3936.16,3894.94,-1.05,0,1.072105
2021-09-06 00:00:00+00:00,3894.94,3950.27,1.42,0,1.083129
2021-09-07 00:00:00+00:00,3950.27,3943.26,-0.18,0,1.076121
2021-09-08 00:00:00+00:00,3943.26,3440.34,-12.75,186,1.001870
2021-09-09 00:00:00+00:00,3440.34,3496.86,1.64,0,1.084050
2021-09-10 00:00:00+00:00,3496.86,3435.98,-1.74,0,1.068754
2021-09-11 00:00:00+00:00,3435.98,3209.92,-6.58,0,1.042781
2021-09-12 00:00:00+00:00,3209.92,3268.10,1.81,0,1.084773
2021-09-13 00:00:00+00:00,3268.10,3417.84,4.58,0,1.095570
2021-09-14 00:00:00+00:00,3417.84,3301.19,-3.41,0,1.060281
2021-09-15 00:00:00+00:00,3301.19,3425.25,3.76,0,1.092535
2021-09-16 00:00:00+00:00,3425.25,3595.96,4.98,0,1.096927
2021-09-17 00:00:00+00:00,3595.96,3573.31,-0.63,0,1.074048
2021-09-18 00:00:00+00:00,3573.31,3412.18,-4.51,0,1.054654
2021-09-19 00:00:00+00:00,3412.18,3427.58,0.45,0,1.078942
2021-09-20 00:00:00+00:00,3427.58,3335.88,-2.68,0,1.064264
2021-09-21 00:00:00+00:00,3335.88,2977.32,-10.75,46,1.016484
2021-09-22 00:00:00+00:00,2977.32,2744.11,-7.83,0,1.035423
2021-09-23 00:00:00+00:00,2744.11,3074.12,12.03,0,1.117498
2021-09-24 00:00:00+00:00,3074.12,3159.27,2.77,0,1.088668
2021-09-25 00:00:00+00:00,3159.27,2930.74,-7.23,0,1.039423
2021-09-26 00:00:00+00:00,2930.74,2946.97,0.55,0,1.079387
2021-09-27 00:00:00+00:00,2946.97,3063.32,3.95,0,1.093169
2021-09-28 00:00:00+00:00,3063.32,2939.74,-4.03,0,1.057179
2021-09-29 00:00:00+00:00,2939.74,2798.98,-4.79,0,1.053074
2021-09-30 00:00:00+00:00,2798.98,2855.61,2.02,0,1.085637
2021-10-01 00:00:00+00:00,2855.61,3013.49,5.53,0,1.098853
2021-10-02 00:00:00+00:00,3013.49,3305.11,9.68,0,1.111532
2021-10-03 00:00:00+00:00,3305.11,3393.92,2.69,0,1.088302
2021-10-04 00:00:00+00:00,3393.92,3426.39,0.96,0,1.081132
2021-10-05 00:00:00+00:00,3426.39,3390.31,-1.05,0,1.072053
2021-10-06 00:00:00+00:00,3390.31,3520.34,3.84,0,1.092782
2021-10-07 00:00:00+00:00,3520.34,3592.18,2.04,0,1.085719
2021-10-08 00:00:00+00:00,3592.18,3594.92,0.08,0,1.077266
2021-10-09 00:00:00+00:00,3594.92,3558.55,-1.01,0,1.072224
2021-10-10 00:00:00+00:00,3558.55,3588.08,0.83,0,1.080569
2021-10-11 00:00:00+00:00,3588.08,3431.02,-4.38,0,1.055192
2021-10-12 00:00:00+00:00,3431.02,3537.84,3.11,0,1.089982
2021-10-13 00:00:00+00:00,3537.84,3498.11,-1.12,0,1.071708
2021-10-14 00:00:00+00:00,3498.11,3605.65,3.07,0,1.089846
2021-10-15 00:00:00+00:00,3605.65,3794.52,5.24,0,1.097769
2021-10-16 00:00:00+00:00,3794.52,3885.64,2.40,0,1.087191
2021-10-17 00:00:00+00:00,3885.64,3854.50,-0.80,0,1.073233
2021-10-18 00:00:00+00:00,3854.50,3854.22,-0.01,0,1.076891
2021-10-19 00:00:00+00:00,3854.22,3752.62,-2.64,0,1.064371
2021-10-20 00:00:00+00:00,3752.62,3884.59,3.52,0,1.091500
2021-10-21 00:00:00+00:00,3884.59,4170.11,7.35,0,1.104812
2021-10-22 00:00:00+00:00,4170.11,4074.86,-2.28,0,1.066010
2021-10-23 00:00:00+00:00,4074.86,3990.71,-2.07,0,1.067128
2021-10-24 00:00:00+00:00,3990.71,4179.44,4.73,0,1.096082
2021-10-25 00:00:00+00:00,4179.44,4094.94,-2.02,0,1.067483
2021-10-26 00:00:00+00:00,4094.94,4230.21,3.30,0,1.090775
2021-10-27 00:00:00+00:00,4230.21,4152.57,-1.84,0,1.068340
2021-10-28 00:00:00+00:00,4152.57,3944.09,-5.02,0,1.051642
2021-10-29 00:00:00+00:00,3944.09,4288.10,8.72,0,1.108990
2021-10-30 00:00:00+00:00,4288.10,4422.94,3.14,0,1.090121
2021-10-31 00:00:00+00:00,4422.94,4324.61,-2.22,0,1.066413
2021-11-01 00:00:00+00:00,4324.61,4292.04,-0.75,0,1.073473
2021-11-02 00:00:00+00:00,4292.04,4330.55,0.90,0,1.080885
2021-11-03 00:00:00+00:00,4330.55,4596.59,6.14,0,1.100963
2021-11-04 00:00:00+00:00,4596.59,4607.70,0.24,0,1.078007
2021-11-05 00:00:00+00:00,4607.70,4550.01,-1.25,0,1.071108
2021-11-06 00:00:00+00:00,4550.01,4494.80,-1.21,0,1.071279
2021-11-07 00:00:00+00:00,4494.80,4527.10,0.72,0,1.080117
2021-11-08 00:00:00+00:00,4527.10,4626.63,2.20,0,1.086304
2021-11-09 00:00:00+00:00,4626.63,4815.00,4.07,0,1.093629
2021-11-10 00:00:00+00:00,4815.00,4742.08,-1.51,0,1.069803
2021-11-11 00:00:00+00:00,4742.08,4641.53,-2.12,0,1.066947
2021-11-12 00:00:00+00:00,4641.53,4732.92,1.97,0,1.085432
2021-11-13 00:00:00+00:00,4732.92,4685.11,-1.01,0,1.072285
2021-11-14 00:00:00+00:00,4685.11,4666.50,-0.40,0,1.075113
2021-11-15 00:00:00+00:00,4666.50,4652.95,-0.29,0,1.075599
2021-11-16 00:00:00+00:00,4652.95,4583.21,-1.50,0,1.069964
2021-11-17 00:00:00+00:00,4583.21,4243.35,-7.42,0,1.037780
2021-11-18 00:00:00+00:00,4243.35,4302.80,1.40,0,1.083030
2021-11-19 00:00:00+00:00,4302.80,3993.85,-7.18,0,1.039132
2021-11-20 00:00:00+00:00,3993.85,4317.60,8.11,0,1.107115
2021-11-21 00:00:00+00:00,4317.60,4436.19,2.75,0,1.088555
2021-11-22 00:00:00+00:00,4436.19,4319.36,-2.63,0,1.064284
2021-11-23 00:00:00+00:00,4319.36,4101.06,-5.05,0,1.051921
2021-11-24 00:00:00+00:00,4101.06,4355.42,6.20,0,1.101165
2021-11-25 00:00:00+00:00,4355.42,4269.44,-1.97,0,1.067626
2021-11-26 00:00:00+00:00,4269.44,4515.84,5.77,0,1.099770
2021-11-27 00:00:00+00:00,4515.84,4048.31,-10.35,24,1.019188
2021-11-28 00:00:00+00:00,4048.31,4084.09,0.88,0,1.080855
2021-11-29 00:00:00+00:00,4084.09,4290.09,5.04,0,1.097135
2021-11-30 00:00:00+00:00,4290.09,4444.53,3.60,0,1.091857
2021-12-01 00:00:00+00:00,4444.53,4637.12,4.33,0,1.094574
2021-12-02 00:00:00+00:00,4637.12,4589.61,-1.02,0,1.072202
2021-12-03 00:00:00+00:00,4589.61,4519.44,-1.53,0,1.069832
2021-12-04 00:00:00+00:00,4519.44,4240.16,-6.18,0,1.045072
2021-12-05 00:00:00+00:00,4240.16,4101.66,-3.27,0,1.061163
2021-12-06 00:00:00+00:00,4101.66,4198.57,2.36,0,1.087073
2021-12-07 00:00:00+00:00,4198.57,4347.62,3.55,0,1.091674
2021-12-08 00:00:00+00:00,4347.62,4310.57,-0.85,0,1.073008
2021-12-09 00:00:00+00:00,4310.57,4431.54,2.81,0,1.088777
2021-12-10 00:00:00+00:00,4431.54,4153.33,-6.28,0,1.044237
2021-12-11 00:00:00+00:00,4153.33,3918.20,-5.66,0,1.048122
2021-12-12 00:00:00+00:00,3918.20,4079.81,4.12,0,1.093853
2021-12-13 00:00:00+00:00,4079.81,4135.84,1.37,0,1.082938
2021-12-14 00:00:00+00:00,4135.84,3782.90,-8.53,0,1.030997
2021-12-15 00:00:00+00:00,3782.90,3858.16,1.99,0,1.085539
2021-12-16 00:00:00+00:00,3858.16,4015.72,4.08,0,1.093710
2021-12-17 00:00:00+00:00,4015.72,3971.56,-1.10,0,1.071837
2021-12-18 00:00:00+00:00,3971.56,3886.75,-2.14,0,1.066842
2021-12-19 00:00:00+00:00,3886.75,3966.43,2.05,0,1.085751
2021-12-20 00:00:00+00:00,3966.43,3928.84,-0.95,0,1.072563
2021-12-21 00:00:00+00:00,3928.84,3950.48,0.55,0,1.079378
2021-12-22 00:00:00+00:00,3950.48,4036.55,2.18,0,1.086251
2021-12-23 00:00:00+00:00,4036.55,3992.59,-1.09,0,1.071897
2021-12-24 00:00:00+00:00,3992.59,4113.53,3.03,0,1.089681
2021-12-25 00:00:00+00:00,4113.53,4055.12,-1.42,0,1.070315
2021-12-26 00:00:00+00:00,4055.12,4110.57,1.37,0,1.082913
2021-12-27 00:00:00+00:00,4110.57,4075.03,-0.86,0,1.072949
2021-12-28 00:00:00+00:00,4075.03,4045.05,-0.74,0,1.073532
2021-12-29 00:00:00+00:00,4045.05,3807.36,-5.88,0,1.046941
2021-12-30 00:00:00+00:00,3807.36,3644.41,-4.28,0,1.055750
2021-12-31 00:00:00+00:00,3644.41,3714.95,1.94,0,1.085278
2022-01-01 00:00:00+00:00,3714.95,3686.40,-0.77,0,1.073398
2022-01-02 00:00:00+00:00,3686.40,3780.32,2.55,0,1.087765
2022-01-03 00:00:00+00:00,3780.32,3835.40,1.46,0,1.083273
2022-01-04 00:00:00+00:00,3835.40,3769.40,-1.72,0,1.068847
2022-01-05 00:00:00+00:00,3769.40,3794.91,0.68,0,1.079933
2022-01-06 00:00:00+00:00,3794.91,3556.91,-6.27,0,1.044584
2022-01-07 00:00:00+00:00,3556.91,3416.83,-3.94,0,1.057606
2022-01-08 00:00:00+00:00,3416.83,3201.79,-6.29,0,1.044392
2022-01-09 00:00:00+00:00,3201.79,3101.04,-3.15,0,1.061638
2022-01-10 00:00:00+00:00,3101.04,3156.97,1.80,0,1.084737
2022-01-11 00:00:00+00:00,3156.97,3086.73,-2.22,0,1.066420
2022-01-12 00:00:00+00:00,3086.73,3246.41,5.17,0,1.097639
2022-01-13 00:00:00+00:00,3246.41,3378.04,4.05,0,1.093511
2022-01-14 00:00:00+00:00,3378.04,3256.76,-3.59,0,1.059498
2022-01-15 00:00:00+00:00,3256.76,3311.99,1.70,0,1.084321
2022-01-16 00:00:00+00:00,3311.99,3331.25,0.58,0,1.079516
2022-01-17 00:00:00+00:00,3331.25,3356.30,0.75,0,1.080264
2022-01-18 00:00:00+00:00,3356.30,3216.59,-4.16,0,1.056390
2022-01-19 00:00:00+00:00,3216.59,3166.45,-1.56,0,1.069664
2022-01-20 00:00:00+00:00,3166.45,3097.02,-2.19,0,1.066473
2022-01-21 00:00:00+00:00,3097.02,3015.59,-2.63,0,1.064274
2022-01-22 00:00:00+00:00,3015.59,2564.34,-14.96,394,0.984721
2022-01-23 00:00:00+00:00,2564.34,2407.38,-6.12,0,1.045632
2022-01-24 00:00:00+00:00,2407.38,2537.84,5.42,0,1.098486
2022-01-25 00:00:00+00:00,2537.84,2447.83,-3.55,0,1.059642
2022-01-26 00:00:00+00:00,2447.83,2465.22,0.71,0,1.080081
2022-01-27 00:00:00+00:00,2465.22,2470.43,0.21,0,1.077875
2022-01-28 00:00:00+00:00,2470.43,2411.86,-2.37,0,1.065642
2022-01-29 00:00:00+00:00,2411.86,2551.11,5.77,0,1.099741
2022-01-30 00:00:00+00:00,2551.11,2603.60,2.06,0,1.085805
2022-01-31 00:00:00+00:00,2603.60,2610.18,0.25,0,1.078057
2022-02-01 00:00:00+00:00,2610.18,2689.22,3.03,0,1.089628
2022-02-02 00:00:00+00:00,2689.22,2797.43,4.02,0,1.093426
2022-02-03 00:00:00+00:00,2797.43,2690.32,-3.83,0,1.058218
2022-02-04 00:00:00+00:00,2690.32,2667.26,-0.86,0,1.072999
2022-02-05 00:00:00+00:00,2667.26,2993.10,12.22,0,1.117777
2022-02-06 00:00:00+00:00,2993.10,3018.67,0.85,0,1.080685
2022-02-07 00:00:00+00:00,3018.67,3062.81,1.46,0,1.083290
2022-02-08 00:00:00+00:00,3062.81,3149.95,2.85,0,1.088935
2022-02-09 00:00:00+00:00,3149.95,3127.44,-0.71,0,1.073637
2022-02-10 00:00:00+00:00,3127.44,3240.92,3.63,0,1.092011
2022-02-11 00:00:00+00:00,3240.92,3081.91,-4.91,0,1.052109
2022-02-12 00:00:00+00:00,3081.91,2930.56,-4.91,0,1.052201
2022-02-13 00:00:00+00:00,2930.56,2918.09,-0.43,0,1.074979
2022-02-14 00:00:00+00:00,2918.09,2889.24,-0.99,0,1.072389
2022-02-15 00:00:00+00:00,2889.24,2935.65,1.61,0,1.083897
2022-02-16 00:00:00+00:00,2935.65,3179.30,8.30,0,1.107681
2022-02-17 00:00:00+00:00,3179.30,3128.64,-1.59,0,1.069421
2022-02-18 00:00:00+00:00,3128.64,2881.61,-7.90,0,1.034796
2022-02-19 00:00:00+00:00,2881.61,2792.30,-3.10,0,1.061907
2022-02-20 00:00:00+00:00,2792.30,2768.97,-0.84,0,1.073103
2022-02-21 00:00:00+00:00,2768.97,2632.49,-4.93,0,1.052183
2022-02-22 00:00:00+00:00,2632.49,2574.51,-2.20,0,1.066519
2022-02-23 00:00:00+00:00,2574.51,2644.15,2.70,0,1.088382
2022-02-24 00:00:00+00:00,2644.15,2594.70,-1.87,0,1.068115
2022-02-25 00:00:00+00:00,2594.70,2599.93,0.20,0,1.077834
2022-02-26 00:00:00+00:00,2599.93,2771.89,6.61,0,1.102477
2022-02-27 00:00:00+00:00,2771.89,2785.34,0.49,0,1.079081
2022-02-28 00:00:00+00:00,2785.34,2629.48,-5.60,0,1.048278
2022-03-01 00:00:00+00:00,2629.48,2919.29,11.02,0,1.115105
2022-03-02 00:00:00+00:00,2919.29,2977.28,1.99,0,1.085494
2022-03-03 00:00:00+00:00,2977.28,2953.32,-0.80,0,1.073227
2022-03-04 00:00:00+00:00,2953.32,2836.91,-3.94,0,1.057491
2022-03-05 00:00:00+00:00,2836.91,2619.36,-7.67,0,1.035933
2022-03-06 00:00:00+00:00,2619.36,2668.71,1.88,0,1.085060
2022-03-07 00:00:00+00:00,2668.71,2558.36,-4.13,0,1.056530
2022-03-08 00:00:00+00:00,2558.36,2498.66,-2.33,0,1.065872
2022-03-09 00:00:00+00:00,2498.66,2576.63,3.12,0,1.090012
2022-03-10 00:00:00+00:00,2576.63,2731.04,5.99,0,1.100448
2022-03-11 00:00:00+00:00,2731.04,2611.46,-4.38,0,1.055257
2022-03-12 00:00:00+00:00,2611.46,2562.83,-1.86,0,1.068166
2022-03-13 00:00:00+00:00,2562.83,2579.46,0.65,0,1.079792
2022-03-14 00:00:00+00:00,2579.46,2518.49,-2.36,0,1.065638
2022-03-15 00:00:00+00:00,2518.49,2591.54,2.90,0,1.089223
2022-03-16 00:00:00+00:00,2591.54,2620.36,1.11,0,1.081822
2022-03-17 00:00:00+00:00,2620.36,2771.76,5.78,0,1.099678
2022-03-18 00:00:00+00:00,2771.76,2817.40,1.65,0,1.084097
2022-03-19 00:00:00+00:00,2817.40,2945.75,4.56,0,1.095428
2022-03-20 00:00:00+00:00,2945.75,2947.23,0.05,0,1.077149
2022-03-21 00:00:00+00:00,2947.23,2860.64,-2.94,0,1.062774
2022-03-22 00:00:00+00:00,2860.64,2896.59,1.26,0,1.082432
2022-03-23 00:00:00+00:00,2896.59,2969.78,2.53,0,1.087701
2022-03-24 00:00:00+00:00,2969.78,3028.84,1.99,0,1.085526
2022-03-25 00:00:00+00:00,3028.84,3106.66,2.57,0,1.087857
2022-03-26 00:00:00+00:00,3106.66,3106.07,-0.02,0,1.076838
2022-03-27 00:00:00+00:00,3106.07,3140.88,1.12,0,1.081852
2022-03-28 00:00:00+00:00,3140.88,3285.17,4.59,0,1.095567
2022-03-29 00:00:00+00:00,3285.17,3328.93,1.33,0,1.082744
2022-03-30 00:00:00+00:00,3328.93,3401.18,2.17,0,1.086299
2022-03-31 00:00:00+00:00,3401.18,3383.79,-0.51,0,1.074596
2022-04-01 00:00:00+00:00,3383.79,3283.30,-2.97,0,1.062685
2022-04-02 00:00:00+00:00,3283.30,3451.20,5.11,0,1.097437
2022-04-03 00:00:00+00:00,3451.20,3440.34,-0.31,0,1.075500
2022-04-04 00:00:00+00:00,3440.34,3521.58,2.36,0,1.086994
2022-04-05 00:00:00+00:00,3521.58,3520.97,-0.02,0,1.076844
2022-04-06 00:00:00+00:00,3520.97,3422.97,-2.78,0,1.063622
2022-04-07 00:00:00+00:00,3422.97,3171.37,-7.35,0,1.038383
2022-04-08 00:00:00+00:00,3171.37,3232.83,1.94,0,1.085326
2022-04-09 00:00:00+00:00,3232.83,3192.03,-1.26,0,1.071084
2022-04-10 00:00:00+00:00,3192.03,3265.94,2.32,0,1.086827
2022-04-11 00:00:00+00:00,3265.94,3219.16,-1.43,0,1.070217
2022-04-12 00:00:00+00:00,3219.16,2992.70,-7.03,0,1.039950
2022-04-13 00:00:00+00:00,2992.70,3038.21,1.52,0,1.083545
2022-04-14 00:00:00+00:00,3038.21,3121.40,2.74,0,1.088487
2022-04-15 00:00:00+00:00,3121.40,3023.42,-3.14,0,1.061650
2022-04-16 00:00:00+00:00,3023.42,3045.43,0.73,0,1.080151
2022-04-17 00:00:00+00:00,3045.43,3066.36,0.69,0,1.079983
2022-04-18 00:00:00+00:00,3066.36,2995.72,-2.30,0,1.066026
2022-04-19 00:00:00+00:00,2995.72,3061.89,2.21,0,1.086399
2022-04-20 00:00:00+00:00,3061.89,3104.69,1.40,0,1.083020
2022-04-21 00:00:00+00:00,3104.69,3079.68,-0.81,0,1.073224
2022-04-22 00:00:00+00:00,3079.68,2987.49,-2.99,0,1.062495
2022-04-23 00:00:00+00:00,2987.49,2967.09,-0.68,0,1.073793
2022-04-24 00:00:00+00:00,2967.09,2940.69,-0.89,0,1.072832
2022-04-25 00:00:00+00:00,2940.69,2922.90,-0.60,0,1.074169
2022-04-26 00:00:00+00:00,2922.90,3008.34,2.92,0,1.089226
2022-04-27 00:00:00+00:00,3008.34,2806.75,-6.70,0,1.041996
2022-04-28 00:00:00+00:00,2806.75,2889.59,2.95,0,1.089358
2022-04-29 00:00:00+00:00,2889.59,2932.46,1.48,0,1.083415
2022-04-30 00:00:00+00:00,2932.46,2817.49,-3.92,0,1.057613
2022-05-01 00:00:00+00:00,2817.49,2738.17,-2.82,0,1.063362
2022-05-02 00:00:00+00:00,2738.17,2832.51,3.45,0,1.091275
2022-05-03 00:00:00+00:00,2832.51,2861.37,1.02,0,1.081415
2022-05-04 00:00:00+00:00,2861.37,2786.05,-2.63,0,1.064287
2022-05-05 00:00:00+00:00,2786.05,2942.05,5.60,0,1.099018
2022-05-06 00:00:00+00:00,2942.05,2753.94,-6.39,0,1.043855
2022-05-07 00:00:00+00:00,2753.94,2699.71,-1.97,0,1.067634
2022-05-08 00:00:00+00:00,2699.71,2641.23,-2.17,0,1.066714
2022-05-09 00:00:00+00:00,2641.23,2517.83,-4.67,0,1.053562
2022-05-10 00:00:00+00:00,2517.83,2249.89,-10.64,44,1.016966
2022-05-11 00:00:00+00:00,2249.89,2344.80,4.22,0,1.094208
2022-05-12 00:00:00+00:00,2344.80,2080.91,-11.25,78,1.012493
2022-05-13 00:00:00+00:00,2080.91,1966.70,-5.49,0,1.049069
2022-05-14 00:00:00+00:00,1966.70,2010.21,2.21,0,1.086409
2022-05-15 00:00:00+00:00,2010.21,2064.23,2.69,0,1.088335
2022-05-16 00:00:00+00:00,2064.23,2147.05,4.01,0,1.093494
2022-05-17 00:00:00+00:00,2147.05,2025.89,-5.64,0,1.048155
2022-05-18 00:00:00+00:00,2025.89,2095.18,3.42,0,1.091172
2022-05-19 00:00:00+00:00,2095.18,1915.18,-8.59,0,1.029878
2022-05-20 00:00:00+00:00,1915.18,2023.85,5.67,0,1.099353
2022-05-21 00:00:00+00:00,2023.85,1963.99,-2.96,0,1.062563
2022-05-22 00:00:00+00:00,1963.99,1978.15,0.72,0,1.080120
2022-05-23 00:00:00+00:00,1978.15,2046.65,3.46,0,1.091351
2022-05-24 00:00:00+00:00,2046.65,1974.58,-3.52,0,1.059843
2022-05-25 00:00:00+00:00,1974.58,1979.77,0.26,0,1.078109
2022-05-26 00:00:00+00:00,1979.77,1944.84,-1.76,0,1.068657
2022-05-27 00:00:00+00:00,1944.84,1807.97,-7.04,0,1.040336
2022-05-28 00:00:00+00:00,1807.97,1724.88,-4.60,0,1.053976
2022-05-29 00:00:00+00:00,1724.88,1798.69,4.28,0,1.094414
2022-05-30 00:00:00+00:00,1798.69,1814.98,0.91,0,1.080917
2022-05-31 00:00:00+00:00,1814.98,1995.94,9.97,0,1.112290
2022-06-01 00:00:00+00:00,1995.94,1944.08,-2.60,0,1.064541
2022-06-02 00:00:00+00:00,1944.08,1828.89,-5.92,0,1.046539
2022-06-03 00:00:00+00:00,1828.89,1833.09,0.23,0,1.077954
2022-06-04 00:00:00+00:00,1833.09,1776.98,-3.06,0,1.062102
2022-06-05 00:00:00+00:00,1776.98,1804.26,1.54,0,1.083603
2022-06-06 00:00:00+00:00,1804.26,1805.33,0.06,0,1.077191
2022-06-07 00:00:00+00:00,1805.33,1860.18,3.04,0,1.089706
2022-06-08 00:00:00+00:00,1860.18,1818.39,-2.25,0,1.066335
2022-06-09 00:00:00+00:00,1818.39,1794.54,-1.31,0,1.070846
2022-06-10 00:00:00+00:00,1794.54,1788.42,-0.34,0,1.075371
2022-06-11 00:00:00+00:00,1788.42,1663.84,-6.97,0,1.040751
2022-06-12 00:00:00+00:00,1663.84,1530.04,-8.04,0,1.033963
2022-06-13 00:00:00+00:00,1530.04,1454.69,-4.92,0,1.052361
2022-06-14 00:00:00+00:00,1454.69,1205.60,-17.12,500,0.968908
2022-06-15 00:00:00+00:00,1205.60,1214.87,0.77,0,1.080320
2022-06-16 00:00:00+00:00,1214.87,1230.36,1.28,0,1.082503
2022-06-17 00:00:00+00:00,1230.36,1068.60,-13.15,207,0.999293
2022-06-18 00:00:00+00:00,1068.60,1087.81,1.80,0,1.084703
2022-06-19 00:00:00+00:00,1087.81,995.25,-8.51,0,1.030616
2022-06-20 00:00:00+00:00,995.25,1125.75,13.11,0,1.119771
2022-06-21 00:00:00+00:00,1125.75,1132.05,0.56,0,1.079426
2022-06-22 00:00:00+00:00,1132.05,1124.56,-0.66,0,1.073894
2022-06-23 00:00:00+00:00,1124.56,1051.07,-6.53,0,1.043138
2022-06-24 00:00:00+00:00,1051.07,1144.48,8.89,0,1.109354
2022-06-25 00:00:00+00:00,1144.48,1229.30,7.41,0,1.104965
2022-06-26 00:00:00+00:00,1229.30,1244.29,1.22,0,1.082268
2022-06-27 00:00:00+00:00,1244.29,1201.24,-3.46,0,1.060147
2022-06-28 00:00:00+00:00,1201.24,1194.22,-0.58,0,1.074270
2022-06-29 00:00:00+00:00,1194.22,1143.53,-4.24,0,1.055972
2022-06-30 00:00:00+00:00,1143.53,1098.91,-3.90,0,1.057752
2022-07-01 00:00:00+00:00,1098.91,1057.63,-3.76,0,1.058563
2022-07-02 00:00:00+00:00,1057.63,1068.82,1.06,0,1.081591
2022-07-03 00:00:00+00:00,1068.82,1068.54,-0.03,0,1.076806
2022-07-04 00:00:00+00:00,1068.54,1074.61,0.57,0,1.079454
2022-07-05 00:00:00+00:00,1074.61,1153.35,7.33,0,1.104706
2022-07-06 00:00:00+00:00,1153.35,1134.02,-1.68,0,1.069035
2022-07-07 00:00:00+00:00,1134.02,1188.73,4.82,0,1.096385
2022-07-08 00:00:00+00:00,1188.73,1240.38,4.34,0,1.094694
2022-07-09 00:00:00+00:00,1240.38,1233.51,-0.55,0,1.074413
2022-07-10 00:00:00+00:00,1233.51,1216.85,-1.35,0,1.070646
2022-07-11 00:00:00+00:00,1216.85,1169.01,-3.93,0,1.057428
2022-07-12 00:00:00+00:00,1169.01,1097.45,-6.12,0,1.045494
2022-07-13 00:00:00+00:00,1097.45,1040.80,-5.16,0,1.050899
2022-07-14 00:00:00+00:00,1040.80,1112.92,6.93,0,1.103561
2022-07-15 00:00:00+00:00,1112.92,1191.13,7.03,0,1.103815
2022-07-16 00:00:00+00:00,1191.13,1234.10,3.61,0,1.091898
2022-07-17 00:00:00+00:00,1234.10,1355.05,9.80,0,1.111727
2022-07-18 00:00:00+00:00,1355.05,1344.72,-0.76,0,1.073422
2022-07-19 00:00:00+00:00,1344.72,1570.66,16.80,0,1.127420
2022-07-20 00:00:00+00:00,1570.66,1542.63,-1.78,0,1.068667
2022-07-21 00:00:00+00:00,1542.63,1527.41,-0.99,0,1.072383
2022-07-22 00:00:00+00:00,1527.41,1576.83,3.23,0,1.090437
2022-07-23 00:00:00+00:00,1576.83,1536.12,-2.58,0,1.064628
2022-07-24 00:00:00+00:00,1536.12,1552.50,1.07,0,1.081601
2022-07-25 00:00:00+00:00,1552.50,1601.21,3.14,0,1.090101
2022-07-26 00:00:00+00:00,1601.21,1450.48,-9.41,0,1.025399
2022-07-27 00:00:00+00:00,1450.48,1438.99,-0.79,0,1.073295
2022-07-28 00:00:00+00:00,1438.99,1636.95,13.76,0,1.121316
2022-07-29 00:00:00+00:00,1636.95,1723.55,5.29,0,1.098039
2022-07-30 00:00:00+00:00,1723.55,1739.04,0.90,0,1.080892
2022-07-31 00:00:00+00:00,1739.04,1696.79,-2.43,0,1.065387
2022-08-01 00:00:00+00:00,1696.79,1682.01,-0.87,0,1.072929
2022-08-02 00:00:00+00:00,1682.01,1636.02,-2.73,0,1.063847
2022-08-03 00:00:00+00:00,1636.02,1638.38,0.14,0,1.077571
2022-08-04 00:00:00+00:00,1638.38,1621.34,-1.04,0,1.072116
2022-08-05 00:00:00+00:00,1621.34,1612.42,-0.55,0,1.074406
2022-08-06 00:00:00+00:00,1612.42,1725.38,7.01,0,1.103775
2022-08-07 00:00:00+00:00,1725.38,1693.30,-1.86,0,1.068220
2022-08-08 00:00:00+00:00,1693.30,1699.01,0.34,0,1.078437
2022-08-09 00:00:00+00:00,1699.01,1775.70,4.51,0,1.095346
2022-08-10 00:00:00+00:00,1775.70,1698.97,-4.32,0,1.055513
2022-08-11 00:00:00+00:00,1698.97,1852.88,9.06,0,1.109881
2022-08-12 00:00:00+00:00,1852.88,1881.43,1.54,0,1.083605
2022-08-13 00:00:00+00:00,1881.43,1959.33,4.14,0,1.093840
2022-08-14 00:00:00+00:00,1959.33,1982.41,1.18,0,1.082105
2022-08-15 00:00:00+00:00,1982.41,1936.70,-2.31,0,1.066022
2022-08-16 00:00:00+00:00,1936.70,1908.28,-1.47,0,1.070033
2022-08-17 00:00:00+00:00,1908.28,1880.60,-1.45,0,1.070174
2022-08-18 00:00:00+00:00,1880.60,1834.83,-2.43,0,1.065278
2022-08-19 00:00:00+00:00,1834.83,1850.11,0.83,0,1.080608
2022-08-20 00:00:00+00:00,1850.11,1618.53,-12.52,158,1.004009
2022-08-21 00:00:00+00:00,1618.53,1579.42,-2.42,0,1.065457
2022-08-22 00:00:00+00:00,1579.42,1624.15,2.83,0,1.088916
2022-08-23 00:00:00+00:00,1624.15,1622.31,-0.11,0,1.076413
2022-08-24 00:00:00+00:00,1622.31,1665.79,2.68,0,1.088271
2022-08-25 00:00:00+00:00,1665.79,1657.79,-0.48,0,1.074734
2022-08-26 00:00:00+00:00,1657.79,1697.08,2.37,0,1.087013
2022-08-27 00:00:00+00:00,1697.08,1510.19,-11.01,55,1.014205
2022-08-28 00:00:00+00:00,1510.19,1496.06,-0.94,0,1.072612
2022-08-29 00:00:00+00:00,1496.06,1438.75,-3.83,0,1.058165
2022-08-30 00:00:00+00:00,1438.75,1555.18,8.09,0,1.107158
2022-08-31 00:00:00+00:00,1555.18,1525.40,-1.91,0,1.067904
2022-09-01 00:00:00+00:00,1525.40,1552.56,1.78,0,1.084627
2022-09-02 00:00:00+00:00,1552.56,1588.98,2.35,0,1.086918
2022-09-03 00:00:00+00:00,1588.98,1575.18,-0.87,0,1.072942
2022-09-04 00:00:00+00:00,1575.18,1555.67,-1.24,0,1.071173
2022-09-05 00:00:00+00:00,1555.67,1578.95,1.50,0,1.083456
2022-09-06 00:00:00+00:00,1578.95,1617.94,2.47,0,1.087446
2022-09-07 00:00:00+00:00,1617.94,1564.56,-3.30,0,1.061130
2022-09-08 00:00:00+00:00,1564.56,1629.88,4.18,0,1.094068
2022-09-09 00:00:00+00:00,1629.88,1635.93,0.37,0,1.078587
2022-09-10 00:00:00+00:00,1635.93,1717.08,4.96,0,1.096900
2022-09-11 00:00:00+00:00,1717.08,1779.52,3.64,0,1.091960
2022-09-12 00:00:00+00:00,1779.52,1761.32,-1.02,0,1.072210
2022-09-13 00:00:00+00:00,1761.32,1710.16,-2.90,0,1.062932
2022-09-14 00:00:00+00:00,1710.16,1573.21,-8.01,0,1.033884
2022-09-15 00:00:00+00:00,1573.21,1635.37,3.95,0,1.093201
2022-09-16 00:00:00+00:00,1635.37,1472.00,-9.99,15,1.020971
2022-09-17 00:00:00+00:00,1472.00,1432.22,-2.70,0,1.063959
2022-09-18 00:00:00+00:00,1432.22,1471.20,2.72,0,1.088496
2022-09-19 00:00:00+00:00,1471.20,1335.85,-9.20,0,1.026131
2022-09-20 00:00:00+00:00,1335.85,1379.92,3.30,0,1.090713
2022-09-21 00:00:00+00:00,1379.92,1324.19,-4.04,0,1.056959
2022-09-22 00:00:00+00:00,1324.19,1252.77,-5.39,0,1.049562
2022-09-23 00:00:00+00:00,1252.77,1330.79,6.23,0,1.101244
2022-09-24 00:00:00+00:00,1330.79,1329.56,-0.09,0,1.076503
2022-09-25 00:00:00+00:00,1329.56,1318.10,-0.86,0,1.072956
2022-09-26 00:00:00+00:00,1318.10,1294.08,-1.82,0,1.068433
2022-09-27 00:00:00+00:00,1294.08,1335.12,3.17,0,1.090292
2022-09-28 00:00:00+00:00,1335.12,1331.15,-0.30,0,1.075566
2022-09-29 00:00:00+00:00,1331.15,1340.02,0.67,0,1.079868
2022-09-30 00:00:00+00:00,1340.02,1335.74,-0.32,0,1.075472
2022-10-01 00:00:00+00:00,1335.74,1329.15,-0.49,0,1.074678
2022-10-02 00:00:00+00:00,1329.15,1311.26,-1.35,0,1.070699
2022-10-03 00:00:00+00:00,1311.26,1277.90,-2.54,0,1.064769
2022-10-04 00:00:00+00:00,1277.90,1323.50,3.57,0,1.091698
2022-10-05 00:00:00+00:00,1323.50,1363.24,3.00,0,1.089530
2022-10-06 00:00:00+00:00,1363.24,1352.59,-0.78,0,1.073338
2022-10-07 00:00:00+00:00,1352.59,1351.43,-0.09,0,1.076535
2022-10-08 00:00:00+00:00,1351.43,1324.89,-1.96,0,1.067659
2022-10-09 00:00:00+00:00,1324.89,1315.86,-0.68,0,1.073789
2022-10-10 00:00:00+00:00,1315.86,1322.27,0.49,0,1.079092
2022-10-11 00:00:00+00:00,1322.27,1291.08,-2.36,0,1.065700
2022-10-12 00:00:00+00:00,1291.08,1279.88,-0.87,0,1.072932
2022-10-13 00:00:00+00:00,1279.88,1294.27,1.12,0,1.081873
2022-10-14 00:00:00+00:00,1294.27,1288.16,-0.47,0,1.074765
2022-10-15 00:00:00+00:00,1288.16,1297.63,0.73,0,1.080180
2022-10-16 00:00:00+00:00,1297.63,1275.69,-1.69,0,1.068992
2022-10-17 00:00:00+00:00,1275.69,1306.94,2.45,0,1.087372
2022-10-18 00:00:00+00:00,1306.94,1333.44,2.03,0,1.085647
2022-10-19 00:00:00+00:00,1333.44,1311.81,-1.62,0,1.069355
2022-10-20 00:00:00+00:00,1311.81,1284.65,-2.07,0,1.067120
2022-10-21 00:00:00+00:00,1284.65,1282.04,-0.20,0,1.075997
2022-10-22 00:00:00+00:00,1282.04,1299.80,1.39,0,1.082954
2022-10-23 00:00:00+00:00,1299.80,1313.77,1.07,0,1.081633
2022-10-24 00:00:00+00:00,1313.77,1364.49,3.86,0,1.092869
2022-10-25 00:00:00+00:00,1364.49,1343.33,-1.55,0,1.069739
2022-10-26 00:00:00+00:00,1343.33,1462.05,8.84,0,1.109127
2022-10-27 00:00:00+00:00,1462.05,1568.75,7.30,0,1.104751
2022-10-28 00:00:00+00:00,1568.75,1514.86,-3.43,0,1.060224
2022-10-29 00:00:00+00:00,1514.86,1555.03,2.65,0,1.088145
2022-10-30 00:00:00+00:00,1555.03,1619.43,4.14,0,1.093900
2022-10-31 00:00:00+00:00,1619.43,1591.05,-1.75,0,1.068696
2022-11-01 00:00:00+00:00,1591.05,1572.98,-1.14,0,1.071681
2022-11-02 00:00:00+00:00,1572.98,1580.38,0.47,0,1.079025
2022-11-03 00:00:00+00:00,1580.38,1520.64,-3.78,0,1.058412
2022-11-04 00:00:00+00:00,1520.64,1531.11,0.69,0,1.079977
2022-11-05 00:00:00+00:00,1531.11,1644.19,7.39,0,1.104930
2022-11-06 00:00:00+00:00,1644.19,1626.81,-1.06,0,1.072043
2022-11-07 00:00:00+00:00,1626.81,1572.95,-3.31,0,1.061030
2022-11-08 00:00:00+00:00,1572.95,1569.99,-0.19,0,1.076074
2022-11-09 00:00:00+00:00,1569.99,1334.29,-15.01,372,0.986469
2022-11-10 00:00:00+00:00,1334.29,1095.18,-17.92,500,0.960836
2022-11-11 00:00:00+00:00,1095.18,1301.55,18.84,0,1.129522
2022-11-12 00:00:00+00:00,1301.55,1293.91,-0.59,0,1.074233
2022-11-13 00:00:00+00:00,1293.91,1255.60,-2.96,0,1.062851
2022-11-14 00:00:00+00:00,1255.60,1223.01,-2.60,0,1.064593
2022-11-15 00:00:00+00:00,1223.01,1242.00,1.55,0,1.083655
2022-11-16 00:00:00+00:00,1242.00,1252.71,0.86,0,1.080741
2022-11-17 00:00:00+00:00,1252.71,1217.70,-2.79,0,1.063573
2022-11-18 00:00:00+00:00,1217.70,1201.79,-1.31,0,1.070881
2022-11-19 00:00:00+00:00,1201.79,1213.50,0.97,0,1.081222
2022-11-20 00:00:00+00:00,1213.50,1218.89,0.44,0,1.078912
2022-11-21 00:00:00+00:00,1218.89,1144.25,-6.12,0,1.045085
2022-11-22 00:00:00+00:00,1144.25,1110.29,-2.97,0,1.062603
2022-11-23 00:00:00+00:00,1110.29,1135.18,2.24,0,1.086571
2022-11-24 00:00:00+00:00,1135.18,1184.46,4.34,0,1.094682
2022-11-25 00:00:00+00:00,1184.46,1204.21,1.67,0,1.084149
2022-11-26 00:00:00+00:00,1204.21,1198.98,-0.43,0,1.074944
2022-11-27 00:00:00+00:00,1198.98,1205.66,0.56,0,1.079408
2022-11-28 00:00:00+00:00,1205.66,1196.20,-0.78,0,1.073325
2022-11-29 00:00:00+00:00,1196.20,1170.12,-2.18,0,1.066582
2022-11-30 00:00:00+00:00,1170.12,1216.94,4.00,0,1.093434
2022-12-01 00:00:00+00:00,1216.94,1298.94,6.74,0,1.102898
2022-12-02 00:00:00+00:00,1298.94,1276.64,-1.72,0,1.068874
2022-12-03 00:00:00+00:00,1276.64,1293.95,1.36,0,1.082853
2022-12-04 00:00:00+00:00,1293.95,1243.04,-3.93,0,1.057716
2022-12-05 00:00:00+00:00,1243.04,1282.42,3.17,0,1.090242
2022-12-06 00:00:00+00:00,1282.42,1259.76,-1.77,0,1.068670
2022-12-07 00:00:00+00:00,1259.76,1271.94,0.97,0,1.081174
2022-12-08 00:00:00+00:00,1271.94,1233.63,-3.01,0,1.062475
2022-12-09 00:00:00+00:00,1233.63,1281.21,3.86,0,1.092881
2022-12-10 00:00:00+00:00,1281.21,1264.48,-1.31,0,1.070878
2022-12-11 00:00:00+00:00,1264.48,1264.79,0.02,0,1.077036
2022-12-12 00:00:00+00:00,1264.79,1264.32,-0.04,0,1.076754
2022-12-13 00:00:00+00:00,1264.32,1275.33,0.87,0,1.080779
2022-12-14 00:00:00+00:00,1275.33,1319.41,3.46,0,1.091298
2022-12-15 00:00:00+00:00,1319.41,1308.40,-0.83,0,1.073093
2022-12-16 00:00:00+00:00,1308.40,1263.75,-3.41,0,1.060156
2022-12-17 00:00:00+00:00,1263.75,1165.97,-7.74,0,1.036081
2022-12-18 00:00:00+00:00,1165.97,1189.43,2.01,0,1.085606
2022-12-19 00:00:00+00:00,1189.43,1186.78,-0.22,0,1.075914
2022-12-20 00:00:00+00:00,1186.78,1166.99,-1.67,0,1.069205
2022-12-21 00:00:00+00:00,1166.99,1217.89,4.36,0,1.094797
2022-12-22 00:00:00+00:00,1217.89,1213.34,-0.37,0,1.075238
2022-12-23 00:00:00+00:00,1213.34,1217.85,0.37,0,1.078588
2022-12-24 00:00:00+00:00,1217.85,1220.70,0.23,0,1.077976
2022-12-25 00:00:00+00:00,1220.70,1221.36,0.05,0,1.077168
2022-12-26 00:00:00+00:00,1221.36,1219.29,-0.17,0,1.076155
2022-12-27 00:00:00+00:00,1219.29,1226.25,0.57,0,1.079466
2022-12-28 00:00:00+00:00,1226.25,1211.82,-1.18,0,1.071506
2022-12-29 00:00:00+00:00,1211.82,1188.73,-1.91,0,1.067949
2022-12-30 00:00:00+00:00,1188.73,1201.54,1.08,0,1.081670
2022-12-31 00:00:00+00:00,1201.54,1199.11,-0.20,0,1.076004
2023-01-01 00:00:00+00:00,1199.11,1196.61,-0.21,0,1.075981
2023-01-02 00:00:00+00:00,1196.61,1200.66,0.34,0,1.078438
2023-01-03 00:00:00+00:00,1200.66,1214.38,1.14,0,1.081952
2023-01-04 00:00:00+00:00,1214.38,1214.76,0.03,0,1.077065
2023-01-05 00:00:00+00:00,1214.76,1256.44,3.43,0,1.091243
2023-01-06 00:00:00+00:00,1256.44,1250.79,-0.45,0,1.074866
2023-01-07 00:00:00+00:00,1250.79,1270.03,1.54,0,1.083601
2023-01-08 00:00:00+00:00,1270.03,1264.84,-0.41,0,1.075054
2023-01-09 00:00:00+00:00,1264.84,1284.58,1.56,0,1.083710
2023-01-10 00:00:00+00:00,1284.58,1321.68,2.89,0,1.089127
2023-01-11 00:00:00+00:00,1321.68,1336.02,1.09,0,1.081699
2023-01-12 00:00:00+00:00,1336.02,1389.77,4.02,0,1.093473
2023-01-13 00:00:00+00:00,1389.77,1417.13,1.97,0,1.085403
2023-01-14 00:00:00+00:00,1417.13,1453.38,2.56,0,1.087793
2023-01-15 00:00:00+00:00,1453.38,1549.11,6.59,0,1.102451
2023-01-16 00:00:00+00:00,1549.11,1551.32,0.14,0,1.077566
2023-01-17 00:00:00+00:00,1551.32,1577.73,1.70,0,1.084324
2023-01-18 00:00:00+00:00,1577.73,1569.53,-0.52,0,1.074562
2023-01-19 00:00:00+00:00,1569.53,1516.56,-3.38,0,1.060529
2023-01-20 00:00:00+00:00,1516.56,1550.51,2.24,0,1.086513
2023-01-21 00:00:00+00:00,1550.51,1661.33,7.15,0,1.104192
2023-01-22 00:00:00+00:00,1661.33,1625.91,-2.13,0,1.066808
2023-01-23 00:00:00+00:00,1625.91,1630.84,0.30,0,1.078278
2023-01-24 00:00:00+00:00,1630.84,1632.96,0.13,0,1.077507
2023-01-25 00:00:00+00:00,1632.96,1557.06,-4.65,0,1.053799
2023-01-26 00:00:00+00:00,1557.06,1614.68,3.70,0,1.092271
2023-01-27 00:00:00+00:00,1614.68,1602.85,-0.73,0,1.073553
2023-01-28 00:00:00+00:00,1602.85,1598.47,-0.27,0,1.075686
2023-01-29 00:00:00+00:00,1598.47,1573.06,-1.59,0,1.069499
2023-01-30 00:00:00+00:00,1573.06,1646.52,4.67,0,1.095850
2023-01-31 00:00:00+00:00,1646.52,1568.65,-4.73,0,1.053463
2023-02-01 00:00:00+00:00,1568.65,1586.54,1.14,0,1.081936
2023-02-02 00:00:00+00:00,1586.54,1642.86,3.55,0,1.091679
2023-02-03 00:00:00+00:00,1642.86,1648.68,0.35,0,1.078519
2023-02-04 00:00:00+00:00,1648.68,1665.43,1.02,0,1.081396
2023-02-05 00:00:00+00:00,1665.43,1667.27,0.11,0,1.077419
2023-02-06 00:00:00+00:00,1667.27,1631.37,-2.15,0,1.066800
2023-02-07 00:00:00+00:00,1631.37,1617.14,-0.87,0,1.072906
2023-02-08 00:00:00+00:00,1617.14,1672.82,3.44,0,1.091323
2023-02-09 00:00:00+00:00,1672.82,1651.41,-1.28,0,1.071012
2023-02-10 00:00:00+00:00,1651.41,1546.38,-6.36,0,1.044201
2023-02-11 00:00:00+00:00,1546.38,1515.53,-1.99,0,1.067511
2023-02-12 00:00:00+00:00,1515.53,1541.97,1.74,0,1.084482
2023-02-13 00:00:00+00:00,1541.97,1515.33,-1.73,0,1.068812
2023-02-14 00:00:00+00:00,1515.33,1506.92,-0.56,0,1.074393
2023-02-15 00:00:00+00:00,1506.92,1556.96,3.32,0,1.090796
2023-02-16 00:00:00+00:00,1556.96,1674.86,7.57,0,1.105577
2023-02-17 00:00:00+00:00,1674.86,1646.14,-1.71,0,1.068880
2023-02-18 00:00:00+00:00,1646.14,1697.08,3.09,0,1.089928
2023-02-19 00:00:00+00:00,1697.08,1692.52,-0.27,0,1.075698
2023-02-20 00:00:00+00:00,1692.52,1680.38,-0.72,0,1.073633
2023-02-21 00:00:00+00:00,1680.38,1700.20,1.18,0,1.082118
2023-02-22 00:00:00+00:00,1700.20,1656.58,-2.57,0,1.064718
2023-02-23 00:00:00+00:00,1656.58,1643.17,-0.81,0,1.073220
2023-02-24 00:00:00+00:00,1643.17,1651.85,0.53,0,1.079285
2023-02-25 00:00:00+00:00,1651.85,1608.10,-2.65,0,1.064215
2023-02-26 00:00:00+00:00,1608.10,1593.95,-0.88,0,1.072865
2023-02-27 00:00:00+00:00,1593.95,1640.58,2.93,0,1.089241
2023-02-28 00:00:00+00:00,1640.58,1633.98,-0.40,0,1.075097
2023-03-01 00:00:00+00:00,1633.98,1606.63,-1.67,0,1.069092
2023-03-02 00:00:00+00:00,1606.63,1663.93,3.57,0,1.091771
2023-03-03 00:00:00+00:00,1663.93,1647.66,-0.98,0,1.072436
2023-03-04 00:00:00+00:00,1647.66,1570.67,-4.67,0,1.053723
2023-03-05 00:00:00+00:00,1570.67,1568.50,-0.14,0,1.076298
2023-03-06 00:00:00+00:00,1568.50,1563.23,-0.34,0,1.075395
2023-03-07 00:00:00+00:00,1563.23,1567.35,0.26,0,1.078105
2023-03-08 00:00:00+00:00,1567.35,1563.81,-0.23,0,1.075899
2023-03-09 00:00:00+00:00,1563.81,1535.26,-1.83,0,1.068358
2023-03-10 00:00:00+00:00,1535.26,1440.17,-6.19,0,1.045360
2023-03-11 00:00:00+00:00,1440.17,1429.60,-0.73,0,1.073559
2023-03-12 00:00:00+00:00,1429.60,1474.40,3.13,0,1.090085
2023-03-13 00:00:00+00:00,1474.40,1588.20,7.72,0,1.105974
2023-03-14 00:00:00+00:00,1588.20,1678.92,5.71,0,1.099468
2023-03-15 00:00:00+00:00,1678.92,1708.30,1.75,0,1.084494
2023-03-16 00:00:00+00:00,1708.30,1658.07,-2.94,0,1.062836
2023-03-17 00:00:00+00:00,1658.07,1679.79,1.31,0,1.082674
2023-03-18 00:00:00+00:00,1679.79,1793.30,6.76,0,1.102906
2023-03-19 00:00:00+00:00,1793.30,1769.43,-1.33,0,1.070780
2023-03-20 00:00:00+00:00,1769.43,1801.37,1.81,0,1.084741
2023-03-21 00:00:00+00:00,1801.37,1744.44,-3.16,0,1.061620
2023-03-22 00:00:00+00:00,1744.44,1811.41,3.84,0,1.092838
2023-03-23 00:00:00+00:00,1811.41,1747.64,-3.52,0,1.059680
2023-03-24 00:00:00+00:00,1747.64,1824.96,4.42,0,1.094987
2023-03-25 00:00:00+00:00,1824.96,1751.22,-4.04,0,1.056890
2023-03-26 00:00:00+00:00,1751.22,1753.98,0.16,0,1.077635
2023-03-27 00:00:00+00:00,1753.98,1776.87,1.30,0,1.082657
2023-03-28 00:00:00+00:00,1776.87,1719.17,-3.25,0,1.061114
2023-03-29 00:00:00+00:00,1719.17,1776.04,3.31,0,1.090828
2023-03-30 00:00:00+00:00,1776.04,1795.54,1.10,0,1.081759
2023-03-31 00:00:00+00:00,1795.54,1792.91,-0.15,0,1.076261
2023-04-01 00:00:00+00:00,1792.91,1824.02,1.74,0,1.084434
2023-04-02 00:00:00+00:00,1824.02,1823.00,-0.06,0,1.076671
2023-04-03 00:00:00+00:00,1823.00,1797.74,-1.39,0,1.070416
2023-04-04 00:00:00+00:00,1797.74,1810.47,0.71,0,1.080058
2023-04-05 00:00:00+00:00,1810.47,1871.33,3.36,0,1.090986
2023-04-06 00:00:00+00:00,1871.33,1911.34,2.14,0,1.086113
2023-04-07 00:00:00+00:00,1911.34,1872.25,-2.05,0,1.067318
2023-04-08 00:00:00+00:00,1872.25,1866.66,-0.30,0,1.075570
2023-04-09 00:00:00+00:00,1866.66,1851.05,-0.84,0,1.073073
2023-04-10 00:00:00+00:00,1851.05,1859.94,0.48,0,1.079064
2023-04-11 00:00:00+00:00,1859.94,1909.88,2.69,0,1.088288
2023-04-12 00:00:00+00:00,1909.88,1892.94,-0.89,0,1.072823
2023-04-13 00:00:00+00:00,1892.94,1920.22,1.44,0,1.083148
2023-04-14 00:00:00+00:00,1920.22,2012.79,4.82,0,1.096407
2023-04-15 00:00:00+00:00,2012.79,2102.95,4.48,0,1.095184
2023-04-16 00:00:00+00:00,2102.95,2093.17,-0.47,0,1.074796
2023-04-17 00:00:00+00:00,2093.17,2118.60,1.22,0,1.082228
2023-04-18 00:00:00+00:00,2118.60,2077.54,-1.94,0,1.067811
2023-04-19 00:00:00+00:00,2077.54,2103.28,1.24,0,1.082332
2023-04-20 00:00:00+00:00,2103.28,1936.43,-7.93,0,1.034905
2023-04-21 00:00:00+00:00,1936.43,1943.44,0.36,0,1.078544
2023-04-22 00:00:00+00:00,1943.44,1850.15,-4.80,0,1.052832
2023-04-23 00:00:00+00:00,1850.15,1877.54,1.48,0,1.083404
2023-04-24 00:00:00+00:00,1877.54,1863.64,-0.74,0,1.073521
2023-04-25 00:00:00+00:00,1863.64,1842.63,-1.13,0,1.071724
2023-04-26 00:00:00+00:00,1842.63,1870.57,1.52,0,1.083506
2023-04-27 00:00:00+00:00,1870.57,1867.59,-0.16,0,1.076198
2023-04-28 00:00:00+00:00,1867.59,1910.46,2.30,0,1.086780
2023-04-29 00:00:00+00:00,1910.46,1894.43,-0.84,0,1.073057
2023-04-30 00:00:00+00:00,1894.43,1905.27,0.57,0,1.079467
2023-05-01 00:00:00+00:00,1905.27,1885.39,-1.04,0,1.072055
2023-05-02 00:00:00+00:00,1885.39,1832.73,-2.79,0,1.063429
2023-05-03 00:00:00+00:00,1832.73,1870.83,2.08,0,1.085895
2023-05-04 00:00:00+00:00,1870.83,1903.73,1.76,0,1.084567
2023-05-05 00:00:00+00:00,1903.73,1877.40,-1.38,0,1.070482
2023-05-06 00:00:00+00:00,1877.40,1993.61,6.19,0,1.101183
2023-05-07 00:00:00+00:00,1993.61,1900.41,-4.68,0,1.053650
2023-05-08 00:00:00+00:00,1900.41,1895.23,-0.27,0,1.075682
2023-05-09 00:00:00+00:00,1895.23,1849.29,-2.42,0,1.065305
2023-05-10 00:00:00+00:00,1849.29,1846.06,-0.17,0,1.076134
2023-05-11 00:00:00+00:00,1846.06,1842.87,-0.17,0,1.076139
2023-05-12 00:00:00+00:00,1842.87,1798.07,-2.43,0,1.065356
2023-05-13 00:00:00+00:00,1798.07,1808.69,0.59,0,1.079539
2023-05-14 00:00:00+00:00,1808.69,1797.20,-0.64,0,1.074035
2023-05-15 00:00:00+00:00,1797.20,1799.01,0.10,0,1.077377
2023-05-16 00:00:00+00:00,1799.01,1820.04,1.17,0,1.082039
2023-05-17 00:00:00+00:00,1820.04,1823.66,0.20,0,1.077822
2023-05-18 00:00:00+00:00,1823.66,1821.05,-0.14,0,1.076275
2023-05-19 00:00:00+00:00,1821.05,1802.39,-1.02,0,1.072173
2023-05-20 00:00:00+00:00,1802.39,1812.13,0.54,0,1.079320
2023-05-21 00:00:00+00:00,1812.13,1818.97,0.38,0,1.078616
2023-05-22 00:00:00+00:00,1818.97,1804.93,-0.77,0,1.073389
2023-05-23 00:00:00+00:00,1804.93,1818.40,0.75,0,1.080254
2023-05-24 00:00:00+00:00,1818.40,1854.19,1.97,0,1.085390
2023-05-25 00:00:00+00:00,1854.19,1800.74,-2.88,0,1.063161
2023-05-26 00:00:00+00:00,1800.74,1805.81,0.28,0,1.078183
2023-05-27 00:00:00+00:00,1805.81,1828.96,1.28,0,1.082554
2023-05-28 00:00:00+00:00,1828.96,1830.31,0.07,0,1.077257
2023-05-29 00:00:00+00:00,1830.31,1913.82,4.56,0,1.095465
2023-05-30 00:00:00+00:00,1913.82,1893.71,-1.05,0,1.072070
2023-05-31 00:00:00+00:00,1893.71,1901.08,0.39,0,1.078666
2023-06-01 00:00:00+00:00,1901.08,1874.69,-1.39,0,1.070457
2023-06-02 00:00:00+00:00,1874.69,1861.73,-0.69,0,1.073745
2023-06-03 00:00:00+00:00,1861.73,1907.21,2.44,0,1.087312
2023-06-04 00:00:00+00:00,1907.21,1892.08,-0.79,0,1.073278
2023-06-05 00:00:00+00:00,1892.08,1893.18,0.06,0,1.077184
2023-06-06 00:00:00+00:00,1893.18,1813.68,-4.20,0,1.056111
2023-06-07 00:00:00+00:00,1813.68,1883.24,3.84,0,1.092776
2023-06-08 00:00:00+00:00,1883.24,1832.32,-2.70,0,1.063923
2023-06-09 00:00:00+00:00,1832.32,1846.03,0.75,0,1.080216
2023-06-10 00:00:00+00:00,1846.03,1839.21,-0.37,0,1.075244
2023-06-11 00:00:00+00:00,1839.21,1754.67,-4.60,0,1.054009
2023-06-12 00:00:00+00:00,1754.67,1751.72,-0.17,0,1.076165
2023-06-13 00:00:00+00:00,1751.72,1742.60,-0.52,0,1.074554
2023-06-14 00:00:00+00:00,1742.60,1736.79,-0.33,0,1.075408
2023-06-15 00:00:00+00:00,1736.79,1650.68,-4.96,0,1.051706
2023-06-16 00:00:00+00:00,1650.68,1664.98,0.87,0,1.080750
2023-06-17 00:00:00+00:00,1664.98,1716.38,3.09,0,1.089890
2023-06-18 00:00:00+00:00,1716.38,1726.37,0.58,0,1.079530
2023-06-19 00:00:00+00:00,1726.37,1719.27,-0.41,0,1.075059
2023-06-20 00:00:00+00:00,1719.27,1734.79,0.90,0,1.080915
2023-06-21 00:00:00+00:00,1734.79,1790.19,3.19,0,1.090298
2023-06-22 00:00:00+00:00,1790.19,1892.90,5.74,0,1.099530
2023-06-23 00:00:00+00:00,1892.90,1874.18,-0.99,0,1.072367
2023-06-24 00:00:00+00:00,1874.18,1891.35,0.92,0,1.080963
2023-06-25 00:00:00+00:00,1891.35,1875.06,-0.86,0,1.072962
2023-06-26 00:00:00+00:00,1875.06,1899.15,1.28,0,1.082574
2023-06-27 00:00:00+00:00,1899.15,1859.80,-2.07,0,1.067184
2023-06-28 00:00:00+00:00,1859.80,1890.01,1.62,0,1.083984
2023-06-29 00:00:00+00:00,1890.01,1828.46,-3.26,0,1.060911
2023-06-30 00:00:00+00:00,1828.46,1853.45,1.37,0,1.082907
2023-07-01 00:00:00+00:00,1853.45,1934.05,4.35,0,1.094606
2023-07-02 00:00:00+00:00,1934.05,1924.57,-0.49,0,1.074691
2023-07-03 00:00:00+00:00,1924.57,1933.96,0.49,0,1.079101
2023-07-04 00:00:00+00:00,1933.96,1953.78,1.02,0,1.081397
2023-07-05 00:00:00+00:00,1953.78,1937.00,-0.86,0,1.073009
2023-07-06 00:00:00+00:00,1937.00,1910.51,-1.37,0,1.070567
2023-07-07 00:00:00+00:00,1910.51,1855.47,-2.88,0,1.063072
2023-07-08 00:00:00+00:00,1855.47,1869.32,0.75,0,1.080215
2023-07-09 00:00:00+00:00,1869.32,1864.87,-0.24,0,1.075846
2023-07-10 00:00:00+00:00,1864.87,1866.92,0.11,0,1.077416
2023-07-11 00:00:00+00:00,1866.92,1875.27,0.45,0,1.078932
2023-07-12 00:00:00+00:00,1875.27,1875.87,0.03,0,1.077065
2023-07-13 00:00:00+00:00,1875.87,1873.51,-0.13,0,1.076357
2023-07-14 00:00:00+00:00,1873.51,2003.25,6.93,0,1.103542
2023-07-15 00:00:00+00:00,2003.25,1935.94,-3.36,0,1.060662
2023-07-16 00:00:00+00:00,1935.94,1931.39,-0.24,0,1.075858
2023-07-17 00:00:00+00:00,1931.39,1923.04,-0.43,0,1.074955
2023-07-18 00:00:00+00:00,1923.04,1912.12,-0.57,0,1.074350
2023-07-19 00:00:00+00:00,1912.12,1897.20,-0.78,0,1.073340
2023-07-20 00:00:00+00:00,1897.20,1889.22,-0.42,0,1.075019
2023-07-21 00:00:00+00:00,1889.22,1891.01,0.09,0,1.077348
2023-07-22 00:00:00+00:00,1891.01,1891.47,0.02,0,1.077032
2023-07-23 00:00:00+00:00,1891.47,1858.31,-1.75,0,1.068678
2023-07-24 00:00:00+00:00,1858.31,1887.83,1.59,0,1.083810
2023-07-25 00:00:00+00:00,1887.83,1850.43,-1.98,0,1.067606
2023-07-26 00:00:00+00:00,1850.43,1857.60,0.39,0,1.078648
2023-07-27 00:00:00+00:00,1857.60,1871.53,0.75,0,1.080257
2023-07-28 00:00:00+00:00,1871.53,1858.78,-0.68,0,1.073817
2023-07-29 00:00:00+00:00,1858.78,1874.69,0.86,0,1.080711
2023-07-30 00:00:00+00:00,1874.69,1880.92,0.33,0,1.078418
2023-07-31 00:00:00+00:00,1880.92,1861.87,-1.01,0,1.072229
2023-08-01 00:00:00+00:00,1861.87,1857.28,-0.25,0,1.075807
2023-08-02 00:00:00+00:00,1857.28,1869.75,0.67,0,1.079897
2023-08-03 00:00:00+00:00,1869.75,1838.01,-1.70,0,1.068971
2023-08-04 00:00:00+00:00,1838.01,1835.70,-0.13,0,1.076354
2023-08-05 00:00:00+00:00,1835.70,1828.46,-0.39,0,1.075129
2023-08-06 00:00:00+00:00,1828.46,1835.07,0.36,0,1.078533
2023-08-07 00:00:00+00:00,1835.07,1826.71,-0.46,0,1.074839
2023-08-08 00:00:00+00:00,1826.71,1826.93,0.01,0,1.076979
2023-08-09 00:00:00+00:00,1826.93,1856.84,1.64,0,1.084044
2023-08-10 00:00:00+00:00,1856.84,1855.89,-0.05,0,1.076692
2023-08-11 00:00:00+00:00,1855.89,1850.88,-0.27,0,1.075694
2023-08-12 00:00:00+00:00,1850.88,1847.54,-0.18,0,1.076110
2023-08-13 00:00:00+00:00,1847.54,1848.51,0.05,0,1.077159
2023-08-14 00:00:00+00:00,1848.51,1839.51,-0.49,0,1.074697
2023-08-15 00:00:00+00:00,1839.51,1843.51,0.22,0,1.077897
2023-08-16 00:00:00+00:00,1843.51,1826.91,-0.90,0,1.072763
2023-08-17 00:00:00+00:00,1826.91,1809.46,-0.96,0,1.072519
2023-08-18 00:00:00+00:00,1809.46,1675.86,-7.38,0,1.038156
2023-08-19 00:00:00+00:00,1675.86,1660.68,-0.91,0,1.072742
2023-08-20 00:00:00+00:00,1660.68,1669.23,0.52,0,1.079216
2023-08-21 00:00:00+00:00,1669.23,1682.46,0.79,0,1.080428
2023-08-22 00:00:00+00:00,1682.46,1666.84,-0.93,0,1.072681
2023-08-23 00:00:00+00:00,1666.84,1635.19,-1.90,0,1.067993
2023-08-24 00:00:00+00:00,1635.19,1679.12,2.69,0,1.088259
2023-08-25 00:00:00+00:00,1679.12,1658.40,-1.23,0,1.071209
2023-08-26 00:00:00+00:00,1658.40,1653.43,-0.30,0,1.075575
2023-08-27 00:00:00+00:00,1653.43,1645.90,-0.46,0,1.074851
2023-08-28 00:00:00+00:00,1645.90,1656.93,0.67,0,1.079895
2023-08-29 00:00:00+00:00,1656.93,1653.20,-0.23,0,1.075903
2023-08-30 00:00:00+00:00,1653.20,1730.19,4.66,0,1.095785
2023-08-31 00:00:00+00:00,1730.19,1705.11,-1.45,0,1.070185
2023-09-01 00:00:00+00:00,1705.11,1645.18,-3.51,0,1.059775
2023-09-02 00:00:00+00:00,1645.18,1630.61,-0.89,0,1.072852
2023-09-03 00:00:00+00:00,1630.61,1636.16,0.34,0,1.078445
2023-09-04 00:00:00+00:00,1636.16,1635.40,-0.05,0,1.076713
2023-09-05 00:00:00+00:00,1635.40,1630.63,-0.29,0,1.075594
2023-09-06 00:00:00+00:00,1630.63,1633.08,0.15,0,1.077599
2023-09-07 00:00:00+00:00,1633.08,1632.90,-0.01,0,1.076875
2023-09-08 00:00:00+00:00,1632.90,1646.31,0.82,0,1.080560
2023-09-09 00:00:00+00:00,1646.31,1636.35,-0.60,0,1.074160
2023-09-10 00:00:00+00:00,1636.35,1634.45,-0.12,0,1.076396
2023-09-11 00:00:00+00:00,1634.45,1617.49,-1.04,0,1.072147
2023-09-12 00:00:00+00:00,1617.49,1549.89,-4.18,0,1.056328
2023-09-13 00:00:00+00:00,1549.89,1594.97,2.91,0,1.089196
2023-09-14 00:00:00+00:00,1594.97,1607.74,0.80,0,1.080469
2023-09-15 00:00:00+00:00,1607.74,1626.44,1.16,0,1.082032
2023-09-16 00:00:00+00:00,1626.44,1641.93,0.95,0,1.081132
2023-09-17 00:00:00+00:00,1641.93,1634.42,-0.46,0,1.074843
2023-09-18 00:00:00+00:00,1634.42,1622.48,-0.73,0,1.073578
2023-09-19 00:00:00+00:00,1622.48,1636.63,0.87,0,1.080766
2023-09-20 00:00:00+00:00,1636.63,1643.70,0.43,0,1.078848
2023-09-21 00:00:00+00:00,1643.70,1621.53,-1.35,0,1.070685
2023-09-22 00:00:00+00:00,1621.53,1583.82,-2.33,0,1.065907
2023-09-23 00:00:00+00:00,1583.82,1593.47,0.61,0,1.079644
2023-09-24 00:00:00+00:00,1593.47,1593.18,-0.02,0,1.076841
2023-09-25 00:00:00+00:00,1593.18,1580.48,-0.80,0,1.073258
2023-09-26 00:00:00+00:00,1580.48,1588.47,0.51,0,1.079174
2023-09-27 00:00:00+00:00,1588.47,1592.49,0.25,0,1.078059
2023-09-28 00:00:00+00:00,1592.49,1597.42,0.31,0,1.078311
2023-09-29 00:00:00+00:00,1597.42,1652.20,3.43,0,1.091209
2023-09-30 00:00:00+00:00,1652.20,1667.99,0.96,0,1.081120
2023-10-01 00:00:00+00:00,1667.99,1671.00,0.18,0,1.077737
2023-10-02 00:00:00+00:00,1671.00,1733.82,3.76,0,1.092456
2023-10-03 00:00:00+00:00,1733.82,1665.28,-3.95,0,1.057602
2023-10-04 00:00:00+00:00,1665.28,1656.32,-0.54,0,1.074476
2023-10-05 00:00:00+00:00,1656.32,1648.19,-0.49,0,1.074685
2023-10-06 00:00:00+00:00,1648.19,1612.99,-2.14,0,1.066831
2023-10-07 00:00:00+00:00,1612.99,1646.39,2.07,0,1.085824
2023-10-08 00:00:00+00:00,1646.39,1635.08,-0.69,0,1.073794
2023-10-09 00:00:00+00:00,1635.08,1634.22,-0.05,0,1.076685
2023-10-10 00:00:00+00:00,1634.22,1580.18,-3.31,0,1.060864
2023-10-11 00:00:00+00:00,1580.18,1567.46,-0.80,0,1.073248
2023-10-12 00:00:00+00:00,1567.46,1564.92,-0.16,0,1.076190
2023-10-13 00:00:00+00:00,1564.92,1536.81,-1.80,0,1.068484
2023-10-14 00:00:00+00:00,1536.81,1550.97,0.92,0,1.080999
2023-10-15 00:00:00+00:00,1550.97,1555.46,0.29,0,1.078225
2023-10-16 00:00:00+00:00,1555.46,1557.76,0.15,0,1.077588
2023-10-17 00:00:00+00:00,1557.76,1601.23,2.79,0,1.088743
2023-10-18 00:00:00+00:00,1601.23,1565.06,-2.26,0,1.066203
2023-10-19 00:00:00+00:00,1565.06,1564.07,-0.06,0,1.076636
2023-10-20 00:00:00+00:00,1564.07,1568.37,0.28,0,1.078152
2023-10-21 00:00:00+00:00,1568.37,1603.91,2.27,0,1.086631
2023-10-22 00:00:00+00:00,1603.91,1629.30,1.58,0,1.083797
2023-10-23 00:00:00+00:00,1629.30,1664.57,2.17,0,1.086205
2023-10-24 00:00:00+00:00,1664.57,1764.93,6.03,0,1.100568
2023-10-25 00:00:00+00:00,1764.93,1784.77,1.12,0,1.081877
2023-10-26 00:00:00+00:00,1784.77,1785.56,0.04,0,1.077121
2023-10-27 00:00:00+00:00,1785.56,1804.16,1.04,0,1.081503
2023-10-28 00:00:00+00:00,1804.16,1780.57,-1.31,0,1.070867
2023-10-29 00:00:00+00:00,1780.57,1776.35,-0.24,0,1.075852
2023-10-30 00:00:00+00:00,1776.35,1798.17,1.23,0,1.082285
2023-10-31 00:00:00+00:00,1798.17,1809.64,0.64,0,1.079762
2023-11-01 00:00:00+00:00,1809.64,1816.80,0.40,0,1.078697
2023-11-02 00:00:00+00:00,1816.80,1846.48,1.63,0,1.083982
2023-11-03 00:00:00+00:00,1846.48,1800.91,-2.47,0,1.065162
2023-11-04 00:00:00+00:00,1800.91,1834.17,1.85,0,1.084952
2023-11-05 00:00:00+00:00,1834.17,1855.45,1.16,0,1.082007
2023-11-06 00:00:00+00:00,1855.45,1895.94,2.18,0,1.086258
2023-11-07 00:00:00+00:00,1895.94,1898.52,0.14,0,1.077534
2023-11-08 00:00:00+00:00,1898.52,1887.32,-0.59,0,1.074245
2023-11-09 00:00:00+00:00,1887.32,1891.49,0.22,0,1.077916
2023-11-10 00:00:00+00:00,1891.49,2128.61,12.54,0,1.118764
2023-11-11 00:00:00+00:00,2128.61,2078.85,-2.34,0,1.065783
2023-11-12 00:00:00+00:00,2078.85,2052.99,-1.24,0,1.071144
2023-11-13 00:00:00+00:00,2052.99,2046.09,-0.34,0,1.075396
2023-11-14 00:00:00+00:00,2046.09,2060.53,0.71,0,1.080057
2023-11-15 00:00:00+00:00,2060.53,1980.52,-3.88,0,1.057844
2023-11-16 00:00:00+00:00,1980.52,2061.64,4.10,0,1.093750
2023-11-17 00:00:00+00:00,2061.64,1962.24,-4.82,0,1.052720
2023-11-18 00:00:00+00:00,1962.24,1956.52,-0.29,0,1.075604
2023-11-19 00:00:00+00:00,1956.52,1962.63,0.31,0,1.078327
2023-11-20 00:00:00+00:00,1962.63,2011.13,2.47,0,1.087472
2023-11-21 00:00:00+00:00,2011.13,2022.39,0.56,0,1.079421
2023-11-22 00:00:00+00:00,2022.39,1940.44,-4.05,0,1.056927
2023-11-23 00:00:00+00:00,1940.44,2065.94,6.47,0,1.102043
2023-11-24 00:00:00+00:00,2065.94,2062.27,-0.18,0,1.076118
2023-11-25 00:00:00+00:00,2062.27,2080.85,0.90,0,1.080913
2023-11-26 00:00:00+00:00,2080.85,2085.43,0.22,0,1.077908
2023-11-27 00:00:00+00:00,2085.43,2064.07,-1.02,0,1.072192
2023-11-28 00:00:00+00:00,2064.07,2030.00,-1.65,0,1.069230
2023-11-29 00:00:00+00:00,2030.00,2048.54,0.91,0,1.080968
2023-11-30 00:00:00+00:00,2048.54,2025.94,-1.10,0,1.071838
2023-12-01 00:00:00+00:00,2025.94,2051.76,1.27,0,1.082509
2023-12-02 00:00:00+00:00,2051.76,2085.71,1.65,0,1.084113
2023-12-03 00:00:00+00:00,2085.71,2165.30,3.82,0,1.092673
2023-12-04 00:00:00+00:00,2165.30,2190.70,1.17,0,1.082086
2023-12-05 00:00:00+00:00,2190.70,2242.96,2.39,0,1.087112
2023-12-06 00:00:00+00:00,2242.96,2294.10,2.28,0,1.086735
2023-12-07 00:00:00+00:00,2294.10,2232.03,-2.71,0,1.064010
2023-12-08 00:00:00+00:00,2232.03,2354.39,5.48,0,1.098703
2023-12-09 00:00:00+00:00,2354.39,2359.89,0.23,0,1.077970
2023-12-10 00:00:00+00:00,2359.89,2341.07,-0.80,0,1.073242
2023-12-11 00:00:00+00:00,2341.07,2352.10,0.47,0,1.079027
2023-12-12 00:00:00+00:00,2352.10,2222.35,-5.52,0,1.049164
2023-12-13 00:00:00+00:00,2222.35,2200.33,-0.99,0,1.072345
2023-12-14 00:00:00+00:00,2200.33,2260.88,2.75,0,1.088525
2023-12-15 00:00:00+00:00,2260.88,2317.47,2.50,0,1.087599
2023-12-16 00:00:00+00:00,2317.47,2219.95,-4.21,0,1.056021
2023-12-17 00:00:00+00:00,2219.95,2227.94,0.36,0,1.078525
2023-12-18 00:00:00+00:00,2227.94,2199.54,-1.27,0,1.071022
2023-12-19 00:00:00+00:00,2199.54,2216.93,0.79,0,1.080405
2023-12-20 00:00:00+00:00,2216.93,2176.84,-1.81,0,1.068403
2023-12-21 00:00:00+00:00,2176.84,2198.42,0.99,0,1.081293
2023-12-22 00:00:00+00:00,2198.42,2236.19,1.72,0,1.084391
2023-12-23 00:00:00+00:00,2236.19,2327.05,4.06,0,1.093600
2023-12-24 00:00:00+00:00,2327.05,2310.96,-0.69,0,1.073756
2023-12-25 00:00:00+00:00,2310.96,2264.91,-1.99,0,1.067511
2023-12-26 00:00:00+00:00,2264.91,2273.63,0.39,0,1.078645
2023-12-27 00:00:00+00:00,2273.63,2230.88,-1.88,0,1.068072
2023-12-28 00:00:00+00:00,2230.88,2376.77,6.54,0,1.102242
2023-12-29 00:00:00+00:00,2376.77,2345.26,-1.33,0,1.070736
2023-12-30 00:00:00+00:00,2345.26,2299.53,-1.95,0,1.067739
2023-12-31 00:00:00+00:00,2299.53,2294.34,-0.23,0,1.075907
2024-01-01 00:00:00+00:00,2294.34,2279.94,-0.63,0,1.074042
2024-01-02 00:00:00+00:00,2279.94,2350.03,3.07,0,1.089862
2024-01-03 00:00:00+00:00,2350.03,2360.78,0.46,0,1.078969
2024-01-04 00:00:00+00:00,2360.78,2211.17,-6.34,0,1.043928
2024-01-05 00:00:00+00:00,2211.17,2270.98,2.70,0,1.088396
2024-01-06 00:00:00+00:00,2270.98,2267.09,-0.17,0,1.076153
2024-01-07 00:00:00+00:00,2267.09,2241.51,-1.13,0,1.071714
2024-01-08 00:00:00+00:00,2241.51,2220.15,-0.95,0,1.072512
2024-01-09 00:00:00+00:00,2220.15,2331.66,5.02,0,1.097116
2024-01-10 00:00:00+00:00,2331.66,2341.16,0.41,0,1.078746
2024-01-11 00:00:00+00:00,2341.16,2588.77,10.58,0,1.114087
2024-01-12 00:00:00+00:00,2588.77,2618.33,1.14,0,1.081953
2024-01-13 00:00:00+00:00,2618.33,2524.50,-3.58,0,1.059407
2024-01-14 00:00:00+00:00,2524.50,2575.92,2.04,0,1.085732
2024-01-15 00:00:00+00:00,2575.92,2477.94,-3.80,0,1.058478
2024-01-16 00:00:00+00:00,2477.94,2515.32,1.51,0,1.083483
2024-01-17 00:00:00+00:00,2515.32,2589.48,2.95,0,1.089298
2024-01-18 00:00:00+00:00,2589.48,2528.33,-2.36,0,1.065725
2024-01-19 00:00:00+00:00,2528.33,2467.33,-2.41,0,1.065542
2024-01-20 00:00:00+00:00,2467.33,2489.62,0.90,0,1.080924
2024-01-21 00:00:00+00:00,2489.62,2470.26,-0.78,0,1.073369
2024-01-22 00:00:00+00:00,2470.26,2454.91,-0.62,0,1.074082
2024-01-23 00:00:00+00:00,2454.91,2307.59,-6.00,0,1.046223
2024-01-24 00:00:00+00:00,2307.59,2241.94,-2.84,0,1.063320
2024-01-25 00:00:00+00:00,2241.94,2236.74,-0.23,0,1.075874
2024-01-26 00:00:00+00:00,2236.74,2219.61,-0.77,0,1.073410
2024-01-27 00:00:00+00:00,2219.61,2268.87,2.22,0,1.086439
2024-01-28 00:00:00+00:00,2268.87,2267.91,-0.04,0,1.076731
2024-01-29 00:00:00+00:00,2267.91,2257.05,-0.48,0,1.074745
2024-01-30 00:00:00+00:00,2257.05,2314.59,2.55,0,1.087784
2024-01-31 00:00:00+00:00,2314.59,2344.00,1.27,0,1.082467
2024-02-01 00:00:00+00:00,2344.00,2282.49,-2.62,0,1.064439
2024-02-02 00:00:00+00:00,2282.49,2301.74,0.84,0,1.080648
2024-02-03 00:00:00+00:00,2301.74,2307.43,0.25,0,1.078032
2024-02-04 00:00:00+00:00,2307.43,2294.72,-0.55,0,1.074409
2024-02-05 00:00:00+00:00,2294.72,2290.08,-0.20,0,1.076002
2024-02-06 00:00:00+00:00,2290.08,2298.67,0.37,0,1.078594
2024-02-07 00:00:00+00:00,2298.67,2372.76,3.22,0,1.090417
2024-02-08 00:00:00+00:00,2372.76,2424.07,2.16,0,1.086191
2024-02-09 00:00:00+00:00,2424.07,2420.97,-0.13,0,1.076344
2024-02-10 00:00:00+00:00,2420.97,2487.85,2.76,0,1.088613
2024-02-11 00:00:00+00:00,2487.85,2499.49,0.47,0,1.079008
2024-02-12 00:00:00+00:00,2499.49,2505.08,0.22,0,1.077925
2024-02-13 00:00:00+00:00,2505.08,2657.99,6.10,0,1.100807
2024-02-14 00:00:00+00:00,2657.99,2641.54,-0.62,0,1.074082
2024-02-15 00:00:00+00:00,2641.54,2780.37,5.26,0,1.097883
2024-02-16 00:00:00+00:00,2780.37,2826.82,1.67,0,1.084171
2024-02-17 00:00:00+00:00,2826.82,2807.37,-0.69,0,1.073770
2024-02-18 00:00:00+00:00,2807.37,2788.56,-0.67,0,1.073838
2024-02-19 00:00:00+00:00,2788.56,2874.95,3.10,0,1.089966
2024-02-20 00:00:00+00:00,2874.95,2943.72,2.39,0,1.087129
2024-02-21 00:00:00+00:00,2943.72,3015.44,2.44,0,1.087339
2024-02-22 00:00:00+00:00,3015.44,2977.08,-1.27,0,1.071015
2024-02-23 00:00:00+00:00,2977.08,2974.13,-0.10,0,1.076472
2024-02-24 00:00:00+00:00,2974.13,2926.29,-1.61,0,1.069434
2024-02-25 00:00:00+00:00,2926.29,2988.32,2.12,0,1.086030
2024-02-26 00:00:00+00:00,2988.32,3113.41,4.19,0,1.094109
2024-02-27 00:00:00+00:00,3113.41,3173.63,1.93,0,1.085250
2024-02-28 00:00:00+00:00,3173.63,3242.05,2.16,0,1.086176
2024-02-29 00:00:00+00:00,3242.05,3380.80,4.28,0,1.094388
2024-03-01 00:00:00+00:00,3380.80,3347.69,-0.98,0,1.072380
2024-03-02 00:00:00+00:00,3347.69,3431.75,2.51,0,1.087632
2024-03-03 00:00:00+00:00,3431.75,3421.89,-0.29,0,1.075616
2024-03-04 00:00:00+00:00,3421.89,3487.19,1.91,0,1.085152
2024-03-05 00:00:00+00:00,3487.19,3634.31,4.22,0,1.094221
2024-03-06 00:00:00+00:00,3634.31,3581.53,-1.45,0,1.070137
2024-03-07 00:00:00+00:00,3581.53,3822.37,6.72,0,1.102884
2024-03-08 00:00:00+00:00,3822.37,3861.90,1.03,0,1.081479
2024-03-09 00:00:00+00:00,3861.90,3893.61,0.82,0,1.080550
2024-03-10 00:00:00+00:00,3893.61,3916.04,0.58,0,1.079488
2024-03-11 00:00:00+00:00,3916.04,3887.47,-0.73,0,1.073581
2024-03-12 00:00:00+00:00,3887.47,4070.60,4.71,0,1.095979
2024-03-13 00:00:00+00:00,4070.60,3978.69,-2.26,0,1.066213
2024-03-14 00:00:00+00:00,3978.69,4007.91,0.73,0,1.080191
2024-03-15 00:00:00+00:00,4007.91,3879.04,-3.22,0,1.061479
2024-03-16 00:00:00+00:00,3879.04,3738.38,-3.63,0,1.059195
2024-03-17 00:00:00+00:00,3738.38,3514.22,-6.00,0,1.046211
2024-03-18 00:00:00+00:00,3514.22,3643.28,3.67,0,1.092213
2024-03-19 00:00:00+00:00,3643.28,3525.89,-3.22,0,1.061234
2024-03-20 00:00:00+00:00,3525.89,3171.29,-10.06,11,1.020742
2024-03-21 00:00:00+00:00,3171.29,3515.69,10.86,0,1.114771
2024-03-22 00:00:00+00:00,3515.69,3493.43,-0.63,0,1.074021
2024-03-23 00:00:00+00:00,3493.43,3322.89,-4.88,0,1.052339
2024-03-24 00:00:00+00:00,3322.89,3353.37,0.92,0,1.080970
2024-03-25 00:00:00+00:00,3353.37,3454.26,3.01,0,1.089561
2024-03-26 00:00:00+00:00,3454.26,3588.49,3.89,0,1.092987
2024-03-27 00:00:00+00:00,3588.49,3591.55,0.09,0,1.077307
2024-03-28 00:00:00+00:00,3591.55,3505.22,-2.40,0,1.065434
2024-03-29 00:00:00+00:00,3505.22,3560.26,1.57,0,1.083786
2024-03-30 00:00:00+00:00,3560.26,3516.10,-1.24,0,1.071174
2024-03-31 00:00:00+00:00,3516.10,3507.66,-0.24,0,1.075841
2024-04-01 00:00:00+00:00,3507.66,3644.77,3.91,0,1.092967
2024-04-02 00:00:00+00:00,3644.77,3508.25,-3.75,0,1.058754
2024-04-03 00:00:00+00:00,3508.25,3274.90,-6.65,0,1.042426
2024-04-04 00:00:00+00:00,3274.90,3316.68,1.28,0,1.082527
2024-04-05 00:00:00+00:00,3316.68,3332.09,0.46,0,1.079000
2024-04-06 00:00:00+00:00,3332.09,3320.28,-0.35,0,1.075320
2024-04-07 00:00:00+00:00,3320.28,3362.84,1.28,0,1.082526
2024-04-08 00:00:00+00:00,3362.84,3453.44,2.69,0,1.088401
2024-04-09 00:00:00+00:00,3453.44,3695.24,7.00,0,1.103734
2024-04-10 00:00:00+00:00,3695.24,3503.65,-5.18,0,1.050781
2024-04-11 00:00:00+00:00,3503.65,3539.76,1.03,0,1.081470
2024-04-12 00:00:00+00:00,3539.76,3508.58,-0.88,0,1.072859
2024-04-13 00:00:00+00:00,3508.58,3245.50,-7.50,0,1.037429
2024-04-14 00:00:00+00:00,3245.50,3022.01,-6.89,0,1.041024
2024-04-15 00:00:00+00:00,3022.01,3157.68,4.49,0,1.095141
2024-04-16 00:00:00+00:00,3157.68,3101.19,-1.79,0,1.068507
2024-04-17 00:00:00+00:00,3101.19,3083.71,-0.56,0,1.074370
2024-04-18 00:00:00+00:00,3083.71,2982.62,-3.28,0,1.061068
2024-04-19 00:00:00+00:00,2982.62,3064.91,2.76,0,1.088616
2024-04-20 00:00:00+00:00,3064.91,3065.68,0.03,0,1.077036
2024-04-21 00:00:00+00:00,3065.68,3152.19,2.82,0,1.088896
2024-04-22 00:00:00+00:00,3152.19,3147.14,-0.16,0,1.076197
2024-04-23 00:00:00+00:00,3147.14,3199.77,1.67,0,1.084183
2024-04-24 00:00:00+00:00,3199.77,3218.97,0.60,0,1.079585
2024-04-25 00:00:00+00:00,3218.97,3138.81,-2.49,0,1.065050
2024-04-26 00:00:00+00:00,3138.81,3157.62,0.60,0,1.079590
2024-04-27 00:00:00+00:00,3157.62,3131.42,-0.83,0,1.073118
2024-04-28 00:00:00+00:00,3131.42,3259.25,4.08,0,1.093699
2024-04-29 00:00:00+00:00,3259.25,3259.50,0.01,0,1.076958
2024-04-30 00:00:00+00:00,3259.50,3213.69,-1.41,0,1.070373
2024-05-01 00:00:00+00:00,3213.69,3018.55,-6.07,0,1.045710
2024-05-02 00:00:00+00:00,3018.55,2976.09,-1.41,0,1.070317
2024-05-03 00:00:00+00:00,2976.09,2988.55,0.42,0,1.078792
2024-05-04 00:00:00+00:00,2988.55,3102.15,3.80,0,1.092680
2024-05-05 00:00:00+00:00,3102.15,3115.02,0.41,0,1.078774
2024-05-06 00:00:00+00:00,3115.02,3136.58,0.69,0,1.079989
2024-05-07 00:00:00+00:00,3136.58,3064.59,-2.30,0,1.066049
2024-05-08 00:00:00+00:00,3064.59,3015.16,-1.61,0,1.069423
2024-05-09 00:00:00+00:00,3015.16,2975.73,-1.31,0,1.070931
2024-05-10 00:00:00+00:00,2975.73,3038.34,2.10,0,1.085984
2024-05-11 00:00:00+00:00,3038.34,2910.68,-4.20,0,1.056327
2024-05-12 00:00:00+00:00,2910.68,2908.98,-0.06,0,1.076659
2024-05-13 00:00:00+00:00,2908.98,2931.31,0.77,0,1.080317
2024-05-14 00:00:00+00:00,2931.31,2948.30,0.58,0,1.079509
2024-05-15 00:00:00+00:00,2948.30,2881.80,-2.26,0,1.066262
2024-05-16 00:00:00+00:00,2881.80,3035.76,5.34,0,1.098235
2024-05-17 00:00:00+00:00,3035.76,2943.59,-3.04,0,1.062174
2024-05-18 00:00:00+00:00,2943.59,3096.00,5.18,0,1.097628
2024-05-19 00:00:00+00:00,3096.00,3120.55,0.79,0,1.080430
2024-05-20 00:00:00+00:00,3120.55,3071.32,-1.58,0,1.069573
2024-05-21 00:00:00+00:00,3071.32,3656.39,19.05,0,1.129884
2024-05-22 00:00:00+00:00,3656.39,3792.49,3.72,0,1.092347
2024-05-23 00:00:00+00:00,3792.49,3741.90,-1.33,0,1.070708
2024-05-24 00:00:00+00:00,3741.90,3766.40,0.65,0,1.079832
2024-05-25 00:00:00+00:00,3766.40,3727.07,-1.04,0,1.072091
2024-05-26 00:00:00+00:00,3727.07,3750.08,0.62,0,1.079662
2024-05-27 00:00:00+00:00,3750.08,3825.28,2.01,0,1.085569
2024-05-28 00:00:00+00:00,3825.28,3893.39,1.78,0,1.084594
2024-05-29 00:00:00+00:00,3893.39,3840.69,-1.35,0,1.070656
2024-05-30 00:00:00+00:00,3840.69,3765.30,-1.96,0,1.067727
2024-05-31 00:00:00+00:00,3765.30,3748.64,-0.44,0,1.074895
2024-06-01 00:00:00+00:00,3748.64,3761.07,0.33,0,1.078394
2024-06-02 00:00:00+00:00,3761.07,3813.45,1.39,0,1.082969
2024-06-03 00:00:00+00:00,3813.45,3780.71,-0.86,0,1.072971
2024-06-04 00:00:00+00:00,3780.71,3766.64,-0.37,0,1.075233
2024-06-05 00:00:00+00:00,3766.64,3814.93,1.28,0,1.082504
2024-06-06 00:00:00+00:00,3814.93,3871.08,1.47,0,1.083329
2024-06-07 00:00:00+00:00,3871.08,3812.70,-1.51,0,1.069883
2024-06-08 00:00:00+00:00,3812.70,3679.38,-3.50,0,1.059990
2024-06-09 00:00:00+00:00,3679.38,3683.03,0.10,0,1.077368
2024-06-10 00:00:00+00:00,3683.03,3705.90,0.62,0,1.079680
2024-06-11 00:00:00+00:00,3705.90,3666.83,-1.05,0,1.072059
2024-06-12 00:00:00+00:00,3666.83,3498.56,-4.59,0,1.054000
2024-06-13 00:00:00+00:00,3498.56,3559.45,1.74,0,1.084483
2024-06-14 00:00:00+00:00,3559.45,3465.32,-2.64,0,1.064206
2024-06-15 00:00:00+00:00,3465.32,3478.77,0.39,0,1.078662
2024-06-16 00:00:00+00:00,3478.77,3565.12,2.48,0,1.087493
2024-06-17 00:00:00+00:00,3565.12,3618.51,1.50,0,1.083431
2024-06-18 00:00:00+00:00,3618.51,3510.36,-2.99,0,1.062602
2024-06-19 00:00:00+00:00,3510.36,3480.47,-0.85,0,1.072994
2024-06-20 00:00:00+00:00,3480.47,3555.97,2.17,0,1.086235
2024-06-21 00:00:00+00:00,3555.97,3511.28,-1.26,0,1.071111
2024-06-22 00:00:00+00:00,3511.28,3516.88,0.16,0,1.077641
2024-06-23 00:00:00+00:00,3516.88,3494.80,-0.63,0,1.074034
2024-06-24 00:00:00+00:00,3494.80,3417.80,-2.20,0,1.066515
2024-06-25 00:00:00+00:00,3417.80,3357.10,-1.78,0,1.068632
2024-06-26 00:00:00+00:00,3357.10,3395.30,1.14,0,1.081922
2024-06-27 00:00:00+00:00,3395.30,3365.94,-0.86,0,1.072936
2024-06-28 00:00:00+00:00,3365.94,3442.91,2.29,0,1.086731
2024-06-29 00:00:00+00:00,3442.91,3374.61,-1.98,0,1.067554
2024-06-30 00:00:00+00:00,3374.61,3371.28,-0.10,0,1.076476
2024-07-01 00:00:00+00:00,3371.28,3435.32,1.90,0,1.085160
2024-07-02 00:00:00+00:00,3435.32,3438.01,0.08,0,1.077277
2024-07-03 00:00:00+00:00,3438.01,3417.90,-0.58,0,1.074252
2024-07-04 00:00:00+00:00,3417.90,3295.81,-3.57,0,1.059557
2024-07-05 00:00:00+00:00,3295.81,3069.04,-6.88,0,1.040716
2024-07-06 00:00:00+00:00,3069.04,2984.40,-2.76,0,1.063817
2024-07-07 00:00:00+00:00,2984.40,3066.25,2.74,0,1.088530
2024-07-08 00:00:00+00:00,3066.25,2928.60,-4.49,0,1.054694
2024-07-09 00:00:00+00:00,2928.60,3016.08,2.99,0,1.089482
2024-07-10 00:00:00+00:00,3016.08,3064.09,1.59,0,1.083877
2024-07-11 00:00:00+00:00,3064.09,3099.71,1.16,0,1.082065
2024-07-12 00:00:00+00:00,3099.71,3102.09,0.08,0,1.077269
2024-07-13 00:00:00+00:00,3102.09,3132.98,1.00,0,1.081322
2024-07-14 00:00:00+00:00,3132.98,3173.50,1.29,0,1.082576
2024-07-15 00:00:00+00:00,3173.50,3252.65,2.49,0,1.087521
2024-07-16 00:00:00+00:00,3252.65,3488.54,7.25,0,1.104467
2024-07-17 00:00:00+00:00,3488.54,3446.77,-1.20,0,1.071357
2024-07-18 00:00:00+00:00,3446.77,3389.44,-1.66,0,1.069096
2024-07-19 00:00:00+00:00,3389.44,3428.55,1.15,0,1.082023
2024-07-20 00:00:00+00:00,3428.55,3505.22,2.24,0,1.086542
2024-07-21 00:00:00+00:00,3505.22,3522.80,0.50,0,1.079164
2024-07-22 00:00:00+00:00,3522.80,3533.12,0.29,0,1.078245
2024-07-23 00:00:00+00:00,3533.12,3443.07,-2.55,0,1.064751
2024-07-24 00:00:00+00:00,3443.07,3482.98,1.16,0,1.081993
2024-07-25 00:00:00+00:00,3482.98,3336.38,-4.21,0,1.056136
2024-07-26 00:00:00+00:00,3336.38,3173.76,-4.87,0,1.052459
2024-07-27 00:00:00+00:00,3173.76,3278.19,3.29,0,1.090663
2024-07-28 00:00:00+00:00,3278.19,3254.61,-0.72,0,1.073626
2024-07-29 00:00:00+00:00,3254.61,3272.85,0.56,0,1.079399
2024-07-30 00:00:00+00:00,3272.85,3316.94,1.35,0,1.082820
2024-07-31 00:00:00+00:00,3316.94,3276.98,-1.20,0,1.071350
2024-08-01 00:00:00+00:00,3276.98,3233.08,-1.34,0,1.070675
2024-08-02 00:00:00+00:00,3233.08,3204.25,-0.89,0,1.072826
2024-08-03 00:00:00+00:00,3204.25,2983.30,-6.90,0,1.040742
2024-08-04 00:00:00+00:00,2983.30,2906.72,-2.57,0,1.064666
2024-08-05 00:00:00+00:00,2906.72,2682.44,-7.72,0,1.035829
2024-08-06 00:00:00+00:00,2682.44,2415.63,-9.95,7,1.021221
2024-08-07 00:00:00+00:00,2415.63,2455.51,1.65,0,1.084066
2024-08-08 00:00:00+00:00,2455.51,2341.59,-4.64,0,1.053728
2024-08-09 00:00:00+00:00,2341.59,2685.01,14.67,0,1.123386
2024-08-10 00:00:00+00:00,2685.01,2602.18,-3.08,0,1.061953
2024-08-11 00:00:00+00:00,2602.18,2608.04,0.22,0,1.077931
2024-08-12 00:00:00+00:00,2608.04,2558.79,-1.89,0,1.068140
2024-08-13 00:00:00+00:00,2558.79,2726.78,6.57,0,1.102355
2024-08-14 00:00:00+00:00,2726.78,2703.55,-0.85,0,1.072995
2024-08-15 00:00:00+00:00,2703.55,2662.78,-1.51,0,1.069888
2024-08-16 00:00:00+00:00,2662.78,2569.86,-3.49,0,1.059916
2024-08-17 00:00:00+00:00,2569.86,2592.25,0.87,0,1.080742
2024-08-18 00:00:00+00:00,2592.25,2613.14,0.81,0,1.080507
2024-08-19 00:00:00+00:00,2613.14,2614.60,0.06,0,1.077176
2024-08-20 00:00:00+00:00,2614.60,2640.59,0.99,0,1.081314
2024-08-21 00:00:00+00:00,2640.59,2575.64,-2.46,0,1.065323
2024-08-22 00:00:00+00:00,2575.64,2630.30,2.12,0,1.086024
2024-08-23 00:00:00+00:00,2630.30,2623.29,-0.27,0,1.075718
2024-08-24 00:00:00+00:00,2623.29,2763.26,5.34,0,1.098190
2024-08-25 00:00:00+00:00,2763.26,2767.84,0.17,0,1.077670
2024-08-26 00:00:00+00:00,2767.84,2745.16,-0.82,0,1.073138
2024-08-27 00:00:00+00:00,2745.16,2683.08,-2.26,0,1.066303
2024-08-28 00:00:00+00:00,2683.08,2457.28,-8.42,0,1.031488
2024-08-29 00:00:00+00:00,2457.28,2527.03,2.84,0,1.088926
2024-08-30 00:00:00+00:00,2527.03,2526.74,-0.01,0,1.076872
2024-08-31 00:00:00+00:00,2526.74,2527.69,0.04,0,1.077093
2024-09-01 00:00:00+00:00,2527.69,2513.36,-0.57,0,1.074347
2024-09-02 00:00:00+00:00,2513.36,2430.02,-3.32,0,1.060811
2024-09-03 00:00:00+00:00,2430.02,2534.90,4.32,0,1.094581
2024-09-04 00:00:00+00:00,2534.90,2437.15,-3.86,0,1.057966
2024-09-05 00:00:00+00:00,2437.15,2448.31,0.46,0,1.078964
2024-09-06 00:00:00+00:00,2448.31,2367.77,-3.29,0,1.061087
2024-09-07 00:00:00+00:00,2367.77,2223.78,-6.08,0,1.045790
2024-09-08 00:00:00+00:00,2223.78,2272.70,2.20,0,1.086393
2024-09-09 00:00:00+00:00,2272.70,2296.40,1.04,0,1.081503
2024-09-10 00:00:00+00:00,2296.40,2359.57,2.75,0,1.088567
2024-09-11 00:00:00+00:00,2359.57,2389.47,1.27,0,1.082491
2024-09-12 00:00:00+00:00,2389.47,2342.96,-1.95,0,1.067751
2024-09-13 00:00:00+00:00,2342.96,2362.30,0.83,0,1.080588
2024-09-14 00:00:00+00:00,2362.30,2445.09,3.50,0,1.091507
2024-09-15 00:00:00+00:00,2445.09,2418.08,-1.10,0,1.071826
2024-09-16 00:00:00+00:00,2418.08,2322.64,-3.95,0,1.057651
2024-09-17 00:00:00+00:00,2322.64,2295.13,-1.18,0,1.071398
2024-09-18 00:00:00+00:00,2295.13,2341.09,2.00,0,1.085600
2024-09-19 00:00:00+00:00,2341.09,2361.96,0.89,0,1.080862
2024-09-20 00:00:00+00:00,2361.96,2465.23,4.37,0,1.094725
2024-09-21 00:00:00+00:00,2465.23,2557.62,3.75,0,1.092361
2024-09-22 00:00:00+00:00,2557.62,2614.60,2.23,0,1.086476
2024-09-23 00:00:00+00:00,2614.60,2582.85,-1.21,0,1.071295
2024-09-24 00:00:00+00:00,2582.85,2647.99,2.52,0,1.087701
2024-09-25 00:00:00+00:00,2647.99,2653.84,0.22,0,1.077917
2024-09-26 00:00:00+00:00,2653.84,2578.57,-2.84,0,1.063324
2024-09-27 00:00:00+00:00,2578.57,2630.95,2.03,0,1.085651
2024-09-28 00:00:00+00:00,2630.95,2698.19,2.56,0,1.087772
2024-09-29 00:00:00+00:00,2698.19,2680.22,-0.67,0,1.073876
2024-09-30 00:00:00+00:00,2680.22,2659.61,-0.77,0,1.073394
2024-10-01 00:00:00+00:00,2659.61,2597.34,-2.34,0,1.065788
2024-10-02 00:00:00+00:00,2597.34,2451.63,-5.61,0,1.048193
2024-10-03 00:00:00+00:00,2451.63,2365.23,-3.52,0,1.059732
2024-10-04 00:00:00+00:00,2365.23,2348.00,-0.73,0,1.073581
2024-10-05 00:00:00+00:00,2348.00,2416.92,2.93,0,1.089278
2024-10-06 00:00:00+00:00,2416.92,2415.40,-0.06,0,1.076639
2024-10-07 00:00:00+00:00,2415.40,2438.03,0.94,0,1.081068
2024-10-08 00:00:00+00:00,2438.03,2422.75,-0.63,0,1.074074
2024-10-09 00:00:00+00:00,2422.75,2441.47,0.77,0,1.080369
2024-10-10 00:00:00+00:00,2441.47,2367.62,-3.02,0,1.062426
2024-10-11 00:00:00+00:00,2367.62,2381.78,0.60,0,1.079591
2024-10-12 00:00:00+00:00,2381.78,2435.71,2.26,0,1.086633
2024-10-13 00:00:00+00:00,2435.71,2477.61,1.72,0,1.084411
2024-10-14 00:00:00+00:00,2477.61,2466.86,-0.43,0,1.074932
2024-10-15 00:00:00+00:00,2466.86,2628.50,6.55,0,1.102339
2024-10-16 00:00:00+00:00,2628.50,2602.08,-1.01,0,1.072263
2024-10-17 00:00:00+00:00,2602.08,2611.70,0.37,0,1.078569
2024-10-18 00:00:00+00:00,2611.70,2603.12,-0.33,0,1.075428
2024-10-19 00:00:00+00:00,2603.12,2643.16,1.54,0,1.083619
2024-10-20 00:00:00+00:00,2643.16,2649.98,0.26,0,1.078081
2024-10-21 00:00:00+00:00,2649.98,2742.96,3.51,0,1.091512
2024-10-22 00:00:00+00:00,2742.96,2665.73,-2.82,0,1.063359
2024-10-23 00:00:00+00:00,2665.73,2619.57,-1.73,0,1.068800
2024-10-24 00:00:00+00:00,2619.57,2524.10,-3.64,0,1.059182
2024-10-25 00:00:00+00:00,2524.10,2536.23,0.48,0,1.079047
2024-10-26 00:00:00+00:00,2536.23,2422.09,-4.50,0,1.054525
2024-10-27 00:00:00+00:00,2422.09,2479.37,2.37,0,1.087044
2024-10-28 00:00:00+00:00,2479.37,2505.50,1.05,0,1.081551
2024-10-29 00:00:00+00:00,2505.50,2564.81,2.37,0,1.087042
2024-10-30 00:00:00+00:00,2564.81,2638.64,2.88,0,1.089077
2024-10-31 00:00:00+00:00,2638.64,2657.61,0.72,0,1.080109
2024-11-01 00:00:00+00:00,2657.61,2514.75,-5.38,0,1.049866
2024-11-02 00:00:00+00:00,2514.75,2513.84,-0.04,0,1.076760
2024-11-03 00:00:00+00:00,2513.84,2491.35,-0.89,0,1.072804
2024-11-04 00:00:00+00:00,2491.35,2456.98,-1.38,0,1.070487
2024-11-05 00:00:00+00:00,2456.98,2395.95,-2.48,0,1.065158
2024-11-06 00:00:00+00:00,2395.95,2422.37,1.10,0,1.081772
2024-11-07 00:00:00+00:00,2422.37,2720.62,12.31,0,1.118374
2024-11-08 00:00:00+00:00,2720.62,2894.97,6.41,0,1.101837
2024-11-09 00:00:00+00:00,2894.97,2960.96,2.28,0,1.086724
2024-11-10 00:00:00+00:00,2960.96,3130.04,5.71,0,1.099502
2024-11-11 00:00:00+00:00,3130.04,3191.90,1.98,0,1.085412
2024-11-12 00:00:00+00:00,3191.90,3372.79,5.67,0,1.099311
2024-11-13 00:00:00+00:00,3372.79,3260.93,-3.32,0,1.060857
2024-11-14 00:00:00+00:00,3260.93,3191.90,-2.12,0,1.066919
2024-11-15 00:00:00+00:00,3191.90,3059.81,-4.14,0,1.056584
2024-11-16 00:00:00+00:00,3059.81,3093.91,1.11,0,1.081820
2024-11-17 00:00:00+00:00,3093.91,3133.88,1.29,0,1.082586
2024-11-18 00:00:00+00:00,3133.88,3075.53,-1.86,0,1.068159
2024-11-19 00:00:00+00:00,3075.53,3209.42,4.35,0,1.094669
2024-11-20 00:00:00+00:00,3209.42,3112.91,-3.01,0,1.062438
2024-11-21 00:00:00+00:00,3112.91,3075.19,-1.21,0,1.071319
2024-11-22 00:00:00+00:00,3075.19,3365.94,9.45,0,1.111119
2024-11-23 00:00:00+00:00,3365.94,3327.76,-1.13,0,1.071708
2024-11-24 00:00:00+00:00,3327.76,3394.04,1.99,0,1.085506
2024-11-25 00:00:00+00:00,3394.04,3368.70,-0.75,0,1.073490
2024-11-26 00:00:00+00:00,3368.70,3417.29,1.44,0,1.083214
2024-11-27 00:00:00+00:00,3417.29,3325.64,-2.68,0,1.064065
2024-11-28 00:00:00+00:00,3325.64,3666.19,10.24,0,1.113091
2024-11-29 00:00:00+00:00,3666.19,3579.24,-2.37,0,1.065630
2024-11-30 00:00:00+00:00,3579.24,3598.19,0.53,0,1.079287
2024-12-01 00:00:00+00:00,3598.19,3709.91,3.10,0,1.089964
2024-12-02 00:00:00+00:00,3709.91,3708.81,-0.03,0,1.076789
2024-12-03 00:00:00+00:00,3708.81,3643.86,-1.75,0,1.068737
2024-12-04 00:00:00+00:00,3643.86,3625.71,-0.50,0,1.074654
2024-12-05 00:00:00+00:00,3625.71,3839.44,5.89,0,1.100097
2024-12-06 00:00:00+00:00,3839.44,3796.87,-1.11,0,1.071768
2024-12-07 00:00:00+00:00,3796.87,4013.73,5.71,0,1.099466
2024-12-08 00:00:00+00:00,4013.73,4000.99,-0.32,0,1.075490
2024-12-09 00:00:00+00:00,4000.99,4015.78,0.37,0,1.078574
2024-12-10 00:00:00+00:00,4015.78,3713.31,-7.53,0,1.037383
2024-12-11 00:00:00+00:00,3713.31,3626.59,-2.34,0,1.065752
2024-12-12 00:00:00+00:00,3626.59,3828.11,5.56,0,1.098941
2024-12-13 00:00:00+00:00,3828.11,3878.85,1.33,0,1.082710
2024-12-14 00:00:00+00:00,3878.85,3907.43,0.74,0,1.080178
2024-12-15 00:00:00+00:00,3907.43,3867.00,-1.03,0,1.072179
2024-12-16 00:00:00+00:00,3867.00,3961.32,2.44,0,1.087354
2024-12-17 00:00:00+00:00,3961.32,3992.86,0.80,0,1.080454
2024-12-18 00:00:00+00:00,3992.86,3879.41,-2.84,0,1.063320
2024-12-19 00:00:00+00:00,3879.41,3628.26,-6.47,0,1.043134
2024-12-20 00:00:00+00:00,3628.26,3434.68,-5.34,0,1.049737
2024-12-21 00:00:00+00:00,3434.68,3468.66,0.99,0,1.081275
2024-12-22 00:00:00+00:00,3468.66,3337.60,-3.78,0,1.058386
2024-12-23 00:00:00+00:00,3337.60,3275.89,-1.85,0,1.068258
2024-12-24 00:00:00+00:00,3275.89,3414.64,4.24,0,1.094214
2024-12-25 00:00:00+00:00,3414.64,3497.56,2.43,0,1.087303
2024-12-26 00:00:00+00:00,3497.56,3494.51,-0.09,0,1.076530
2024-12-27 00:00:00+00:00,3494.51,3327.79,-4.77,0,1.052932
2024-12-28 00:00:00+00:00,3327.79,3328.61,0.02,0,1.077034
2024-12-29 00:00:00+00:00,3328.61,3397.83,2.08,0,1.085911
2024-12-30 00:00:00+00:00,3397.83,3357.33,-1.19,0,1.071444
2024-12-31 00:00:00+00:00,3357.33,3359.51,0.07,0,1.077215
2025-01-01 00:00:00+00:00,3359.51,3336.62,-0.68,0,1.073798
2025-01-02 00:00:00+00:00,3336.62,3348.97,0.37,0,1.078566
2025-01-03 00:00:00+00:00,3348.97,3448.14,2.96,0,1.089431
2025-01-04 00:00:00+00:00,3448.14,3604.29,4.53,0,1.095336
2025-01-05 00:00:00+00:00,3604.29,3660.38,1.56,0,1.083711
2025-01-06 00:00:00+00:00,3660.38,3635.85,-0.67,0,1.073843
2025-01-07 00:00:00+00:00,3635.85,3687.14,1.41,0,1.083118
2025-01-08 00:00:00+00:00,3687.14,3380.02,-8.33,0,1.031951
2025-01-09 00:00:00+00:00,3380.02,3325.13,-1.62,0,1.069369
2025-01-10 00:00:00+00:00,3325.13,3219.09,-3.19,0,1.061498
2025-01-11 00:00:00+00:00,3219.09,3269.18,1.56,0,1.083695
2025-01-12 00:00:00+00:00,3269.18,3283.59,0.44,0,1.078884
2025-01-13 00:00:00+00:00,3283.59,3264.07,-0.59,0,1.074203
2025-01-14 00:00:00+00:00,3264.07,3134.55,-3.97,0,1.057432
2025-01-15 00:00:00+00:00,3134.55,3224.80,2.88,0,1.089080
2025-01-16 00:00:00+00:00,3224.80,3447.03,6.89,0,1.103288
2025-01-17 00:00:00+00:00,3447.03,3309.45,-3.99,0,1.057337
2025-01-18 00:00:00+00:00,3309.45,3477.28,5.07,0,1.097287
2025-01-19 00:00:00+00:00,3477.28,3309.10,-4.84,0,1.052638
2025-01-20 00:00:00+00:00,3309.10,3208.14,-3.05,0,1.062213
2025-01-21 00:00:00+00:00,3208.14,3263.07,1.71,0,1.084357
2025-01-22 00:00:00+00:00,3263.07,3326.03,1.93,0,1.085241
2025-01-23 00:00:00+00:00,3326.03,3237.30,-2.67,0,1.064076
2025-01-24 00:00:00+00:00,3237.30,3332.58,2.94,0,1.089325
2025-01-25 00:00:00+00:00,3332.58,3311.85,-0.62,0,1.074092
2025-01-26 00:00:00+00:00,3311.85,3320.13,0.25,0,1.078041
2025-01-27 00:00:00+00:00,3320.13,3232.28,-2.65,0,1.064319
2025-01-28 00:00:00+00:00,3232.28,3173.53,-1.82,0,1.068385
2025-01-29 00:00:00+00:00,3173.53,3076.49,-3.06,0,1.062247
2025-01-30 00:00:00+00:00,3076.49,3114.44,1.23,0,1.082339
2025-01-31 00:00:00+00:00,3114.44,3248.25,4.30,0,1.094489
2025-02-01 00:00:00+00:00,3248.25,3296.39,1.48,0,1.083392
2025-02-02 00:00:00+00:00,3296.39,3125.04,-5.20,0,1.050746
2025-02-03 00:00:00+00:00,3125.04,2862.70,-8.39,0,1.031834
2025-02-04 00:00:00+00:00,2862.70,2877.81,0.53,0,1.079276
2025-02-05 00:00:00+00:00,2877.81,2740.38,-4.78,0,1.053048
2025-02-06 00:00:00+00:00,2740.38,2790.55,1.83,0,1.084860
2025-02-07 00:00:00+00:00,2790.55,2686.66,-3.72,0,1.058695
2025-02-08 00:00:00+00:00,2686.66,2623.45,-2.35,0,1.065718
2025-02-09 00:00:00+00:00,2623.45,2635.60,0.46,0,1.078991
2025-02-10 00:00:00+00:00,2635.60,2632.54,-0.12,0,1.076396
2025-02-11 00:00:00+00:00,2632.54,2660.30,1.05,0,1.081570
2025-02-12 00:00:00+00:00,2660.30,2603.03,-2.15,0,1.066741
2025-02-13 00:00:00+00:00,2603.03,2736.27,5.12,0,1.097419
2025-02-14 00:00:00+00:00,2736.27,2675.71,-2.21,0,1.066427
2025-02-15 00:00:00+00:00,2675.71,2724.67,1.83,0,1.084843
2025-02-16 00:00:00+00:00,2724.67,2692.82,-1.17,0,1.071543
2025-02-17 00:00:00+00:00,2692.82,2659.90,-1.22,0,1.071252
2025-02-18 00:00:00+00:00,2659.90,2741.91,3.08,0,1.089873
2025-02-19 00:00:00+00:00,2741.91,2669.49,-2.64,0,1.064308
2025-02-20 00:00:00+00:00,2669.49,2714.80,1.70,0,1.084302
2025-02-21 00:00:00+00:00,2714.80,2741.59,0.99,0,1.081259
2025-02-22 00:00:00+00:00,2741.59,2658.35,-3.04,0,1.062400
2025-02-23 00:00:00+00:00,2658.35,2764.36,3.99,0,1.093319
2025-02-24 00:00:00+00:00,2764.36,2827.18,2.27,0,1.086650
2025-02-25 00:00:00+00:00,2827.18,2503.10,-11.46,96,1.011271
2025-02-26 00:00:00+00:00,2503.10,2495.32,-0.31,0,1.075513
2025-02-27 00:00:00+00:00,2495.32,2325.85,-6.79,0,1.041368
2025-02-28 00:00:00+00:00,2325.85,2305.32,-0.88,0,1.072870
2025-03-01 00:00:00+00:00,2305.32,2235.20,-3.04,0,1.062281
2025-03-02 00:00:00+00:00,2235.20,2212.82,-1.00,0,1.072329
2025-03-03 00:00:00+00:00,2212.82,2517.34,13.76,0,1.121294
2025-03-04 00:00:00+00:00,2517.34,2148.20,-14.66,338,0.988685
2025-03-05 00:00:00+00:00,2148.20,2171.50,1.08,0,1.081688
2025-03-06 00:00:00+00:00,2171.50,2241.38,3.22,0,1.090412
2025-03-07 00:00:00+00:00,2241.38,2202.32,-1.74,0,1.068691
2025-03-08 00:00:00+00:00,2202.32,2140.75,-2.80,0,1.063578
2025-03-09 00:00:00+00:00,2140.75,2200.00,2.77,0,1.088648
2025-03-10 00:00:00+00:00,2200.00,2017.27,-8.31,0,1.032432
2025-03-11 00:00:00+00:00,2017.27,1879.12,-6.85,0,1.041493
2025-03-12 00:00:00+00:00,1879.12,1921.31,2.25,0,1.086561
2025-03-13 00:00:00+00:00,1921.31,1910.66,-0.55,0,1.074387
2025-03-14 00:00:00+00:00,1910.66,1862.79,-2.50,0,1.064971
2025-03-15 00:00:00+00:00,1862.79,1910.67,2.57,0,1.087837
2025-03-16 00:00:00+00:00,1910.67,1939.79,1.52,0,1.083521
2025-03-17 00:00:00+00:00,1939.79,1887.76,-2.68,0,1.064115
2025-03-18 00:00:00+00:00,1887.76,1929.18,2.19,0,1.086358
2025-03-19 00:00:00+00:00,1929.18,1932.80,0.19,0,1.077763
2025-03-20 00:00:00+00:00,1932.80,2060.73,6.62,0,1.102422
2025-03-21 00:00:00+00:00,2060.73,1980.83,-3.88,0,1.057758
2025-03-22 00:00:00+00:00,1980.83,1964.53,-0.82,0,1.073150
2025-03-23 00:00:00+00:00,1964.53,1979.54,0.76,0,1.080324
2025-03-24 00:00:00+00:00,1979.54,2001.05,1.09,0,1.081684
2025-03-25 00:00:00+00:00,2001.05,2077.74,3.83,0,1.092713
2025-03-26 00:00:00+00:00,2077.74,2068.60,-0.44,0,1.074914
2025-03-27 00:00:00+00:00,2068.60,2009.88,-2.84,0,1.063381
2025-03-28 00:00:00+00:00,2009.88,2003.30,-0.33,0,1.075440
2025-03-29 00:00:00+00:00,2003.30,1896.92,-5.31,0,1.049914
2025-03-30 00:00:00+00:00,1896.92,1829.27,-3.57,0,1.059512
2025-03-31 00:00:00+00:00,1829.27,1805.34,-1.31,0,1.070885
2025-04-01 00:00:00+00:00,1805.34,1824.21,1.05,0,1.081525
2025-04-02 00:00:00+00:00,1824.21,1907.17,4.55,0,1.095359
2025-04-03 00:00:00+00:00,1907.17,1795.76,-5.84,0,1.046923
2025-04-04 00:00:00+00:00,1795.76,1818.28,1.25,0,1.082407
2025-04-05 00:00:00+00:00,1818.28,1814.48,-0.21,0,1.075978
2025-04-06 00:00:00+00:00,1814.48,1809.94,-0.25,0,1.075786
2025-04-07 00:00:00+00:00,1809.94,1574.63,-13.00,204,1.000057
2025-04-08 00:00:00+00:00,1574.63,1555.91,-1.19,0,1.071406
2025-04-09 00:00:00+00:00,1555.91,1471.36,-5.43,0,1.049269
2025-04-10 00:00:00+00:00,1471.36,1662.53,12.99,0,1.119827
2025-04-11 00:00:00+00:00,1662.53,1523.93,-8.34,0,1.031951
2025-04-12 00:00:00+00:00,1523.93,1568.13,2.90,0,1.089131
2025-04-13 00:00:00+00:00,1568.13,1645.86,4.96,0,1.096850
2025-04-14 00:00:00+00:00,1645.86,1595.42,-3.06,0,1.062187
2025-04-15 00:00:00+00:00,1595.42,1621.54,1.64,0,1.084026
2025-04-16 00:00:00+00:00,1621.54,1587.82,-2.08,0,1.067141
2025-04-17 00:00:00+00:00,1587.82,1577.71,-0.64,0,1.074010
2025-04-18 00:00:00+00:00,1577.71,1583.48,0.37,0,1.078551
2025-04-19 00:00:00+00:00,1583.48,1589.15,0.36,0,1.078521
2025-04-20 00:00:00+00:00,1589.15,1615.05,1.63,0,1.083951
2025-04-21 00:00:00+00:00,1615.05,1585.46,-1.83,0,1.068373
2025-04-22 00:00:00+00:00,1585.46,1577.45,-0.51,0,1.074621
2025-04-23 00:00:00+00:00,1577.45,1759.71,11.55,0,1.116220
2025-04-24 00:00:00+00:00,1759.71,1793.97,1.95,0,1.085298
2025-04-25 00:00:00+00:00,1793.97,1769.39,-1.37,0,1.070538
2025-04-26 00:00:00+00:00,1769.39,1788.80,1.10,0,1.081731
2025-04-27 00:00:00+00:00,1788.80,1821.27,1.82,0,1.084787
2025-04-28 00:00:00+00:00,1821.27,1793.69,-1.51,0,1.069863
2025-04-29 00:00:00+00:00,1793.69,1799.50,0.32,0,1.078362
2025-04-30 00:00:00+00:00,1799.50,1796.97,-0.14,0,1.076285
2025-05-01 00:00:00+00:00,1796.97,1794.05,-0.16,0,1.076188
2025-05-02 00:00:00+00:00,1794.05,1838.85,2.50,0,1.087558
2025-05-03 00:00:00+00:00,1838.85,1841.43,0.14,0,1.077554
2025-05-04 00:00:00+00:00,1841.43,1834.50,-0.38,0,1.075217
2025-05-05 00:00:00+00:00,1834.50,1808.16,-1.44,0,1.070290
2025-05-06 00:00:00+00:00,1808.16,1820.00,0.66,0,1.079840
2025-05-07 00:00:00+00:00,1820.00,1816.17,-0.21,0,1.075972
2025-05-08 00:00:00+00:00,1816.17,1810.32,-0.32,0,1.075458
2025-05-09 00:00:00+00:00,1810.32,2197.56,21.39,0,1.132934
2025-05-10 00:00:00+00:00,2197.56,2341.41,6.55,0,1.102272
2025-05-11 00:00:00+00:00,2341.41,2583.68,10.35,0,1.113396
2025-05-12 00:00:00+00:00,2583.68,2507.47,-2.95,0,1.062848
2025-05-13 00:00:00+00:00,2507.47,2492.43,-0.60,0,1.074194
2025-05-14 00:00:00+00:00,2492.43,2676.64,7.39,0,1.104905
2025-05-15 00:00:00+00:00,2676.64,2603.72,-2.72,0,1.063872
2025-05-16 00:00:00+00:00,2603.72,2542.30,-2.36,0,1.065722
2025-05-17 00:00:00+00:00,2542.30,2544.39,0.08,0,1.077293
2025-05-18 00:00:00+00:00,2544.39,2475.05,-2.72,0,1.063849
2025-05-19 00:00:00+00:00,2475.05,2465.34,-0.39,0,1.075126
2025-05-20 00:00:00+00:00,2465.34,2526.99,2.50,0,1.087599
2025-05-21 00:00:00+00:00,2526.99,2524.27,-0.11,0,1.076438
2025-05-22 00:00:00+00:00,2524.27,2558.95,1.37,0,1.082935
2025-05-23 00:00:00+00:00,2558.95,2657.17,3.84,0,1.092773
2025-05-24 00:00:00+00:00,2657.17,2519.81,-5.17,0,1.050933
2025-05-25 00:00:00+00:00,2519.81,2529.44,0.38,0,1.078629
2025-05-26 00:00:00+00:00,2529.44,2546.62,0.68,0,1.079942
2025-05-27 00:00:00+00:00,2546.62,2562.17,0.61,0,1.079640
2025-05-28 00:00:00+00:00,2562.17,2662.09,3.90,0,1.092998
2025-05-29 00:00:00+00:00,2662.09,2676.27,0.53,0,1.079313
2025-05-30 00:00:00+00:00,2676.27,2633.14,-1.61,0,1.069390
2025-05-31 00:00:00+00:00,2633.14,2524.48,-4.13,0,1.056373
2025-06-01 00:00:00+00:00,2524.48,2532.36,0.31,0,1.078327
2025-06-02 00:00:00+00:00,2532.36,2538.33,0.24,0,1.077977
2025-06-03 00:00:00+00:00,2538.33,2609.74,2.81,0,1.088770
2025-06-04 00:00:00+00:00,2609.74,2595.47,-0.55,0,1.074442
2025-06-05 00:00:00+00:00,2595.47,2610.34,0.57,0,1.079492
2025-06-06 00:00:00+00:00,2610.34,2421.60,-7.23,0,1.038788
2025-06-07 00:00:00+00:00,2421.60,2481.40,2.47,0,1.087437
2025-06-08 00:00:00+00:00,2481.40,2526.29,1.81,0,1.084747
2025-06-09 00:00:00+00:00,2526.29,2508.78,-0.69,0,1.073757
2025-06-10 00:00:00+00:00,2508.78,2685.00,7.02,0,1.103889
2025-06-11 00:00:00+00:00,2685.00,2808.50,4.60,0,1.095656
2025-06-12 00:00:00+00:00,2808.50,2776.14,-1.15,0,1.071587
2025-06-13 00:00:00+00:00,2776.14,2653.16,-4.43,0,1.054636
2025-06-14 00:00:00+00:00,2653.16,2577.05,-2.87,0,1.063211
2025-06-15 00:00:00+00:00,2577.05,2534.07,-1.67,0,1.069052
2025-06-16 00:00:00+00:00,2534.07,2547.85,0.54,0,1.079349
2025-06-17 00:00:00+00:00,2547.85,2561.33,0.53,0,1.079297
2025-06-18 00:00:00+00:00,2561.33,2514.99,-1.81,0,1.068442
2025-06-19 00:00:00+00:00,2514.99,2521.33,0.25,0,1.078051
2025-06-20 00:00:00+00:00,2521.33,2522.18,0.03,0,1.077075
2025-06-21 00:00:00+00:00,2522.18,2405.70,-4.62,0,1.053881
2025-06-22 00:00:00+00:00,2405.70,2270.58,-5.62,0,1.048420
2025-06-23 00:00:00+00:00,2270.58,2227.43,-1.90,0,1.068004
2025-06-24 00:00:00+00:00,2227.43,2423.90,8.82,0,1.109146
2025-06-25 00:00:00+00:00,2423.90,2446.54,0.93,0,1.081039
2025-06-26 00:00:00+00:00,2446.54,2417.23,-1.20,0,1.071387
2025-06-27 00:00:00+00:00,2417.23,2415.03,-0.09,0,1.076513
2025-06-28 00:00:00+00:00,2415.03,2423.03,0.33,0,1.078408
2025-06-29 00:00:00+00:00,2423.03,2437.13,0.58,0,1.079508
2025-06-30 00:00:00+00:00,2437.13,2502.67,2.69,0,1.088347
2025-07-01 00:00:00+00:00,2502.67,2488.19,-0.58,0,1.074288
2025-07-02 00:00:00+00:00,2488.19,2405.10,-3.34,0,1.060653
2025-07-03 00:00:00+00:00,2405.10,2574.07,7.03,0,1.103766
2025-07-04 00:00:00+00:00,2574.07,2590.13,0.62,0,1.079711
2025-07-05 00:00:00+00:00,2590.13,2509.24,-3.12,0,1.061812
2025-07-06 00:00:00+00:00,2509.24,2517.38,0.32,0,1.078381
2025-07-07 00:00:00+00:00,2517.38,2571.36,2.14,0,1.086135
2025-07-08 00:00:00+00:00,2571.36,2543.63,-1.08,0,1.071942
2025-07-09 00:00:00+00:00,2543.63,2615.78,2.84,0,1.088894
2025-07-10 00:00:00+00:00,2615.78,2772.58,5.99,0,1.100373
2025-07-11 00:00:00+00:00,2772.58,2948.45,6.34,0,1.101656
2025-07-12 00:00:00+00:00,2948.45,2958.85,0.35,0,1.078497
2025-07-13 00:00:00+00:00,2958.85,2942.96,-0.54,0,1.074470
2025-07-14 00:00:00+00:00,2942.96,2974.27,1.06,0,1.081584
2025-07-15 00:00:00+00:00,2974.27,3012.18,1.27,0,1.082506
2025-07-16 00:00:00+00:00,3012.18,3133.07,4.01,0,1.093429
2025-07-17 00:00:00+00:00,3133.07,3368.13,7.50,0,1.105245
2025-07-18 00:00:00+00:00,3368.13,3481.88,3.38,0,1.091052
2025-07-19 00:00:00+00:00,3481.88,3547.32,1.88,0,1.085049
2025-07-20 00:00:00+00:00,3547.32,3594.32,1.32,0,1.082752
2025-07-21 00:00:00+00:00,3594.32,3758.61,4.57,0,1.095515
2025-07-22 00:00:00+00:00,3758.61,3765.45,0.18,0,1.077736
2025-07-23 00:00:00+00:00,3765.45,3746.94,-0.49,0,1.074682
2025-07-24 00:00:00+00:00,3746.94,3630.05,-3.12,0,1.061910
2025-07-25 00:00:00+00:00,3630.05,3708.43,2.16,0,1.086201
2025-07-26 00:00:00+00:00,3708.43,3723.05,0.39,0,1.078681
2025-07-27 00:00:00+00:00,3723.05,3742.43,0.52,0,1.079240
2025-07-28 00:00:00+00:00,3742.43,3864.12,3.25,0,1.090533
2025-07-29 00:00:00+00:00,3864.12,3786.30,-2.01,0,1.067432
2025-07-30 00:00:00+00:00,3786.30,3788.60,0.06,0,1.077195
2025-07-31 00:00:00+00:00,3788.60,3807.42,0.50,0,1.079141
2025-08-01 00:00:00+00:00,3807.42,3696.66,-2.91,0,1.062900
2025-08-02 00:00:00+00:00,3696.66,3483.18,-5.78,0,1.047227
2025-08-03 00:00:00+00:00,3483.18,3397.49,-2.46,0,1.065175
2025-08-04 00:00:00+00:00,3397.49,3497.57,2.95,0,1.089348
2025-08-05 00:00:00+00:00,3497.57,3715.71,6.24,0,1.101273
2025-08-06 00:00:00+00:00,3715.71,3612.44,-2.78,0,1.063623
2025-08-07 00:00:00+00:00,3612.44,3684.05,1.98,0,1.085455
2025-08-08 00:00:00+00:00,3684.05,3911.26,6.17,0,1.101054
2025-08-09 00:00:00+00:00,3911.26,4012.98,2.60,0,1.087991
2025-08-10 00:00:00+00:00,4012.98,4265.56,6.29,0,1.101447
2025-08-11 00:00:00+00:00,4265.56,4253.59,-0.28,0,1.075648
2025-08-12 00:00:00+00:00,4253.59,4228.82,-0.58,0,1.074263
2025-08-13 00:00:00+00:00,4228.82,4606.81,8.94,0,1.109566
2025-08-14 00:00:00+00:00,4606.81,4763.65,3.40,0,1.091111
2025-08-15 00:00:00+00:00,4763.65,4554.29,-4.39,0,1.055082
2025-08-16 00:00:00+00:00,4554.29,4430.53,-2.72,0,1.063934
2025-08-17 00:00:00+00:00,4430.53,4426.83,-0.08,0,1.076543
2025-08-18 00:00:00+00:00,4426.83,4487.12,1.36,0,1.082891
2025-08-19 00:00:00+00:00,4487.12,4317.28,-3.79,0,1.058225
2025-08-20 00:00:00+00:00,4317.28,4074.50,-5.62,0,1.048301
2025-08-21 00:00:00+00:00,4074.50,4330.49,6.28,0,1.101375
2025-08-22 00:00:00+00:00,4330.49,4224.44,-2.45,0,1.065206
2025-08-23 00:00:00+00:00,4224.44,4829.23,14.32,0,1.122624
2025-08-24 00:00:00+00:00,4829.23,4773.88,-1.15,0,1.071607
2025-08-25 00:00:00+00:00,4773.88,4778.11,0.09,0,1.077320
2025-08-26 00:00:00+00:00,4778.11,4381.63,-8.30,0,1.032846
2025-08-27 00:00:00+00:00,4381.63,4602.37,5.04,0,1.097135
2025-08-28 00:00:00+00:00,4602.37,4500.15,-2.22,0,1.066357
2025-08-29 00:00:00+00:00,4500.15,4507.56,0.16,0,1.077664
2025-08-30 00:00:00+00:00,4507.56,4364.36,-3.18,0,1.061616
2025-08-31 00:00:00+00:00,4364.36,4373.36,0.21,0,1.077847
2025-09-01 00:00:00+00:00,4373.36,4388.93,0.36,0,1.078518
2025-09-02 00:00:00+00:00,4388.93,4303.20,-1.95,0,1.067737
2025-09-03 00:00:00+00:00,4303.20,4325.86,0.53,0,1.079266
2025-09-04 00:00:00+00:00,4325.86,4449.87,2.87,0,1.089042
2025-09-05 00:00:00+00:00,4449.87,4298.09,-3.41,0,1.060342
2025-09-06 00:00:00+00:00,4298.09,4306.61,0.20,0,1.077817
2025-09-07 00:00:00+00:00,4306.61,4273.11,-0.78,0,1.073367
2025-09-08 00:00:00+00:00,4273.11,4304.03,0.72,0,1.080140
2025-09-09 00:00:00+00:00,4304.03,4309.69,0.13,0,1.077513
2025-09-10 00:00:00+00:00,4309.69,4309.34,-0.01,0,1.076887
2025-09-11 00:00:00+00:00,4309.34,4347.48,0.88,0,1.080850
2025-09-12 00:00:00+00:00,4347.48,4459.32,2.57,0,1.087878
2025-09-13 00:00:00+00:00,4459.32,4708.84,5.60,0,1.099108
2025-09-14 00:00:00+00:00,4708.84,4667.70,-0.87,0,1.072885
2025-09-15 00:00:00+00:00,4667.70,4609.79,-1.24,0,1.071156
2025-09-16 00:00:00+00:00,4609.79,4524.24,-1.86,0,1.068264
2025-09-17 00:00:00+00:00,4524.24,4504.27,-0.44,0,1.074908
2025-09-18 00:00:00+00:00,4504.27,4591.77,1.94,0,1.085318
2025-09-19 00:00:00+00:00,4591.77,4590.64,-0.02,0,1.076812
2025-09-20 00:00:00+00:00,4590.64,4470.48,-2.62,0,1.064423
2025-09-21 00:00:00+00:00,4470.48,4481.80,0.25,0,1.078056
2025-09-22 00:00:00+00:00,4481.80,4452.87,-0.65,0,1.073970
2025-09-23 00:00:00+00:00,4452.87,4199.95,-5.68,0,1.047952
2025-09-24 00:00:00+00:00,4199.95,4166.19,-0.80,0,1.073250
2025-09-25 00:00:00+00:00,4166.19,4148.66,-0.42,0,1.075008
2025-09-26 00:00:00+00:00,4148.66,3863.06,-6.88,0,1.040745
2025-09-27 00:00:00+00:00,3863.06,4037.10,4.51,0,1.095209
2025-09-28 00:00:00+00:00,4037.10,4018.17,-0.47,0,1.074789
2025-09-29 00:00:00+00:00,4018.17,4141.84,3.08,0,1.089865
2025-09-30 00:00:00+00:00,4141.84,4215.61,1.78,0,1.084622
2025-10-01 00:00:00+00:00,4215.61,4144.23,-1.69,0,1.069043
2025-10-02 00:00:00+00:00,4144.23,4343.95,4.82,0,1.096380
2025-10-03 00:00:00+00:00,4343.95,4484.01,3.22,0,1.090420
2025-10-04 00:00:00+00:00,4484.01,4515.76,0.71,0,1.080046
2025-10-05 00:00:00+00:00,4515.76,4487.71,-0.62,0,1.074087
2025-10-06 00:00:00+00:00,4487.71,4515.32,0.62,0,1.079662
2025-10-07 00:00:00+00:00,4515.32,4689.13,3.85,0,1.092780
2025-10-08 00:00:00+00:00,4689.13,4454.33,-5.01,0,1.051601
2025-10-09 00:00:00+00:00,4454.33,4527.58,1.64,0,1.084075
2025-10-10 00:00:00+00:00,4527.58,4368.65,-3.51,0,1.059874
2025-10-11 00:00:00+00:00,4368.65,3835.63,-12.20,139,1.005771
2025-10-12 00:00:00+00:00,3835.63,3749.22,-2.25,0,1.066241
2025-10-13 00:00:00+00:00,3749.22,4159.73,10.95,0,1.115064
2025-10-14 00:00:00+00:00,4159.73,4246.22,2.08,0,1.085897
2025-10-15 00:00:00+00:00,4246.22,4128.89,-2.76,0,1.063703
2025-10-16 00:00:00+00:00,4128.89,3983.15,-3.53,0,1.059680
2025-10-17 00:00:00+00:00,3983.15,3890.20,-2.33,0,1.065827
2025-10-18 00:00:00+00:00,3890.20,3831.24,-1.52,0,1.069866
2025-10-19 00:00:00+00:00,3831.24,3889.50,1.52,0,1.083577
2025-10-20 00:00:00+00:00,3889.50,3985.08,2.46,0,1.087407
2025-10-21 00:00:00+00:00,3985.08,3978.79,-0.16,0,1.076213
2025-10-22 00:00:00+00:00,3978.79,3877.49,-2.55,0,1.064765
2025-10-23 00:00:00+00:00,3877.49,3801.79,-1.95,0,1.067758
2025-10-24 00:00:00+00:00,3801.79,3855.84,1.42,0,1.083115
2025-10-25 00:00:00+00:00,3855.84,3933.23,2.01,0,1.085582
2025-10-26 00:00:00+00:00,3933.23,3952.21,0.48,0,1.079072
2025-10-27 00:00:00+00:00,3952.21,4161.59,5.30,0,1.098103
2025-10-28 00:00:00+00:00,4161.59,4123.21,-0.92,0,1.072667
2025-10-29 00:00:00+00:00,4123.21,3982.31,-3.42,0,1.060383
2025-10-30 00:00:00+00:00,3982.31,3897.36,-2.13,0,1.066917
2025-10-31 00:00:00+00:00,3897.36,3802.30,-2.44,0,1.065421
2025-11-01 00:00:00+00:00,3802.30,3847.30,1.18,0,1.082101
2025-11-02 00:00:00+00:00,3847.30,3872.21,0.65,0,1.079811
2025-11-03 00:00:00+00:00,3872.21,3910.09,0.98,0,1.081229
2025-11-04 00:00:00+00:00,3910.09,3600.72,-7.91,0,1.034852
2025-11-05 00:00:00+00:00,3600.72,3296.74,-8.44,0,1.031191
2025-11-06 00:00:00+00:00,3296.74,3427.69,3.97,0,1.093274
2025-11-07 00:00:00+00:00,3427.69,3308.92,-3.47,0,1.059871
2025-11-08 00:00:00+00:00,3308.92,3434.35,3.79,0,1.092524
2025-11-09 00:00:00+00:00,3434.35,3401.46,-0.96,0,1.072507
2025-11-10 00:00:00+00:00,3401.46,3576.25,5.14,0,1.097481
2025-11-11 00:00:00+00:00,3576.25,3564.61,-0.33,0,1.075448
2025-11-12 00:00:00+00:00,3564.61,3416.78,-4.15,0,1.056448
2025-11-13 00:00:00+00:00,3416.78,3409.61,-0.21,0,1.075971
2025-11-14 00:00:00+00:00,3409.61,3235.73,-5.10,0,1.051518
2025-11-15 00:00:00+00:00,3235.73,3106.60,-3.99,0,1.057382
2025-11-16 00:00:00+00:00,3106.60,3170.11,2.04,0,1.085756
2025-11-17 00:00:00+00:00,3170.11,3101.69,-2.16,0,1.066758
2025-11-18 00:00:00+00:00,3101.69,3021.30,-2.59,0,1.064558
2025-11-19 00:00:00+00:00,3021.30,3117.22,3.17,0,1.090239
2025-11-20 00:00:00+00:00,3117.22,3017.75,-3.19,0,1.061658
2025-11-21 00:00:00+00:00,3017.75,2832.07,-6.15,0,1.045188
2025-11-22 00:00:00+00:00,2832.07,2764.74,-2.38,0,1.065674
2025-11-23 00:00:00+00:00,2764.74,2768.62,0.14,0,1.077555
2025-11-24 00:00:00+00:00,2768.62,2799.81,1.13,0,1.081869
2025-11-25 00:00:00+00:00,2799.81,2953.33,5.48,0,1.098642
2025-11-26 00:00:00+00:00,2953.33,2955.05,0.06,0,1.077186
2025-11-27 00:00:00+00:00,2955.05,3027.48,2.45,0,1.087333
2025-11-28 00:00:00+00:00,3027.48,3015.61,-0.39,0,1.075135
2025-11-29 00:00:00+00:00,3015.61,3033.14,0.58,0,1.079524
2025-11-30 00:00:00+00:00,3033.14,2991.23,-1.38,0,1.070453
2025-12-01 00:00:00+00:00,2991.23,2992.83,0.05,0,1.077164
2025-12-02 00:00:00+00:00,2992.83,2799.04,-6.48,0,1.043410
2025-12-03 00:00:00+00:00,2799.04,2995.75,7.03,0,1.103822
2025-12-04 00:00:00+00:00,2995.75,3195.41,6.66,0,1.102615
2025-12-05 00:00:00+00:00,3195.41,3133.70,-1.93,0,1.067824
2025-12-06 00:00:00+00:00,3133.70,3022.66,-3.54,0,1.059648
2025-12-07 00:00:00+00:00,3022.66,3039.36,0.55,0,1.079384
2025-12-08 00:00:00+00:00,3039.36,3052.98,0.45,0,1.078926
2025-12-09 00:00:00+00:00,3052.98,3125.32,2.37,0,1.087084
2025-12-10 00:00:00+00:00,3125.32,3322.47,6.31,0,1.101470
2025-12-11 00:00:00+00:00,3322.47,3326.26,0.11,0,1.077433
2025-12-12 00:00:00+00:00,3326.26,3236.10,-2.71,0,1.064103
2025-12-13 00:00:00+00:00,3236.10,3085.32,-4.66,0,1.053597
2025-12-14 00:00:00+00:00,3085.32,3115.23,0.97,0,1.081210
2025-12-15 00:00:00+00:00,3115.23,3065.49,-1.60,0,1.069520
2025-12-16 00:00:00+00:00,3065.49,2964.49,-3.29,0,1.060818
2025-12-17 00:00:00+00:00,2964.49,2964.26,-0.01,0,1.076889
2025-12-18 00:00:00+00:00,2964.26,2827.80,-4.60,0,1.053879
2025-12-19 00:00:00+00:00,2827.80,2826.59,-0.04,0,1.076730
2025-12-20 00:00:00+00:00,2826.59,2976.80,5.31,0,1.098104
2025-12-21 00:00:00+00:00,2976.80,2977.16,0.01,0,1.076979
2025-12-22 00:00:00+00:00,2977.16,3001.60,0.82,0,1.080538
2025-12-23 00:00:00+00:00,3001.60,3005.79,0.14,0,1.077550
2025-12-24 00:00:00+00:00,3005.79,2965.19,-1.35,0,1.070628
2025-12-25 00:00:00+00:00,2965.19,2945.99,-0.65,0,1.073970
2025-12-26 00:00:00+00:00,2945.99,2904.25,-1.42,0,1.070318
2025-12-27 00:00:00+00:00,2904.25,2926.70,0.77,0,1.080364
2025-12-28 00:00:00+00:00,2926.70,2948.86,0.76,0,1.080271
2025-12-29 00:00:00+00:00,2948.86,2947.86,-0.03,0,1.076769
2025-12-30 00:00:00+00:00,2947.86,2934.22,-0.46,0,1.074799
2025-12-31 00:00:00+00:00,2934.22,2970.06,1.22,0,1.082276
2026-01-01 00:00:00+00:00,2970.06,2966.77,-0.11,0,1.076422
2026-01-02 00:00:00+00:00,2966.77,3000.42,1.13,0,1.081906
2026-01-03 00:00:00+00:00,3000.42,3121.90,4.05,0,1.093548
2026-01-04 00:00:00+00:00,3121.90,3126.04,0.13,0,1.077521
2026-01-05 00:00:00+00:00,3126.04,3139.06,0.42,0,1.078781
